Frame,root_translateX,root_translateY,root_translateZ,root_rotateX,root_rotateY,root_rotateZ,left_hip_pitch_joint_dof,left_hip_roll_joint_dof,left_hip_yaw_joint_dof,left_knee_joint_dof,left_ankle_pitch_joint_dof,left_ankle_roll_joint_dof,right_hip_pitch_joint_dof,right_hip_roll_joint_dof,right_hip_yaw_joint_dof,right_knee_joint_dof,right_ankle_pitch_joint_dof,right_ankle_roll_joint_dof,waist_yaw_joint_dof,waist_roll_joint_dof,waist_pitch_joint_dof,left_shoulder_pitch_joint_dof,left_shoulder_roll_joint_dof,left_shoulder_yaw_joint_dof,left_elbow_joint_dof,left_wrist_roll_joint_dof,left_wrist_pitch_joint_dof,left_wrist_yaw_joint_dof,right_shoulder_pitch_joint_dof,right_shoulder_roll_joint_dof,right_shoulder_yaw_joint_dof,right_elbow_joint_dof,right_wrist_roll_joint_dof,right_wrist_pitch_joint_dof,right_wrist_yaw_joint_dof
0,-0.050092243,6.931228161,2.721367121,-17.55031357,-83.175557,-71.97841011,-12.411532,16.799118,24.405571,15.034292,27.477016,-15.000033,-13.959391,-19.946852,-26.077242,21.85505,20.737215,6.291989,-1.4103477,-3.5364304,-1.7041683,8.43036,26.291782,-24.71134,69.59222,16.934286,11.349617,1.8604316,8.026969,-18.912235,8.212541,75.32063,-52.389732,3.8589888,11.485919
1,-0.048137717,6.932711601,2.719755888,-17.52449192,-83.18166304,-72.01092336,-12.407854,16.81232,24.428614,15.053927,27.438847,-15.000033,-13.9515505,-19.936897,-26.077532,21.84918,20.744484,6.2917366,-1.4170755,-3.533038,-1.7019173,8.469458,26.316256,-24.68534,69.54908,16.999537,11.363144,1.8267882,8.018713,-18.899471,8.134629,75.339775,-52.610878,3.8281965,11.499724
2,-0.05114501,6.930528641,2.723093033,-17.50724988,-83.18779443,-72.03543854,-12.405847,16.827255,24.452557,15.078453,27.3967,-15.000033,-13.943309,-19.925776,-26.077528,21.843048,20.751953,6.291655,-1.4255085,-3.5243719,-1.7061645,8.495894,26.32662,-24.666557,69.52977,17.065535,11.376541,1.7952534,8.009244,-18.891598,8.062865,75.36585,-52.836464,3.796241,11.514545
3,-0.052259203,6.930500031,2.725081444,-17.48226524,-83.1935517,-72.06721725,-12.400855,16.839115,24.474398,15.09316,27.362982,-15.000033,-13.934815,-19.915567,-26.07859,21.834927,20.760494,6.29108,-1.4220701,-3.5173578,-1.7014866,8.512651,26.338118,-24.650814,69.50754,17.13031,11.388779,1.766463,8.010447,-18.880318,7.968488,75.37644,-53.056126,3.7660248,11.527006
4,-0.051759388,6.930737019,2.724787712,-17.44563964,-83.19783322,-72.10840595,-12.402148,16.849192,24.487238,15.113536,27.33313,-15.000033,-13.932516,-19.910686,-26.080221,21.8348,20.764297,6.2891197,-1.410987,-3.5150883,-1.696368,8.517719,26.349308,-24.646818,69.49215,17.172102,11.399507,1.7458862,8.023264,-18.867907,7.882453,75.37091,-53.222813,3.745027,11.534785
5,-0.0509766,6.932441711,2.724306345,-17.3882801,-83.19935907,-72.16691197,-12.403096,16.853981,24.492548,15.121213,27.318129,-15.000033,-13.935292,-19.909523,-26.084185,21.83496,20.76789,6.2842937,-1.4083681,-3.5148528,-1.7007967,8.52244,26.355726,-24.645752,69.48822,17.17728,11.407102,1.7382023,8.024795,-18.860062,7.838888,75.37286,-53.303837,3.7327344,11.535221
6,-0.05296598,6.933531284,2.72359252,-17.31974866,-83.19910544,-72.23565372,-12.405316,16.855768,24.49198,15.123225,27.312094,-15.000033,-13.941713,-19.911097,-26.089687,21.836617,20.770254,6.2774425,-1.4075722,-3.516377,-1.7069423,8.524996,26.35891,-24.644796,69.48789,17.16069,11.412883,1.7394226,8.025196,-18.855982,7.815243,75.36993,-53.330578,3.727204,11.530664
7,-0.052556768,6.932196617,2.721495867,-17.25287427,-83.19833386,-72.30080027,-12.407402,16.853325,24.485308,15.12051,27.314596,-15.000033,-13.949588,-19.916582,-26.095741,21.841425,20.771223,6.271454,-1.4018477,-3.5205057,-1.7091181,8.524766,26.3633,-24.645947,69.48357,17.140688,11.417409,1.7431566,8.028876,-18.850712,7.788687,75.36164,-53.338284,3.725396,11.52452
8,-0.054323573,6.929382801,2.720451593,-17.22372509,-83.19740693,-72.32507752,-12.405306,16.844416,24.47323,15.109838,27.327406,-15.000033,-13.954641,-19.926893,-26.102007,21.848238,20.771175,6.2693152,-1.3933501,-3.5277672,-1.7095875,8.520708,26.369957,-24.653147,69.48026,17.128546,11.419061,1.7423551,8.035082,-18.843237,7.7649803,75.35625,-53.345673,3.724545,11.520934
9,-0.056233983,6.928111553,2.723516226,-17.23111656,-83.19719454,-72.31123541,-12.402671,16.830383,24.44842,15.09686,27.352936,-15.000033,-13.95444,-19.94081,-26.110296,21.855877,20.770916,6.271999,-1.3912481,-3.5322278,-1.7094117,8.519221,26.371504,-24.655895,69.477234,17.131718,11.416431,1.7365232,8.036921,-18.841652,7.7626734,75.36052,-53.346382,3.7240498,11.522782
10,-0.059451908,6.92963028,2.726244926,-17.28959428,-83.1966842,-72.23506337,-12.387094,16.795687,24.417496,15.055479,27.402029,-15.000033,-13.956268,-19.971914,-26.115553,21.877522,20.76399,6.2804356,-1.3837092,-3.548634,-1.7079357,8.51038,26.375938,-24.671066,69.47602,17.139458,11.410457,1.7255119,8.042023,-18.837746,7.7619333,75.370186,-53.33648,3.725322,11.52625
11,-0.058529332,6.930690765,2.728331804,-17.34865841,-83.1955597,-72.16420799,-12.378509,16.77006,24.385496,15.027689,27.444635,-15.000033,-13.95481,-19.995153,-26.123613,21.891102,20.760675,6.288354,-1.3785257,-3.558849,-1.7057822,8.503624,26.378517,-24.681044,69.474464,17.148947,11.404354,1.7165853,8.045513,-18.835821,7.7654414,75.37825,-53.324867,3.7281458,11.529687
12,-0.055425953,6.930968761,2.725907564,-17.38345917,-83.19358442,-72.11993868,-12.371829,16.750597,24.367252,15.005137,27.474882,-15.000033,-13.956133,-20.013538,-26.1295,21.90151,20.758932,6.2945666,-1.3751677,-3.5680764,-1.7085918,8.498431,26.381607,-24.693653,69.47604,17.149258,11.401778,1.7113926,8.04916,-18.833479,7.7701874,75.3828,-53.316753,3.7323067,11.53082
13,-0.054207943,6.931298256,2.725188732,-17.37056229,-83.18999426,-72.13170906,-12.373162,16.746723,24.365862,14.998352,27.485556,-15.000033,-13.959203,-20.018612,-26.135313,21.900703,20.76198,6.2969847,-1.376584,-3.5698626,-1.7160586,8.498709,26.38348,-24.69896,69.47877,17.140583,11.404605,1.7129239,8.05137,-18.831684,7.7702875,75.37963,-53.32114,3.7388825,11.527537
14,-0.054902911,6.930342197,2.725618124,-17.33405912,-83.1847737,-72.17202032,-12.386905,16.756195,24.372229,15.015765,27.476904,-15.000033,-13.965054,-20.015692,-26.14127,21.896425,20.766014,6.297376,-1.3783323,-3.568316,-1.726076,8.502866,26.387608,-24.703144,69.47885,17.12615,11.411085,1.7188836,8.055921,-18.826628,7.7635117,75.36883,-53.33505,3.7496843,11.520817
15,-0.055714685,6.927651405,2.727368593,-17.2975491,-83.17994696,-72.21456239,-12.3999195,16.76898,24.38323,15.034202,27.46256,-15.000033,-13.968615,-20.008577,-26.148088,21.88747,20.772577,6.2972546,-1.3806522,-3.5646067,-1.7328782,8.508869,26.391764,-24.702444,69.475845,17.115734,11.41845,1.7263061,8.060796,-18.820837,7.754275,75.353714,-53.35135,3.7593424,11.514704
16,-0.055666037,6.928976059,2.729048252,-17.27640907,-83.17736094,-72.24113799,-12.406941,16.778452,24.393446,15.046302,27.447454,-15.000033,-13.96869,-20.003235,-26.155266,21.880482,20.77863,6.298454,-1.3813529,-3.5622642,-1.7348546,8.51382,26.395498,-24.702751,69.47121,17.113253,11.423684,1.732038,8.06457,-18.815779,7.7487392,75.34165,-53.360733,3.7639344,11.512688
17,-0.05314194,6.930164814,2.731168747,-17.27532331,-83.178588,-72.24728061,-12.406883,16.785606,24.404284,15.054634,27.424675,-15.000033,-13.962398,-20.000063,-26.165993,21.876204,20.78397,6.3026953,-1.3794798,-3.5601938,-1.7308065,8.515833,26.398617,-24.707596,69.46771,17.120872,11.424946,1.7363782,8.066764,-18.812521,7.7524667,75.33505,-53.356194,3.7594976,11.517905
18,-0.053978607,6.927148342,2.731781006,-17.28569116,-83.18130746,-72.24089224,-12.401392,16.79061,24.418802,15.058019,27.39611,-15.000033,-13.953696,-19.998533,-26.177942,21.873833,20.788933,6.309004,-1.3766822,-3.5575604,-1.7222872,8.516793,26.399845,-24.711998,69.46339,17.136665,11.423875,1.7402118,8.067599,-18.811754,7.7577763,75.33026,-53.34827,3.748814,11.527215
19,-0.05242949,6.929633141,2.731161118,-17.30190633,-83.18562158,-72.22962003,-12.396416,16.79718,24.428251,15.064828,27.368855,-15.000033,-13.942638,-19.994352,-26.188358,21.869665,20.794876,6.313476,-1.3737712,-3.5554938,-1.7162738,8.51677,26.40233,-24.724403,69.46279,17.147839,11.423627,1.7434323,8.068792,-18.811398,7.7747116,75.32905,-53.32659,3.7380316,11.538177
20,-0.052732021,6.928226471,2.729685307,-17.31086926,-83.18651738,-72.22126115,-12.393699,16.796257,24.429022,15.063339,27.360916,-15.000033,-13.940427,-19.993765,-26.188787,21.870651,20.79827,6.3133163,-1.3743109,-3.5560017,-1.7137431,8.518226,26.40452,-24.7315,69.4613,17.156233,11.424399,1.7436271,8.068296,-18.81163,7.7837863,75.32917,-53.31488,3.730329,11.545121
21,-0.052892063,6.92801857,2.728486776,-17.32163614,-83.18340203,-72.20654378,-12.396402,16.788212,24.41279,15.056163,27.381044,-15.000033,-13.949283,-19.99695,-26.177876,21.878557,20.798517,6.302724,-1.3784262,-3.5594523,-1.7152262,8.520267,26.4056,-24.734154,69.45986,17.159119,11.4276,1.7394187,8.066985,-18.81169,7.785322,75.32947,-53.308918,3.727967,11.547696
22,-0.054183356,6.93024826,2.727066755,-17.31701378,-83.17764503,-72.20015191,-12.3973,16.767475,24.388077,15.033553,27.42518,-15.000033,-13.969567,-20.008957,-26.155378,21.897282,20.79409,6.2859263,-1.3840859,-3.5698667,-1.7205621,8.523778,26.4067,-24.735254,69.45637,17.159477,11.433765,1.7317898,8.064053,-18.811426,7.780805,75.33271,-53.306858,3.7281775,11.547957
23,-0.052898604,6.929821014,2.728589535,-17.32381122,-83.17232224,-72.18588636,-12.403314,16.754278,24.360132,15.022425,27.463852,-15.000033,-13.984969,-20.011782,-26.131905,21.906689,20.79336,6.2711864,-1.3902551,-3.5759072,-1.7248437,8.525545,26.407284,-24.734615,69.45589,17.158749,11.438273,1.7250104,8.062541,-18.811045,7.7744837,75.33408,-53.308136,3.7299657,11.546164
24,-0.052953303,6.928342819,2.731018305,-17.32526479,-83.16716684,-72.17744367,-12.405085,16.740078,24.346855,15.007805,27.488043,-15.000033,-13.99931,-20.012152,-26.103836,21.912481,20.79385,6.270157,-1.3929849,-3.5821033,-1.7285911,8.528845,26.408224,-24.733122,69.4502,17.161392,11.442449,1.72036,8.062818,-18.81005,7.7593575,75.33536,-53.322277,3.728933,11.543412
25,-0.0521622,6.927302361,2.733319283,-17.34380354,-83.16527096,-72.15979224,-12.408067,16.73991,24.350615,15.011322,27.478127,-15.000033,-13.998994,-19.996931,-26.078112,21.89877,20.8028,6.2898126,-1.3976954,-3.5809968,-1.7324141,8.530928,26.408445,-24.732634,69.45041,17.161045,11.442132,1.7210194,8.064414,-18.809668,7.752966,75.33732,-53.33793,3.725853,11.538962
26,-0.050376181,6.928525925,2.732601643,-17.36337114,-83.16377862,-72.14720009,-12.411209,16.74925,24.365772,15.021076,27.450514,-15.000033,-13.988254,-19.96696,-26.052713,21.863663,20.822002,6.322949,-1.4002029,-3.5733194,-1.7377237,8.536462,26.408762,-24.731462,69.448555,17.16119,11.439773,1.7253631,8.068964,-18.808764,7.736081,75.340225,-53.370716,3.719999,11.5311985
27,-0.051155865,6.92893362,2.734582424,-17.38215814,-83.16298475,-72.13529295,-12.416809,16.758831,24.379496,15.036804,27.417006,-15.000033,-13.9792385,-19.936792,-26.024103,21.832518,20.837141,6.3569403,-1.3989786,-3.565533,-1.7403355,8.538834,26.409101,-24.731586,69.44623,17.162348,11.43697,1.7295866,8.074419,-18.807253,7.7166986,75.34177,-53.400856,3.7143772,11.524836
28,-0.052233011,6.926027775,2.737957716,-17.38842981,-83.16238256,-72.14218253,-12.432517,16.77482,24.376171,15.067514,27.385698,-15.000033,-13.971704,-19.900064,-25.996473,21.800957,20.84873,6.376671,-1.3881257,-3.5528808,-1.7384826,8.536216,26.409609,-24.735874,69.44018,17.16696,11.436796,1.7314829,8.086646,-18.805473,7.693267,75.33444,-53.42754,3.7119007,11.521162
29,-0.053018332,6.928274632,2.739004135,-17.36173299,-83.16228818,-72.17363653,-12.439224,16.775398,24.360947,15.072637,27.381353,-15.000033,-13.975342,-19.87248,-25.959915,21.784132,20.848309,6.378841,-1.3703687,-3.547469,-1.7354788,8.525682,26.410196,-24.747532,69.43776,17.172043,11.4385395,1.7284098,8.098662,-18.804007,7.6857553,75.32614,-53.430008,3.7137492,11.523966
30,-0.053269129,6.927975178,2.739823103,-17.30591283,-83.16324723,-72.23419871,-12.444126,16.770725,24.337084,15.070236,27.387909,-15.000033,-13.984757,-19.846268,-25.918081,21.773687,20.841072,6.370473,-1.3521546,-3.5445015,-1.7341212,8.515457,26.410576,-24.760376,69.436516,17.177261,11.441481,1.7230282,8.103052,-18.803762,7.696716,75.32626,-53.4153,3.71898,11.530026
31,-0.052406222,6.930182934,2.738164186,-17.26534289,-83.16332194,-72.27827884,-12.44927,16.763348,24.307997,15.065959,27.397516,-15.000033,-13.995014,-19.821524,-25.875828,21.765627,20.831985,6.359091,-1.3375118,-3.5413203,-1.7333034,8.508901,26.410715,-24.768642,69.43265,17.180502,11.445144,1.7176192,8.104241,-18.80421,7.7131095,75.3286,-53.39675,3.723529,11.536299
32,-0.047929067,6.930428505,2.735265255,-17.2450018,-83.16189116,-72.30102814,-12.456649,16.75506,24.27769,15.063071,27.40413,-15.000033,-14.003291,-19.798805,-25.83767,21.757105,20.826307,6.3519764,-1.3310533,-3.5389187,-1.7381625,8.503399,26.41049,-24.773443,69.43571,17.175508,11.447319,1.7140025,8.103612,-18.80509,7.7307124,75.335724,-53.380993,3.7251945,11.538669
33,-0.048113044,6.929792404,2.736620188,-17.2637112,-83.15882606,-72.28553052,-12.46367,16.744633,24.247515,15.058056,27.407938,-15.000033,-14.007112,-19.778238,-25.804821,21.746367,20.825296,6.350844,-1.3314499,-3.5366657,-1.7448393,8.5007515,26.410301,-24.771103,69.43873,17.160685,11.449758,1.7143726,8.105545,-18.805336,7.7345476,75.341446,-53.3797,3.721246,11.536396
34,-0.046171516,6.928952694,2.73659873,-17.31269026,-83.15399174,-72.23912652,-12.474785,16.734327,24.213772,15.057706,27.40826,-15.000033,-14.009365,-19.758722,-25.775234,21.736004,20.825846,6.3517714,-1.3387089,-3.5343566,-1.7520485,8.500001,26.409706,-24.758768,69.442406,17.141739,11.451853,1.7167783,8.109505,-18.805649,7.733641,75.34377,-53.385963,3.7142427,11.531172
35,-0.049396209,6.93068409,2.73914957,-17.3666345,-83.1487254,-72.18620228,-12.487948,16.722233,24.17757,15.061127,27.405867,-15.000033,-14.012729,-19.742743,-25.746584,21.729471,20.826141,6.354364,-1.3454949,-3.533194,-1.760207,8.499056,26.409254,-24.748869,69.44662,17.121712,11.453783,1.7191283,8.1138,-18.805565,7.7276816,75.34699,-53.393394,3.707284,11.524159
36,-0.051616143,6.929139137,2.741829634,-17.40277401,-83.14415533,-72.15080583,-12.494472,16.705723,24.141296,15.051014,27.41142,-15.000033,-14.01452,-19.728014,-25.719566,21.71917,20.830568,6.357739,-1.3500676,-3.5327315,-1.7659584,8.498868,26.408894,-24.74037,69.44837,17.113047,11.454059,1.7189602,8.117082,-18.805313,7.720807,75.34848,-53.397526,3.7042236,11.516774
37,-0.05406379,6.928299427,2.743985176,-17.42164863,-83.13909722,-72.13136037,-12.508634,16.690552,24.099812,15.053422,27.410164,-15.000033,-14.019901,-19.715208,-25.692724,21.713184,20.83448,6.3623486,-1.3536019,-3.5307508,-1.7686831,8.502598,26.408447,-24.730377,69.442726,17.12171,11.451119,1.7141596,8.123058,-18.804766,7.710175,75.342606,-53.399525,3.7059,11.506922
38,-0.053505152,6.928866386,2.743134022,-17.43319272,-83.13518583,-72.11770614,-12.517836,16.671465,24.058237,15.04848,27.411917,-15.000033,-14.023505,-19.704138,-25.666058,21.706293,20.840591,6.368906,-1.356331,-3.5309231,-1.7733387,8.504881,26.408257,-24.72758,69.441986,17.132181,11.446538,1.7076405,8.124362,-18.804499,7.7056866,75.34264,-53.391197,3.710915,11.496171
39,-0.051027078,6.931213856,2.743743658,-17.43445908,-83.1295084,-72.11412055,-12.527995,16.650024,24.013866,15.03914,27.418722,-15.000033,-14.029467,-19.696213,-25.642784,21.699903,20.848515,6.375141,-1.3572866,-3.530343,-1.7775292,8.509858,26.407387,-24.721006,69.43603,17.152582,11.441441,1.6993908,8.12804,-18.802977,7.6921144,75.340164,-53.388,3.7168486,11.484112
40,-0.051293634,6.929325104,2.746006012,-17.41924693,-83.1260418,-72.12488085,-12.5345955,16.627453,23.970041,15.027604,27.431385,-15.000033,-14.036647,-19.692677,-25.622292,21.69832,20.85524,6.378941,-1.3581307,-3.5333815,-1.780042,8.512816,26.406939,-24.718527,69.432106,17.166649,11.440959,1.6955884,8.129598,-18.802158,7.684246,75.337296,-53.39149,3.7214944,11.478975
41,-0.049374677,6.927293777,2.746874571,-17.39015636,-83.12348752,-72.14829656,-12.540377,16.603437,23.920815,15.014408,27.454437,-15.000033,-14.046452,-19.694221,-25.606516,21.701164,20.86158,6.3784337,-1.3591101,-3.5382779,-1.7826089,8.515946,26.40647,-24.717041,69.429085,17.174557,11.445535,1.6950067,8.129819,-18.801273,7.6786313,75.33565,-53.405014,3.722503,11.481172
42,-0.046239626,6.92864275,2.746796131,-17.3403489,-83.11970398,-72.1871413,-12.541924,16.570457,23.869196,14.986934,27.491564,-15.000033,-14.063196,-19.705816,-25.592484,21.713139,20.865751,6.3759704,-1.3610091,-3.54928,-1.786531,8.52195,26.405813,-24.714842,69.421814,17.183783,11.45596,1.6973044,8.128552,-18.799908,7.6693015,75.33398,-53.433456,3.7226527,11.489357
43,-0.049053121,6.929080009,2.748125315,-17.29198754,-83.11784738,-72.22575325,-12.538506,16.53916,23.824072,14.956527,27.529125,-15.000033,-14.076732,-19.71762,-25.581163,21.723213,20.87138,6.373814,-1.3609608,-3.5602465,-1.7872301,8.52608,26.405361,-24.714102,69.41654,17.191618,11.465535,1.7015028,8.126376,-18.79889,7.6624627,75.33183,-53.45826,3.7229345,11.498988
44,-0.050860446,6.927421093,2.748655319,-17.23832436,-83.11856915,-72.27068546,-12.534607,16.513979,23.793736,14.937666,27.550478,-15.000033,-14.088555,-19.729504,-25.569704,21.736498,20.87468,6.3749776,-1.3584068,-3.5701668,-1.7840304,8.530536,26.404818,-24.715984,69.409355,17.198635,11.47358,1.7074229,8.124951,-18.797447,7.657976,75.32645,-53.47245,3.7243085,11.509091
45,-0.051166657,6.926653385,2.750285387,-17.20448618,-83.12264554,-72.3015225,-12.528376,16.502949,23.782297,14.931728,27.551403,-15.000033,-14.089096,-19.731552,-25.561964,21.738747,20.882961,6.3808994,-1.3526804,-3.5739632,-1.7753762,8.531662,26.404564,-24.720741,69.40576,17.2038,11.476288,1.7141198,8.123972,-18.796715,7.6619983,75.317986,-53.465675,3.7287643,11.517871
46,-0.051602878,6.923782825,2.751171112,-17.1578112,-83.13112932,-72.34592797,-12.513488,16.493967,23.788506,14.924569,27.54347,-15.000033,-14.085584,-19.73469,-25.552824,21.741486,20.89139,6.390981,-1.3441384,-3.5799558,-1.7653071,8.529388,26.404457,-24.736403,69.40809,17.19809,11.478152,1.7250268,8.1243,-18.79661,7.6836276,75.30609,-53.43276,3.738658,11.529956
47,-0.046554729,6.922594547,2.748915672,-17.12044167,-83.13868575,-72.38323959,-12.502122,16.491152,23.797607,14.924418,27.52967,-15.000033,-14.079618,-19.735064,-25.54949,21.74106,20.89987,6.4001856,-1.3383212,-3.5819392,-1.7559416,8.529732,26.404394,-24.750433,69.409294,17.196768,11.478649,1.7352471,8.122913,-18.797272,7.706396,75.297035,-53.40284,3.7459915,11.540006
48,-0.045368448,6.924527168,2.749952555,-17.1007031,-83.14185366,-72.40421406,-12.496951,16.488514,23.800219,14.923833,27.52053,-15.000033,-14.075689,-19.737066,-25.553652,21.741514,20.904564,6.4056177,-1.3378086,-3.5826726,-1.7512583,8.532995,26.404287,-24.758831,69.41132,17.203812,11.479265,1.7444474,8.120335,-18.79782,7.719803,75.29342,-53.389023,3.748312,11.545995
49,-0.048995476,6.925143242,2.752517462,-17.09336243,-83.13952229,-72.41171493,-12.497012,16.48387,23.79225,14.916793,27.52182,-15.000033,-14.073731,-19.741436,-25.568165,21.741508,20.905096,6.4054093,-1.3467435,-3.5823183,-1.7596415,8.541131,26.403349,-24.76924,69.4184,17.213364,11.48203,1.7540478,8.113712,-18.798716,7.736356,75.30507,-53.392147,3.7440999,11.54706
50,-0.048781279,6.925883293,2.750807524,-17.0964185,-83.13361094,-72.41011138,-12.5051985,16.481316,23.778366,14.915199,27.523722,-15.000033,-14.073892,-19.747637,-25.590109,21.744179,20.900827,6.401809,-1.3581843,-3.5802658,-1.7672356,8.549766,26.402525,-24.77031,69.42294,17.235395,11.48468,1.7630541,8.108293,-18.7985,7.7346354,75.31661,-53.418514,3.733633,11.544897
51,-0.050362777,6.922893047,2.753170729,-17.10796479,-83.12701832,-72.40105919,-12.512724,16.480255,23.767708,14.912657,27.52501,-15.000033,-14.073698,-19.753656,-25.61435,21.74567,20.89602,6.3969483,-1.3695755,-3.5780916,-1.7723141,8.557603,26.40182,-24.770916,69.42712,17.262917,11.486551,1.7708787,8.105184,-18.798042,7.730084,75.32261,-53.445126,3.7248132,11.540105
52,-0.051174626,6.925532818,2.754949808,-17.11654855,-83.1208379,-72.39603541,-12.5207205,16.483358,23.763779,14.914504,27.51912,-15.000033,-14.072437,-19.75777,-25.6394,21.745106,20.892963,6.3926663,-1.3788711,-3.5728803,-1.77662,8.571184,26.400116,-24.773829,69.42425,17.300968,11.486708,1.7764304,8.099236,-18.796513,7.7197,75.33108,-53.469227,3.7174926,11.532342
53,-0.052184157,6.92466259,2.756522894,-17.11025644,-83.11768071,-72.40544008,-12.523447,16.490095,23.774294,14.918225,27.50344,-15.000033,-14.06994,-19.760735,-25.661953,21.744106,20.890985,6.3901415,-1.387027,-3.5691133,-1.7720659,8.580121,26.399298,-24.780296,69.42314,17.346088,11.481142,1.7774783,8.098498,-18.795698,7.7193494,75.32078,-53.46766,3.7186904,11.520974
54,-0.053247549,6.923707008,2.758970261,-17.10859342,-83.11455459,-72.41414504,-12.526348,16.503363,23.791475,14.925817,27.480509,-15.000033,-14.062901,-19.758617,-25.68897,21.734905,20.893051,6.3876305,-1.3899622,-3.561418,-1.7721009,8.588109,26.397413,-24.804497,69.42579,17.394688,11.473226,1.7766771,8.104877,-18.793825,7.726309,75.3071,-53.446342,3.727004,11.503354
55,-0.051573642,6.925624847,2.759354115,-17.09578779,-83.11258159,-72.430729,-12.529837,16.515636,23.81291,14.93885,27.45365,-15.000033,-14.061855,-19.761211,-25.709356,21.736158,20.890087,6.3852296,-1.3981404,-3.5579236,-1.764028,8.596712,26.396538,-24.8138,69.42421,17.446548,11.46493,1.7732543,8.1040945,-18.79308,7.7303658,75.29054,-53.43232,3.7321723,11.49016
56,-0.054888885,6.924974918,2.75977397,-17.07195634,-83.11183578,-72.45881979,-12.530898,16.5276,23.832579,14.947715,27.433546,-15.000033,-14.061013,-19.76113,-25.724293,21.734394,20.889885,6.381468,-1.4035338,-3.5535452,-1.7597862,8.605142,26.396038,-24.822357,69.42331,17.489481,11.460858,1.7691786,8.1032295,-18.792732,7.73388,75.28001,-53.423286,3.7375002,11.483207
57,-0.051846988,6.928639889,2.755590916,-17.02754032,-83.1130345,-72.51028911,-12.534547,16.54498,23.85,14.965517,27.412807,-15.000033,-14.061044,-19.75563,-25.732393,21.730368,20.891659,6.3744054,-1.4035275,-3.5451193,-1.7631949,8.615037,26.394457,-24.839941,69.42284,17.518774,11.464917,1.7629954,8.097985,-18.791746,7.735661,75.28345,-53.426376,3.7406046,11.489592
58,-0.053392094,6.927421093,2.755515814,-16.96075164,-83.11586563,-72.58213687,-12.533993,16.561604,23.869747,14.976762,27.397886,-15.000033,-14.062874,-19.749004,-25.734095,21.725624,20.895346,6.365492,-1.3993559,-3.5376127,-1.7654856,8.615244,26.390879,-24.85862,69.42993,17.537922,11.4732065,1.7562933,8.084114,-18.789944,7.7232966,75.29895,-53.44653,3.739413,11.504194
59,-0.05258359,6.927598953,2.754496574,-16.89413719,-83.11860842,-72.65190297,-12.536511,16.575642,23.886246,14.993685,27.383598,-15.000033,-14.069048,-19.746096,-25.730085,21.728352,20.894848,6.358109,-1.3960781,-3.5329854,-1.7647489,8.615403,26.387451,-24.866928,69.43373,17.556215,11.481596,1.7495492,8.074512,-18.788311,7.7097745,75.306755,-53.469963,3.737145,11.52024
60,-0.051517908,6.92890358,2.755383253,-16.85851735,-83.11898643,-72.68689855,-12.5341,16.580606,23.897354,14.994138,27.38396,-15.000033,-14.074147,-19.746284,-25.724464,21.729282,20.894545,6.355613,-1.3941035,-3.5326116,-1.7645496,8.615036,26.385899,-24.870043,69.43632,17.569685,11.486636,1.745944,8.070743,-18.787601,7.703613,75.30891,-53.485146,3.7350295,11.528218
61,-0.049870335,6.92980051,2.756972313,-16.85566117,-83.11565439,-72.68205427,-12.527795,16.571115,23.898684,14.97453,27.405539,-15.000033,-14.079829,-19.754417,-25.716114,21.731926,20.891563,6.361614,-1.3898172,-3.5389004,-1.7651244,8.610839,26.38166,-24.87358,69.43859,17.576876,11.489001,1.748666,8.075712,-18.785826,7.6992836,75.30468,-53.48987,3.7332797,11.522939
62,-0.04703439,6.93257761,2.757007122,-16.88558484,-83.11021082,-72.64329719,-12.523412,16.55781,23.890596,14.9529,27.436382,-15.000033,-14.083897,-19.763233,-25.706118,21.732422,20.888292,6.372641,-1.3860431,-3.5472188,-1.766718,8.606512,26.38092,-24.873505,69.439476,17.577,11.488848,1.7539922,8.082309,-18.785538,7.7012677,75.29994,-53.488113,3.730868,11.511584
63,-0.051910918,6.933168411,2.760661125,-16.91156249,-83.10398294,-72.60129258,-12.506171,16.530466,23.887922,14.902742,27.481754,-15.000033,-14.092012,-19.779747,-25.691017,21.737915,20.883217,6.384888,-1.38386,-3.5635586,-1.7704046,8.598762,26.378584,-24.870808,69.44489,17.57254,11.487178,1.7604746,8.10003,-18.784594,7.7117543,75.28498,-53.47832,3.729199,11.49716
64,-0.051261507,6.932019234,2.762696981,-16.9175799,-83.10125851,-72.59069844,-12.506614,16.525013,23.884169,14.897968,27.495714,-15.000033,-14.096671,-19.782806,-25.68122,21.74088,20.878641,6.3899927,-1.3789989,-3.5681176,-1.7730315,8.594654,26.376211,-24.867437,69.447014,17.565321,11.484298,1.7640103,8.1071615,-18.78379,7.7174363,75.27998,-53.47446,3.7292345,11.49116
65,-0.052794565,6.931376457,2.761859655,-16.88807639,-83.1024602,-72.62294272,-12.5080595,16.531929,23.892109,14.906846,27.49015,-15.000033,-14.098086,-19.775234,-25.675865,21.737617,20.877972,6.3854876,-1.3726203,-3.5668988,-1.7752503,8.58821,26.374662,-24.860462,69.45637,17.55657,11.476983,1.7643524,8.114014,-18.78352,7.724281,75.272995,-53.47228,3.7327669,11.493119
66,-0.055183917,6.931245327,2.764206886,-16.83655281,-83.10674189,-72.68496059,-12.519279,16.554499,23.902378,14.944438,27.462143,-15.000033,-14.096003,-19.75681,-25.675283,21.730137,20.878904,6.374418,-1.3629055,-3.5562482,-1.7757853,8.583725,26.37309,-24.851158,69.46207,17.545149,11.467598,1.7612302,8.114793,-18.78349,7.7289605,75.27158,-53.473774,3.736283,11.501503
67,-0.053650938,6.931324482,2.765362263,-16.79714273,-83.11073067,-72.74032693,-12.53683,16.583664,23.907581,14.99287,27.4287,-15.000033,-14.09021,-19.73094,-25.676348,21.716085,20.883219,6.362384,-1.357221,-3.5400445,-1.7755544,8.582021,26.369558,-24.833181,69.46585,17.534096,11.458531,1.7585813,8.110367,-18.78409,7.732773,75.27391,-53.477036,3.7405827,11.5106735
68,-0.047431052,6.930171013,2.761187315,-16.78034295,-83.11170751,-72.76424151,-12.544713,16.595001,23.90765,15.011276,27.417004,-15.000033,-14.0889015,-19.715014,-25.667786,21.70835,20.885754,6.3570366,-1.3567848,-3.5310757,-1.7780024,8.582444,26.366644,-24.816174,69.46736,17.51993,11.453494,1.7590847,8.106633,-18.784605,7.731571,75.27827,-53.480324,3.744123,11.516611
69,-0.049629841,6.930036068,2.763224363,-16.8191322,-83.10852776,-72.72574063,-12.547805,16.590574,23.895918,15.006191,27.427818,-15.000033,-14.090608,-19.706993,-25.648191,21.70578,20.88732,6.36157,-1.3603146,-3.5297399,-1.7857748,8.582684,26.365778,-24.808022,69.4684,17.497044,11.454531,1.7637978,8.106156,-18.784634,7.727727,75.28569,-53.47672,3.749655,11.518213
70,-0.051220953,6.93242979,2.767751455,-16.88862146,-83.10135606,-72.65239042,-12.545999,16.573702,23.878164,14.978532,27.456467,-15.000033,-14.095124,-19.703856,-25.620453,21.704561,20.889498,6.3721733,-1.3716851,-3.532193,-1.7929909,8.58724,26.363256,-24.786263,69.464226,17.470577,11.4585705,1.7735913,8.105378,-18.784079,7.713519,75.29173,-53.47711,3.7554667,11.517973
71,-0.049621195,6.931702614,2.768097401,-16.95503055,-83.09400087,-72.57856207,-12.538891,16.549952,23.858612,14.937446,27.493038,-15.000033,-14.100017,-19.703157,-25.591015,21.70322,20.892282,6.3832083,-1.3845391,-3.537065,-1.7986053,8.59324,26.360628,-24.761797,69.457565,17.45215,11.463497,1.7822509,8.105318,-18.782907,7.694051,75.29611,-53.48422,3.76019,11.515734
72,-0.049630534,6.932257652,2.768144608,-17.00785154,-83.08747457,-72.52028929,-12.540136,16.53157,23.83714,14.916625,27.514362,-15.000033,-14.107681,-19.702608,-25.566519,21.707762,20.890997,6.388595,-1.3960083,-3.5406663,-1.8043666,8.598979,26.35834,-24.742407,69.45167,17.442131,11.466824,1.7856998,8.105715,-18.781435,7.67505,75.29992,-53.500042,3.7618613,11.512095
73,-0.051740807,6.928759575,2.768096447,-17.04225895,-83.08120297,-72.48211679,-12.5437765,16.51686,23.816652,14.901884,27.526495,-15.000033,-14.114317,-19.698704,-25.550451,21.708216,20.890423,6.3857384,-1.4081601,-3.5411553,-1.8120593,8.605539,26.356564,-24.725822,69.44897,17.44456,11.466116,1.7801677,8.105274,-18.77984,7.6529055,75.30535,-53.532467,3.7578251,11.505385
74,-0.049492337,6.92883873,2.769300461,-17.07201143,-83.07460589,-72.45142353,-12.552331,16.505123,23.79369,14.896198,27.53068,-15.000033,-14.121547,-19.692886,-25.539461,21.708057,20.88963,6.3775973,-1.4178339,-3.5383065,-1.8135257,8.614883,26.353405,-24.701334,69.43797,17.465229,11.464297,1.7694927,8.1061945,-18.775867,7.605708,75.305664,-53.5925,3.749399,11.495374
75,-0.049084343,6.92761755,2.767336369,-17.08570323,-83.06891981,-72.43777303,-12.562576,16.494946,23.768368,14.894682,27.532238,-15.000033,-14.128001,-19.686308,-25.531326,21.707443,20.888836,6.3681793,-1.4170862,-3.5359163,-1.8117819,8.611493,26.349821,-24.688345,69.43472,17.489214,11.462046,1.7590431,8.116449,-18.769453,7.5511527,75.29769,-53.653503,3.7403338,11.486055
76,-0.051422324,6.928572655,2.771027088,-17.10009032,-83.06485443,-72.42174952,-12.5699415,16.484022,23.742142,14.891362,27.537174,-15.000033,-14.132384,-19.681234,-25.522846,21.706497,20.888853,6.361885,-1.4194959,-3.53675,-1.8163843,8.610568,26.349,-24.68805,69.43665,17.496092,11.461326,1.7542238,8.119283,-18.767714,7.544615,75.3,-53.67121,3.7340174,11.483014
77,-0.051820721,6.930387974,2.773889065,-17.11829744,-83.05980625,-72.40119232,-12.572856,16.466944,23.711285,14.874429,27.555897,-15.000033,-14.136087,-19.680473,-25.515581,21.705378,20.889685,6.359964,-1.4090073,-3.5432696,-1.8150915,8.598722,26.347326,-24.693539,69.44012,17.508436,11.463028,1.7578592,8.131541,-18.76417,7.540754,75.29258,-53.678215,3.726981,11.486836
78,-0.050204694,6.929203987,2.775865316,-17.12691438,-83.0566387,-72.38813702,-12.575804,16.448694,23.67714,14.861119,27.575867,-15.000033,-14.140493,-19.683155,-25.50787,21.709278,20.888134,6.359873,-1.3936551,-3.5536895,-1.810791,8.581671,26.346542,-24.70642,69.446815,17.516817,11.466392,1.7678285,8.145356,-18.763014,7.561234,75.281975,-53.66019,3.721495,11.496321
79,-0.047675509,6.929016113,2.775160313,-17.12865323,-83.05482238,-72.38550301,-12.582642,16.436314,23.643772,14.86023,27.586498,-15.000033,-14.143601,-19.683372,-25.50105,21.712856,20.886839,6.3605366,-1.3781514,-3.5593126,-1.8030157,8.5727625,26.346249,-24.714619,69.44263,17.527678,11.46951,1.7779181,8.151848,-18.763142,7.580485,75.27625,-53.643845,3.7159417,11.506048
80,-0.050637033,6.927140236,2.775662184,-17.13247561,-83.05332506,-72.38162894,-12.58736,16.427542,23.619682,14.859781,27.587713,-15.000033,-14.144455,-19.679813,-25.494286,21.712322,20.887756,6.3613386,-1.3731798,-3.5662506,-1.8106762,8.55704,26.345419,-24.73048,69.464745,17.522718,11.471629,1.7837207,8.161018,-18.76432,7.6305394,75.273285,-53.593258,3.7188811,11.51352
81,-0.049856178,6.927425385,2.775613308,-17.12545279,-83.05473056,-72.39645119,-12.595235,16.432737,23.608866,14.878979,27.561647,-15.000033,-14.139965,-19.66491,-25.486204,21.703997,20.892431,6.361675,-1.3661066,-3.5596094,-1.8086289,8.553135,26.34488,-24.73305,69.465614,17.527525,11.473779,1.7824299,8.163237,-18.76504,7.6460276,75.269615,-53.564552,3.726603,11.515175
82,-0.048909318,6.928099632,2.775810242,-17.12059209,-83.05720726,-72.41129791,-12.6019,16.44259,23.608294,14.903151,27.521559,-15.000033,-14.133583,-19.646187,-25.476364,21.693861,20.897867,6.36277,-1.3603141,-3.549696,-1.8068817,8.551015,26.344667,-24.733456,69.46635,17.531713,11.475232,1.7779557,8.164831,-18.765343,7.6524854,75.26512,-53.5366,3.7380667,11.514608
83,-0.050704949,6.928314209,2.777921677,-17.11722493,-83.06057896,-72.43409084,-12.622594,16.47052,23.60069,14.957881,27.467667,-15.000033,-14.119041,-19.614742,-25.475754,21.66999,20.9098,6.3618884,-1.3550909,-3.528676,-1.8053923,8.547986,26.343836,-24.731804,69.46833,17.534437,11.476402,1.7706227,8.170179,-18.766264,7.6673465,75.255745,-53.499664,3.7534454,11.511747
84,-0.053583376,6.925668716,2.778793573,-17.11578766,-83.0620517,-72.44372097,-12.631422,16.477808,23.59011,14.979168,27.445168,-15.000033,-14.113291,-19.603165,-25.47586,21.661465,20.914246,6.3624496,-1.353662,-3.5205564,-1.8057798,8.547632,26.342623,-24.726955,69.46895,17.53265,11.47718,1.7675723,8.170906,-18.767487,7.677146,75.255226,-53.482307,3.759219,11.507378
85,-0.051192135,6.924965382,2.776583195,-17.10419607,-83.06182367,-72.45254975,-12.633644,16.467833,23.567074,14.97384,27.458946,-15.000033,-14.114098,-19.609287,-25.481548,21.663132,20.913708,6.363299,-1.352223,-3.523365,-1.8075907,8.546751,26.341537,-24.721928,69.46841,17.524572,11.477594,1.7691492,8.171173,-18.768541,7.681893,75.26123,-53.48517,3.7537944,11.500737
86,-0.048250929,6.927733898,2.775532722,-17.10135955,-83.05975021,-72.44516095,-12.631655,16.445316,23.53605,14.950634,27.49602,-15.000033,-14.120299,-19.62922,-25.491713,21.674461,20.9083,6.364753,-1.3549387,-3.5340505,-1.812019,8.547038,26.34085,-24.715557,69.4684,17.51066,11.477016,1.7734349,8.1682625,-18.769081,7.685729,75.27569,-53.500614,3.7395236,11.490418
87,-0.051016618,6.926502228,2.775907755,-17.09026825,-83.05846416,-72.44754108,-12.629841,16.425947,23.506893,14.930381,27.533524,-15.000033,-14.124645,-19.647943,-25.5041,21.682636,20.904709,6.366069,-1.3545797,-3.543584,-1.8159758,8.54673,26.340448,-24.710875,69.46763,17.495558,11.476628,1.7770284,8.166999,-18.769308,7.6866646,75.28733,-53.51853,3.7270145,11.481923
88,-0.048599169,6.929091454,2.775871754,-17.08068774,-83.05744826,-72.44687595,-12.622456,16.405107,23.49118,14.90399,27.564577,-15.000033,-14.131124,-19.669239,-25.512743,21.696169,20.89954,6.368986,-1.3606125,-3.5544512,-1.8203843,8.54991,26.339565,-24.69943,69.467865,17.482256,11.475691,1.7794471,8.160246,-18.76951,7.684886,75.302895,-53.538956,3.7134988,11.473357
89,-0.046131935,6.930580139,2.775515556,-17.05540117,-83.059469,-72.46786913,-12.617862,16.399162,23.489069,14.897445,27.571968,-15.000033,-14.131932,-19.67926,-25.520025,21.70188,20.899837,6.372383,-1.3674985,-3.5568285,-1.8188319,8.557947,26.337355,-24.675114,69.46379,17.479311,11.474566,1.7780052,8.148961,-18.769567,7.671085,75.3116,-53.561695,3.7080379,11.468568
90,-0.04866413,6.928649426,2.775588512,-17.01894822,-83.06348483,-72.50463958,-12.617707,16.404964,23.49268,14.907915,27.563759,-15.000033,-14.12786,-19.681284,-25.529732,21.701319,20.904173,6.375798,-1.3718575,-3.5524192,-1.8153423,8.565345,26.33545,-24.652897,69.459145,17.478804,11.473458,1.7741123,8.141717,-18.769215,7.6478467,75.31223,-53.587868,3.7058368,11.466037
91,-0.049976621,6.928839684,2.776751757,-16.98983116,-83.06681046,-72.53671017,-12.617985,16.414343,23.503193,14.920476,27.551199,-15.000033,-14.123231,-19.681221,-25.53948,21.699152,20.909061,6.3790264,-1.3737478,-3.5468621,-1.8127959,8.570156,26.333693,-24.635422,69.45673,17.475805,11.472604,1.7701807,8.1382675,-18.768515,7.623878,75.31008,-53.60891,3.705307,11.465102
92,-0.052327272,6.927652836,2.777514696,-16.97368812,-83.06790577,-72.55461033,-12.617448,16.423306,23.51951,14.92831,27.540682,-15.000033,-14.120017,-19.681715,-25.548637,21.697466,20.911852,6.381245,-1.3732634,-3.5433192,-1.8098197,8.571106,26.332382,-24.622501,69.45447,17.472818,11.472464,1.7691447,8.137429,-18.767878,7.6049166,75.30695,-53.62303,3.7059517,11.465337
93,-0.052104436,6.927917004,2.778495789,-16.98598024,-83.0653076,-72.54412405,-12.614875,16.432621,23.54817,14.927685,27.533146,-15.000033,-14.118123,-19.682533,-25.558039,21.694963,20.91223,6.381608,-1.3709096,-3.5411437,-1.8072332,8.56895,26.331354,-24.614403,69.45001,17.467176,11.47332,1.7714729,8.139984,-18.767223,7.596442,75.303535,-53.625175,3.707195,11.468366
94,-0.051918834,6.92602253,2.777770519,-17.01117375,-83.06040907,-72.52045185,-12.611364,16.443356,23.587645,14.923906,27.524326,-15.000033,-14.117968,-19.683695,-25.567043,21.693953,20.909803,6.38075,-1.3683475,-3.5399108,-1.8074871,8.565031,26.33096,-24.61214,69.446754,17.456717,11.474803,1.7758725,8.143657,-18.766817,7.6000247,75.30249,-53.61404,3.7097104,11.473696
95,-0.05129141,6.929657459,2.778726816,-17.04342524,-83.05499682,-72.49023475,-12.606996,16.45193,23.625109,14.916526,27.518608,-15.000033,-14.118544,-19.685343,-25.57444,21.692867,20.907656,6.380241,-1.3677257,-3.5412319,-1.8103368,8.561008,26.330656,-24.611834,69.44712,17.44685,11.476398,1.7813237,8.146012,-18.766375,7.6143236,75.30367,-53.5949,3.7141733,11.478446
96,-0.052936714,6.929933071,2.77803731,-17.05361954,-83.05180671,-72.47956241,-12.603866,16.455988,23.64655,14.91022,27.517275,-15.000033,-14.120059,-19.68805,-25.578983,21.692762,20.907421,6.381637,-1.3694143,-3.543651,-1.8140832,8.559048,26.330359,-24.611944,69.45065,17.442383,11.477006,1.7860196,8.145238,-18.765852,7.633956,75.30593,-53.57409,3.7187192,11.48111
97,-0.05385286,6.928935051,2.776281595,-17.04369468,-83.05133758,-72.48655839,-12.60297,16.452421,23.641094,14.90528,27.524006,-15.000033,-14.122098,-19.69293,-25.580143,21.693434,20.910374,6.3867197,-1.3693783,-3.5482,-1.8147404,8.558228,26.329973,-24.611355,69.454704,17.450785,11.477839,1.7902058,8.144071,-18.765543,7.65131,75.30289,-53.55518,3.7244883,11.479506
98,-0.058428518,6.930114269,2.777546883,-17.01237146,-83.05256541,-72.51206722,-12.602919,16.442877,23.61844,14.898353,27.53789,-15.000033,-14.125659,-19.699871,-25.57844,21.695564,20.915216,6.394121,-1.366655,-3.5544455,-1.8128715,8.556882,26.32971,-24.611305,69.45943,17.469015,11.478054,1.7941595,8.144349,-18.76558,7.6643753,75.29484,-53.53658,3.7304356,11.475628
99,-0.056734636,6.9301548,2.776062965,-16.97350998,-83.0548885,-72.54588443,-12.602662,16.433517,23.596073,14.89309,27.54985,-15.000033,-14.128918,-19.705807,-25.575235,21.697914,20.919607,6.401139,-1.365613,-3.5610754,-1.8113604,8.555611,26.329264,-24.611198,69.46569,17.488249,11.477842,1.7975706,8.144614,-18.765978,7.6771193,75.28653,-53.520855,3.7361486,11.472191
100,-0.054217502,6.928526402,2.775331497,-16.9525607,-83.05695334,-72.5663159,-12.601879,16.432014,23.590334,14.893337,27.55097,-15.000033,-14.129089,-19.706179,-25.573181,21.696495,20.923018,6.4048743,-1.3664465,-3.5628095,-1.8099269,8.557312,26.328888,-24.610804,69.46739,17.50122,11.4773855,1.7994623,8.142572,-18.766172,7.68034,75.284195,-53.51491,3.7375665,11.472632
101,-0.051139712,6.926793098,2.773577452,-16.95428122,-83.05878025,-72.56777944,-12.598725,16.442152,23.614407,14.899808,27.535975,-15.000033,-14.12603,-19.69985,-25.57335,21.692806,20.923277,6.403649,-1.3749561,-3.5597248,-1.8122113,8.565843,26.328318,-24.60772,69.46514,17.506538,11.476064,1.7997736,8.130324,-18.766216,7.6739154,75.29916,-53.524006,3.7336147,11.478979
102,-0.049820263,6.927121639,2.774290085,-16.96513284,-83.06097123,-72.56340338,-12.595121,16.46012,23.655998,14.91299,27.509178,-15.000033,-14.120103,-19.68856,-25.57472,21.686293,20.92219,6.3994207,-1.3873353,-3.5520303,-1.8143336,8.579448,26.327751,-24.602621,69.457596,17.508326,11.474127,1.7986407,8.112082,-18.765783,7.6555967,75.32335,-53.547424,3.7246313,11.489755
103,-0.050580468,6.926135063,2.776217222,-16.97868031,-83.06337248,-72.5582167,-12.59351,16.479828,23.694973,14.92916,27.481016,-15.000033,-14.113195,-19.674019,-25.575115,21.678076,20.921242,6.393882,-1.3910191,-3.5422344,-1.8091264,8.588086,26.326979,-24.597305,69.444756,17.512697,11.473139,1.7976127,8.096042,-18.764143,7.616346,75.34331,-53.58162,3.7151134,11.498738
104,-0.05449862,6.925857067,2.779034615,-16.99057888,-83.06563214,-72.55262259,-12.592529,16.490837,23.713879,14.938719,27.46367,-15.000033,-14.110163,-19.66177,-25.569286,21.673296,20.920454,6.3893433,-1.3923348,-3.5366774,-1.8076543,8.58889,26.326912,-24.597736,69.442085,17.50946,11.473755,1.7967749,8.094869,-18.763695,7.608365,75.34595,-53.588154,3.7130916,11.501918
105,-0.05848952,6.92961359,2.779945612,-16.99908189,-83.06816196,-72.55116652,-12.597648,16.49701,23.702251,14.949748,27.45564,-15.000033,-14.107943,-19.646381,-25.558651,21.6674,20.922237,6.384951,-1.3792633,-3.5306828,-1.7996271,8.577537,26.327225,-24.603569,69.44158,17.504662,11.477664,1.7977053,8.107323,-18.76338,7.6104126,75.327896,-53.575752,3.719746,11.493786
106,-0.058447558,6.930237293,2.777238607,-16.99295612,-83.07128244,-72.56343435,-12.605506,16.498585,23.672792,14.9594555,27.453913,-15.000033,-14.107989,-19.630295,-25.543089,21.662436,20.925264,6.3803034,-1.3598621,-3.5270877,-1.7936878,8.5545,26.328026,-24.618195,69.45261,17.491985,11.483003,1.7987567,8.136802,-18.764027,7.6355987,75.29087,-53.539318,3.7339742,11.479152
107,-0.055633072,6.930384159,2.773900986,-16.99305648,-83.07370579,-72.56764208,-12.613316,16.495014,23.63477,14.964394,27.45872,-15.000033,-14.108863,-19.615711,-25.525259,21.65819,20.927448,6.3767366,-1.3416651,-3.5240436,-1.786997,8.535541,26.328772,-24.628414,69.45787,17.479492,11.489314,1.7999904,8.159196,-18.765106,7.661818,75.2611,-53.502697,3.7468328,11.463939
108,-0.054445077,6.927964687,2.771712542,-17.00528821,-83.07398941,-72.55794223,-12.622209,16.488083,23.59586,14.967068,27.467411,-15.000033,-14.110824,-19.604403,-25.50832,21.654669,20.927935,6.3748617,-1.3346659,-3.524648,-1.7920196,8.520487,26.329668,-24.638573,69.471954,17.461067,11.493883,1.7997391,8.177291,-18.767395,7.6988344,75.2444,-53.460804,3.7563887,11.456306
109,-0.052671403,6.927531242,2.772622347,-17.03496213,-83.07144259,-72.52630556,-12.631446,16.474766,23.554665,14.963974,27.48441,-15.000033,-14.113636,-19.598217,-25.491957,21.652061,20.925278,6.3755236,-1.3339411,-3.527055,-1.797431,8.516025,26.32991,-24.637295,69.47387,17.451,11.498225,1.7985138,8.177782,-18.768238,7.7056823,75.25305,-53.44467,3.7546606,11.457695
110,-0.05179476,6.924919605,2.773237944,-17.07353849,-83.06742155,-72.48394083,-12.642067,16.457132,23.50786,14.958546,27.507797,-15.000033,-14.116829,-19.594698,-25.4749,21.649649,20.920914,6.377833,-1.3367403,-3.5314794,-1.8055062,8.514329,26.329988,-24.63283,69.47463,17.441658,11.502253,1.7965548,8.175977,-18.768635,7.7028327,75.26911,-53.436386,3.748798,11.464868
111,-0.055344861,6.924268723,2.775756836,-17.10518839,-83.06378577,-72.44852653,-12.651162,16.43818,23.462442,14.95148,27.530752,-15.000033,-14.119864,-19.59236,-25.458433,21.647205,20.916353,6.3812475,-1.3394186,-3.536708,-1.8138322,8.512886,26.329988,-24.629011,69.47482,17.43208,11.505711,1.794264,8.17275,-18.768677,7.698516,75.28701,-53.429718,3.7424793,11.473787
112,-0.057138328,6.927306175,2.776079893,-17.13047794,-83.06031104,-72.41836578,-12.656853,16.418436,23.424915,14.939785,27.549185,-15.000033,-14.123848,-19.591698,-25.443472,21.645535,20.913137,6.385457,-1.3380548,-3.5422876,-1.8172181,8.508946,26.33007,-24.61926,69.47227,17.424759,11.508113,1.7915673,8.165563,-18.768764,7.6888094,75.30213,-53.42426,3.737308,11.482254
113,-0.054358982,6.929571152,2.774427176,-17.1308338,-83.06105579,-72.41532949,-12.657663,16.404205,23.400112,14.933128,27.553543,-15.000033,-14.125325,-19.588287,-25.429945,21.641844,20.912733,6.391359,-1.3265338,-3.5448067,-1.8152044,8.5027895,26.330168,-24.61638,69.46688,17.412643,11.509082,1.7897265,8.167607,-18.768904,7.689343,75.29718,-53.408062,3.7423437,11.489639
114,-0.053437699,6.927947044,2.770786285,-17.10613665,-83.0634798,-72.43632526,-12.653065,16.388952,23.384275,14.921423,27.553246,-15.000033,-14.126914,-19.586023,-25.416779,21.63768,20.913908,6.3993373,-1.310249,-3.5493934,-1.8075104,8.488497,26.330534,-24.612432,69.46389,17.396677,11.509298,1.7871577,8.180118,-18.769608,7.69887,75.269196,-53.37702,3.7560027,11.5001745
115,-0.051777031,6.927719116,2.772369862,-17.08197668,-83.06691886,-72.45653951,-12.645896,16.374037,23.37175,14.907924,27.552397,-15.000033,-14.128489,-19.58457,-25.403357,21.634819,20.915314,6.4057927,-1.299283,-3.554891,-1.8024813,8.476001,26.33136,-24.606937,69.46563,17.379404,11.507456,1.7846817,8.196058,-18.771902,7.7219534,75.23904,-53.342613,3.7689767,11.508859
116,-0.05005005,6.929234505,2.771945,-17.07202441,-83.07024131,-72.46437303,-12.642797,16.3614,23.355019,14.900843,27.552267,-15.000033,-14.13053,-19.58337,-25.390022,21.635445,20.914858,6.4074836,-1.2925138,-3.5581753,-1.798882,8.4708185,26.331732,-24.602657,69.46416,17.364328,11.505076,1.7849789,8.199041,-18.77321,7.73191,75.23282,-53.32669,3.7720878,11.511273
117,-0.046484705,6.929118156,2.767776966,-17.08817726,-83.07370559,-72.44406924,-12.639303,16.346775,23.33373,14.891004,27.56022,-15.000033,-14.134192,-19.585032,-25.373224,21.64273,20.910938,6.4018526,-1.2959579,-3.5619602,-1.7947546,8.470867,26.33207,-24.592741,69.463776,17.353577,11.4994,1.7880187,8.192712,-18.774961,7.7358685,75.24812,-53.3311,3.759128,11.505951
118,-0.049257431,6.928519249,2.766793013,-17.10750822,-83.0779919,-72.42049341,-12.635203,16.33201,23.310442,14.879642,27.57225,-15.000033,-14.138364,-19.587801,-25.354681,21.653332,20.905624,6.3910537,-1.303572,-3.5647438,-1.788036,8.475998,26.332214,-24.577557,69.459885,17.348032,11.491557,1.7934964,8.175817,-18.776936,7.725572,75.28224,-53.35652,3.734713,11.494299
119,-0.050609484,6.930474758,2.766853809,-17.12623379,-83.08221699,-72.39953472,-12.633279,16.321749,23.287893,14.872997,27.582012,-15.000033,-14.140662,-19.587667,-25.339579,21.66036,20.90292,6.379135,-1.3088655,-3.5654078,-1.7831773,8.478235,26.332167,-24.572266,69.45861,17.341253,11.486457,1.7980402,8.169579,-18.7772,7.718847,75.30423,-53.376743,3.7164872,11.484026
120,-0.050812028,6.930963516,2.765809536,-17.13885554,-83.08664303,-72.38420096,-12.630401,16.311258,23.271574,14.867828,27.587484,-15.000033,-14.144472,-19.591406,-25.327333,21.670998,20.899961,6.371943,-1.3131168,-3.567169,-1.7743807,8.482004,26.332052,-24.562244,69.4526,17.338326,11.484361,1.8010535,8.151667,-18.77756,7.703183,75.33122,-53.400074,3.7025857,11.472503
121,-0.053685036,6.928240299,2.76418972,-17.12822821,-83.09098512,-72.39298868,-12.626285,16.304197,23.261356,14.862268,27.589834,-15.000033,-14.145404,-19.592741,-25.322422,21.673576,20.903816,6.3705044,-1.3106207,-3.5665941,-1.7608649,8.48221,26.332083,-24.554249,69.44043,17.338102,11.490839,1.7985693,8.142625,-18.777887,7.69011,75.32797,-53.40482,3.7122183,11.468593
122,-0.053203542,6.92951107,2.763528824,-17.09208254,-83.09555441,-72.42914405,-12.62716,16.30214,23.253407,14.867769,27.584324,-15.000033,-14.146955,-19.593586,-25.32238,21.675667,20.910055,6.372134,-1.307102,-3.565534,-1.7511743,8.47956,26.332329,-24.553686,69.43288,17.33427,11.502181,1.7933643,8.143507,-18.778109,7.688198,75.306625,-53.393307,3.7369065,11.467749
123,-0.0526549,6.930270672,2.761047602,-17.06172951,-83.09925242,-72.45962978,-12.627192,16.302568,23.251188,14.872463,27.57697,-15.000033,-14.146947,-19.593283,-25.3253,21.67512,20.917196,6.374535,-1.3046606,-3.5643926,-1.7450037,8.477604,26.332485,-24.555235,69.42913,17.332157,11.512736,1.7879924,8.143967,-18.778185,7.6895843,75.28827,-53.380985,3.7596595,11.467433
124,-0.049131479,6.929986,2.758165598,-17.04077256,-83.10304793,-72.48422107,-12.628708,16.308952,23.25502,14.883391,27.56373,-15.000033,-14.143736,-19.589119,-25.329437,21.671873,20.922842,6.375038,-1.3031988,-3.5601852,-1.738219,8.47515,26.333094,-24.561008,69.42438,17.330502,11.523138,1.7830107,8.149223,-18.778255,7.693352,75.26682,-53.370586,3.7787094,11.468826
125,-0.054497819,6.929619789,2.757660389,-17.04887824,-83.10463837,-72.48215444,-12.63081,16.321589,23.271643,14.897553,27.541895,-15.000033,-14.138908,-19.581457,-25.33448,21.667814,20.924278,6.372636,-1.3068725,-3.5546014,-1.737297,8.477268,26.333357,-24.563843,69.4244,17.337008,11.526632,1.7807941,8.148776,-18.77818,7.6906314,75.26566,-53.37968,3.7773006,11.469648
126,-0.054297253,6.928536415,2.757462978,-17.06530954,-83.10556262,-72.4750738,-12.635389,16.341366,23.297228,14.919239,27.510956,-15.000033,-14.130859,-19.569603,-25.342112,21.660233,20.924591,6.368958,-1.3124617,-3.546014,-1.7377337,8.482259,26.33364,-24.566284,69.42423,17.35002,11.527551,1.7794976,8.143898,-18.777905,7.6814175,75.27548,-53.400837,3.7652688,11.470631
127,-0.053803716,6.927981853,2.758876801,-17.08418867,-83.10646329,-72.46546835,-12.640034,16.362215,23.321468,14.940736,27.482956,-15.000033,-14.12171,-19.55711,-25.351141,21.651165,20.925335,6.3648176,-1.3145672,-3.5358899,-1.7357492,8.486512,26.333942,-24.569773,69.421814,17.365173,11.5271635,1.7789903,8.138856,-18.777239,7.6650033,75.28655,-53.42636,3.7499878,11.471676
128,-0.051973913,6.925740242,2.757285833,-17.09084117,-83.10863022,-72.46441705,-12.640863,16.375494,23.335503,14.952221,27.471155,-15.000033,-14.114732,-19.550684,-25.358572,21.64532,20.926966,6.3619165,-1.3104541,-3.5300434,-1.7301682,8.484793,26.334549,-24.577843,69.4199,17.375664,11.5276985,1.7788887,8.136947,-18.77637,7.64857,75.29142,-53.443016,3.7407014,11.4708395
129,-0.048535001,6.925405025,2.753942728,-17.08653771,-83.11222921,-72.46579786,-12.639019,16.374907,23.331358,14.955276,27.481163,-15.000033,-14.115858,-19.558455,-25.361122,21.654524,20.924286,6.3608994,-1.3050032,-3.5340877,-1.7225016,8.479204,26.335081,-24.58626,69.42145,17.380117,11.528565,1.7800146,8.139479,-18.77624,7.6493216,75.285034,-53.435894,3.742622,11.468472
130,-0.050233286,6.927518368,2.755386353,-17.077047,-83.11606536,-72.46961352,-12.634674,16.368662,23.315273,14.948782,27.508804,-15.000033,-14.117531,-19.56959,-25.364153,21.662575,20.924543,6.360289,-1.2989308,-3.5396986,-1.7130443,8.475912,26.335411,-24.591194,69.41977,17.384018,11.529112,1.7819726,8.140396,-18.776367,7.6542425,75.27707,-53.421947,3.7480123,11.465148
131,-0.054171875,6.929354191,2.756547928,-17.06135861,-83.12130347,-72.4736691,-12.621098,16.353086,23.304373,14.926836,27.543625,-15.000033,-14.122559,-19.58914,-25.362759,21.679522,20.920586,6.36188,-1.2932708,-3.5535247,-1.7098618,8.462952,26.337017,-24.612944,69.43331,17.371672,11.52894,1.7842437,8.145213,-18.777452,7.6833587,75.26924,-53.38411,3.7580054,11.461441
132,-0.053930715,6.929855824,2.75400424,-17.05566983,-83.12473344,-72.4762693,-12.616727,16.352312,23.304169,14.924278,27.556192,-15.000033,-14.122972,-19.596144,-25.365883,21.684378,20.921288,6.362923,-1.291675,-3.5572472,-1.7087139,8.459435,26.338192,-24.622717,69.43885,17.361212,11.527845,1.7858576,8.144379,-18.778528,7.6996846,75.26844,-53.36668,3.7632325,11.458844
133,-0.056340203,6.92891264,2.753329992,-17.04281146,-83.12722314,-72.49492904,-12.619316,16.368134,23.326118,14.940773,27.53868,-15.000033,-14.1195345,-19.589855,-25.37182,21.678755,20.925426,6.364382,-1.2931275,-3.5505977,-1.7109942,8.460022,26.339254,-24.624975,69.44291,17.347235,11.523792,1.7868747,8.139866,-18.77948,7.7034206,75.27456,-53.370136,3.7627075,11.457421
134,-0.052983809,6.925872803,2.749221325,-17.02394435,-83.12938471,-72.52308371,-12.623043,16.391087,23.363504,14.963104,27.505852,-15.000033,-14.114512,-19.57786,-25.378294,21.667818,20.931574,6.366742,-1.2957213,-3.5396633,-1.7146488,8.462098,26.339516,-24.622807,69.4463,17.330439,11.518179,1.7878703,8.136697,-18.779615,7.6984887,75.28035,-53.3871,3.760203,11.45668
135,-0.051022384,6.925444126,2.748873472,-17.01300427,-83.13079504,-72.54427255,-12.628819,16.414858,23.399038,14.987759,27.470898,-15.000033,-14.108711,-19.564783,-25.386326,21.65563,20.937756,6.369201,-1.2974051,-3.52778,-1.7174361,8.463654,26.339949,-24.618319,69.44805,17.315817,11.51276,1.7882748,8.134192,-18.779526,7.6871095,75.28531,-53.406094,3.756488,11.457009
136,-0.052766681,6.924996376,2.749498129,-17.01258462,-83.1315744,-72.54937265,-12.631691,16.427654,23.41844,15.000342,27.452133,-15.000033,-14.10427,-19.55958,-25.394688,21.649841,20.94004,6.371593,-1.2988068,-3.5212595,-1.7184501,8.463617,26.340088,-24.616661,69.44805,17.307007,11.510338,1.7879312,8.133469,-18.77949,7.6825957,75.287346,-53.414345,3.7543046,11.457729
137,-0.054409761,6.926756859,2.751656294,-17.04164282,-83.1305578,-72.52032617,-12.633975,16.427923,23.411121,15.00083,27.455936,-15.000033,-14.099784,-19.562923,-25.40617,21.64779,20.94042,6.3743873,-1.299321,-3.520839,-1.7173656,8.461568,26.34056,-24.615852,69.446976,17.305468,11.510623,1.7868918,8.133851,-18.779526,7.679062,75.287056,-53.409237,3.7524967,11.460058
138,-0.056849554,6.924567223,2.752509356,-17.10032855,-83.1280847,-72.45577411,-12.632676,16.414598,23.38745,14.986137,27.47659,-15.000033,-14.096731,-19.576664,-25.419374,21.653772,20.935963,6.378342,-1.2987337,-3.528126,-1.7133617,8.452335,26.341923,-24.618532,69.4474,17.31013,11.513413,1.7834604,8.141141,-18.779863,7.677886,75.278175,-53.390564,3.7505224,11.464613
139,-0.058027577,6.924089909,2.751298189,-17.14395761,-83.12624878,-72.40387374,-12.629254,16.398785,23.363745,14.967744,27.500143,-15.000033,-14.0954895,-19.591976,-25.429806,21.662516,20.929893,6.381014,-1.2986573,-3.5374377,-1.7117819,8.444691,26.343254,-24.622856,69.44902,17.31274,11.516782,1.7806224,8.147029,-18.78037,7.6827946,75.272156,-53.367954,3.7504668,11.468471
140,-0.058797978,6.925544739,2.74925518,-17.18005712,-83.12598781,-72.3639697,-12.6257105,16.39057,23.353025,14.957393,27.512487,-15.000033,-14.093914,-19.600592,-25.436108,21.668459,20.924412,6.3802147,-1.2979702,-3.5429375,-1.711521,8.439037,26.345882,-24.62967,69.451035,17.307423,11.518798,1.777687,8.152555,-18.781378,7.693185,75.26715,-53.347355,3.7518227,11.470897
141,-0.054168522,6.92756319,2.745851755,-17.17768831,-83.12908912,-72.37009748,-12.626001,16.398754,23.362906,14.968164,27.50198,-15.000033,-14.09031,-19.595991,-25.43902,21.668314,20.919718,6.3727975,-1.2955918,-3.539394,-1.7083584,8.437738,26.34735,-24.631958,69.44881,17.296476,11.519666,1.7764791,8.1542635,-18.781967,7.697831,75.26486,-53.34113,3.755306,11.468119
142,-0.053894572,6.92571497,2.745872259,-17.18153731,-83.1327006,-72.37360506,-12.62565,16.41232,23.385328,14.984014,27.481983,-15.000033,-14.08682,-19.586473,-25.438776,21.666853,20.913864,6.3614087,-1.2921185,-3.5326407,-1.7049655,8.437594,26.347767,-24.632858,69.44601,17.282877,11.519577,1.7753116,8.155598,-18.7821,7.7002516,75.26294,-53.340637,3.7590408,11.4633255
143,-0.055149686,6.925308704,2.748077631,-17.1632864,-83.13868848,-72.40397372,-12.632397,16.436203,23.403124,15.018076,27.453474,-15.000033,-14.079495,-19.567947,-25.438986,21.658485,20.912323,6.3486996,-1.2878863,-3.5195763,-1.7002683,8.439035,26.349379,-24.636541,69.44171,17.263584,11.519585,1.7749397,8.157735,-18.782705,7.7092376,75.258255,-53.33787,3.7663434,11.459197
144,-0.054719515,6.925849438,2.749116659,-17.15005007,-83.14342638,-72.42118488,-12.63193,16.44321,23.408514,15.028648,27.444443,-15.000033,-14.077906,-19.561283,-25.434341,21.65895,20.910418,6.341435,-1.2842736,-3.5153162,-1.6960031,8.438863,26.350845,-24.639357,69.44003,17.252693,11.51885,1.77468,8.156989,-18.783543,7.7160163,75.254524,-53.335373,3.7732832,11.463172
145,-0.05466973,6.92562151,2.749012232,-17.13252677,-83.14802334,-72.43332933,-12.622782,16.430006,23.391619,15.011859,27.46193,-15.000033,-14.081551,-19.567526,-25.42357,21.667284,20.911747,6.342409,-1.2793406,-3.5198452,-1.6900281,8.43477,26.352177,-24.64344,69.441086,17.24977,11.516634,1.774526,8.1552305,-18.784803,7.723009,75.2458,-53.32945,3.7819085,11.482102
146,-0.053157553,6.926756859,2.746490717,-17.11214613,-83.152746,-72.4443968,-12.611402,16.407555,23.359226,14.983605,27.493866,-15.000033,-14.087688,-19.579111,-25.40919,21.67877,20.916,6.3479266,-1.2729261,-3.5279298,-1.6824943,8.429166,26.353386,-24.647896,69.442955,17.253206,11.513716,1.7748272,8.151961,-18.786798,7.728659,75.2349,-53.323917,3.7924867,11.510045
147,-0.055352699,6.926647663,2.744077444,-17.10113442,-83.15666822,-72.44269956,-12.596743,16.380358,23.328499,14.948191,27.528717,-15.000033,-14.095891,-19.594067,-25.39277,21.693392,20.918814,6.353939,-1.2672848,-3.5391595,-1.6756542,8.421411,26.354212,-24.653433,69.44804,17.256596,11.510681,1.7750534,8.150252,-18.788788,7.7340446,75.22306,-53.317513,3.801243,11.537232
148,-0.051766757,6.925623894,2.741954565,-17.09181967,-83.15918073,-72.4456925,-12.589828,16.365175,23.309996,14.929957,27.54673,-15.000033,-14.100887,-19.601122,-25.382107,21.70209,20.919653,6.3546124,-1.2645615,-3.544252,-1.6722424,8.416718,26.354923,-24.659754,69.45058,17.257935,11.510445,1.7752415,8.1498165,-18.791115,7.7378926,75.21831,-53.313942,3.8049014,11.54851
149,-0.050967146,6.925263882,2.741063118,-17.11049071,-83.15884196,-72.42940425,-12.5945835,16.367773,23.3107,14.938155,27.53908,-15.000033,-14.101187,-19.596733,-25.379168,21.702278,20.91702,6.3462257,-1.2676032,-3.542004,-1.6725097,8.418062,26.355186,-24.662394,69.44908,17.258537,11.514962,1.7765164,8.149614,-18.792059,7.737488,75.223976,-53.31723,3.8019145,11.535823
150,-0.052980062,6.92633009,2.743248701,-17.13970567,-83.1567474,-72.4094295,-12.607901,16.382292,23.32164,14.964385,27.514925,-15.000033,-14.098633,-19.58437,-25.381708,21.696585,20.912893,6.331982,-1.2735609,-3.5329616,-1.6754552,8.424385,26.355501,-24.66545,69.442085,17.25808,11.523012,1.7781321,8.148574,-18.79294,7.733423,75.23876,-53.32483,3.792642,11.507429
151,-0.053635355,6.927418709,2.742854595,-17.17444324,-83.15397765,-72.38391147,-12.621976,16.397945,23.335075,14.99179,27.488268,-15.000033,-14.095218,-19.571123,-25.385485,21.689726,20.908188,6.318487,-1.2793547,-3.5242014,-1.6785052,8.429997,26.35578,-24.667688,69.43572,17.258055,11.530704,1.7795591,8.148685,-18.793087,7.7274656,75.25347,-53.333153,3.783035,11.476231
152,-0.053689454,6.92581749,2.741736174,-17.20566484,-83.15160605,-72.35873295,-12.632253,16.408314,23.34111,15.0098505,27.4695,-15.000033,-14.091953,-19.561049,-25.38866,21.68319,20.906343,6.3117366,-1.2828095,-3.5172663,-1.6802316,8.431996,26.35604,-24.669806,69.43145,17.257568,11.535054,1.7793968,8.150176,-18.792856,7.723702,75.26186,-53.337284,3.776343,11.454887
153,-0.054723013,6.924764633,2.742686749,-17.23711976,-83.14918839,-72.33198849,-12.638852,16.412176,23.335823,15.016283,27.460377,-15.000033,-14.088037,-19.553907,-25.391895,21.67571,20.90846,6.3147097,-1.2807903,-3.5125468,-1.681157,8.42661,26.35678,-24.675926,69.43221,17.254875,11.534101,1.7763554,8.155207,-18.792574,7.7210655,75.262474,-53.33535,3.773265,11.446031
154,-0.053977281,6.927999973,2.743290663,-17.26916841,-83.14652203,-72.30112983,-12.640819,16.409702,23.326513,15.011107,27.45801,-15.000033,-14.084604,-19.550558,-25.39437,21.669762,20.911299,6.3242984,-1.2784624,-3.5106192,-1.6821934,8.419285,26.35748,-24.680584,69.435005,17.25179,11.529684,1.7717422,8.160107,-18.792664,7.7225213,75.25975,-53.32867,3.7721725,11.443923
155,-0.053330503,6.928621769,2.741293907,-17.29601803,-83.14464577,-72.27277616,-12.6404915,16.404854,23.315866,15.002184,27.460196,-15.000033,-14.081714,-19.549492,-25.3957,21.665245,20.914845,6.3356633,-1.2745957,-3.5105155,-1.6828399,8.408977,26.358849,-24.688086,69.44082,17.246773,11.524473,1.7665619,8.167472,-18.793127,7.7265496,75.253265,-53.318066,3.7721336,11.446053
156,-0.0544401,6.926223755,2.740296841,-17.30967878,-83.14481669,-72.25705415,-12.637321,16.398664,23.308397,14.99285,27.46631,-15.000033,-14.080882,-19.551785,-25.393719,21.664001,20.918034,6.344564,-1.2710413,-3.5131404,-1.6811086,8.4015875,26.359695,-24.69332,69.444,17.242176,11.522159,1.7641914,8.171372,-18.793627,7.730177,75.248856,-53.307976,3.7734265,11.448991
157,-0.053277209,6.927512646,2.739370823,-17.30591803,-83.14789214,-72.25618666,-12.631724,16.39182,23.303524,14.984694,27.478762,-15.000033,-14.082158,-19.557207,-25.387054,21.66664,20.921377,6.3503814,-1.266668,-3.5177863,-1.6757417,8.398306,26.360132,-24.695578,69.442604,17.240578,11.523797,1.765343,8.1717615,-18.793993,7.7325344,75.24663,-53.29933,3.7755098,11.453507
158,-0.054535076,6.928493023,2.740313768,-17.2832101,-83.15394033,-72.26992553,-12.619819,16.37991,23.301228,14.970389,27.49916,-15.000033,-14.086481,-19.568752,-25.374815,21.675201,20.924042,6.355821,-1.2604868,-3.5275586,-1.6666969,8.394442,26.360538,-24.698685,69.43999,17.238375,11.528528,1.768718,8.169987,-18.794546,7.73726,75.24412,-53.28574,3.7798321,11.461295
159,-0.056235783,6.927678585,2.740250826,-17.25779291,-83.16010312,-72.28617533,-12.607462,16.36837,23.30103,14.956286,27.519457,-15.000033,-14.090984,-19.581066,-25.363224,21.684658,20.925823,6.3597217,-1.256146,-3.5376728,-1.658423,8.392249,26.360954,-24.701212,69.43748,17.235281,11.533695,1.7726295,8.166724,-18.79542,7.7424645,75.2429,-53.27459,3.78429,11.46891
160,-0.052083388,6.927412033,2.736708641,-17.23861424,-83.16469298,-72.29602714,-12.594111,16.35623,23.305204,14.938673,27.53639,-15.000033,-14.095887,-19.594534,-25.35457,21.696274,20.923738,6.3618755,-1.2565992,-3.5476604,-1.6530371,8.392511,26.361217,-24.70302,69.43488,17.228859,11.538254,1.7757725,8.161303,-18.795994,7.746807,75.24369,-53.26864,3.7874887,11.474175
161,-0.053075649,6.926663399,2.736586332,-17.24491999,-83.16534016,-72.28778348,-12.58989,16.354551,23.308725,14.934312,27.538551,-15.000033,-14.09557,-19.599453,-25.357449,21.700043,20.919804,6.359244,-1.2630715,-3.5501406,-1.6538789,8.394594,26.36138,-24.703712,69.434494,17.222633,11.540169,1.7757297,8.159155,-18.79625,7.747316,75.243645,-53.274506,3.7890768,11.4736395
162,-0.052201342,6.925170898,2.735725164,-17.27599206,-83.1640279,-72.25718317,-12.588695,16.355898,23.31347,14.934242,27.533846,-15.000033,-14.09349,-19.603268,-25.366312,21.703709,20.912401,6.353708,-1.2771084,-3.5494723,-1.6582787,8.402152,26.361755,-24.704695,69.43144,17.209925,11.542664,1.7753154,8.155195,-18.796444,7.7449126,75.24473,-53.29257,3.789705,11.471169
163,-0.052672096,6.925068855,2.734446049,-17.29350012,-83.16232231,-72.2410312,-12.589545,16.360178,23.319702,14.936885,27.527626,-15.000033,-14.091074,-19.604708,-25.376486,21.705135,20.906595,6.34787,-1.2894797,-3.5478032,-1.6630139,8.408431,26.362196,-24.70498,69.42949,17.199757,11.544308,1.7746615,8.152241,-18.796467,7.741208,75.2454,-53.309227,3.7904081,11.467531
164,-0.052162446,6.927632332,2.734430313,-17.31015138,-83.16051684,-72.22531694,-12.592567,16.365812,23.326033,14.942866,27.524208,-15.000033,-14.090024,-19.605597,-25.384882,21.70551,20.905754,6.344854,-1.2978903,-3.5447345,-1.6654359,8.41826,26.363028,-24.704384,69.42197,17.190668,11.545338,1.775831,8.147814,-18.79633,7.732689,75.24725,-53.326237,3.790952,11.465425
165,-0.056422431,6.928081989,2.734970808,-17.29475451,-83.16037763,-72.24046572,-12.592878,16.36969,23.33635,14.944494,27.527033,-15.000033,-14.0912695,-19.607307,-25.388117,21.705357,20.910234,6.3467193,-1.2986012,-3.5444002,-1.664888,8.421015,26.36334,-24.703472,69.41963,17.18819,11.544603,1.776691,8.145927,-18.796257,7.7291126,75.24444,-53.328796,3.7934813,11.467096
166,-0.057240888,6.925571918,2.735833168,-17.2590448,-83.16056686,-72.27453673,-12.593132,16.374092,23.349981,14.945914,27.531933,-15.000033,-14.094533,-19.608644,-25.38877,21.704374,20.918581,6.3514233,-1.2945533,-3.5443075,-1.6605572,8.424424,26.364437,-24.69895,69.41325,17.18991,11.542788,1.7787421,8.143884,-18.796099,7.7202544,75.23698,-53.32963,3.7983372,11.471763
167,-0.055520989,6.924100399,2.734855652,-17.22475423,-83.16051115,-72.30782487,-12.595091,16.378868,23.362898,14.950305,27.539404,-15.000033,-14.099431,-19.61069,-25.387783,21.705042,20.929049,6.3564997,-1.2903935,-3.5451589,-1.6552191,8.425649,26.365288,-24.692509,69.40973,17.192183,11.539725,1.7810508,8.142051,-18.796104,7.7135825,75.23122,-53.32737,3.8007994,11.474815
168,-0.051945135,6.923435688,2.730828047,-17.1963644,-83.15978915,-72.33426957,-12.599163,16.383959,23.372314,14.956691,27.552902,-15.000033,-14.105143,-19.613243,-25.386494,21.707216,20.941708,6.359214,-1.2892944,-3.5454602,-1.6492513,8.427866,26.3658,-24.68318,69.40574,17.191088,11.536104,1.7848939,8.137652,-18.79614,7.7068024,75.232254,-53.32734,3.7975504,11.473116
169,-0.049926165,6.920108318,2.731485128,-17.19150555,-83.15739707,-72.33810316,-12.607085,16.38875,23.3734,14.967375,27.577032,-15.000033,-14.112857,-19.61771,-25.384037,21.713047,20.956915,6.3582573,-1.2925506,-3.5456874,-1.6419021,8.430579,26.365967,-24.671522,69.40117,17.184055,11.532528,1.790283,8.130266,-18.795992,7.697155,75.24542,-53.330482,3.7835805,11.46282
170,-0.05124002,6.920175076,2.731583834,-17.20123366,-83.15389288,-72.32608714,-12.617835,16.393028,23.369225,14.980782,27.60961,-15.000033,-14.122817,-19.623951,-25.380024,21.72249,20.97421,6.354985,-1.2987417,-3.5457573,-1.629777,8.436869,26.366083,-24.650787,69.38979,17.17825,11.529144,1.7971072,8.112433,-18.795628,7.6795382,75.27375,-53.340565,3.7606175,11.445054
171,-0.051982548,6.920316219,2.730969667,-17.20041421,-83.1506198,-72.32590675,-12.629072,16.399424,23.368185,14.996564,27.638985,-15.000033,-14.132449,-19.628576,-25.376125,21.730415,20.993498,6.3518877,-1.3029419,-3.545614,-1.6214609,8.438953,26.36601,-24.636234,69.386894,17.166441,11.52403,1.8055284,8.1047,-18.79524,7.6678987,75.291374,-53.34583,3.742113,11.430506
172,-0.053036764,6.917207718,2.730891466,-17.19107497,-83.14828024,-72.33728788,-12.638983,16.410454,23.37833,15.015927,27.652275,-15.000033,-14.1392765,-19.628553,-25.373978,21.733236,21.01307,6.35129,-1.3043686,-3.5418317,-1.6114918,8.443066,26.365774,-24.620577,69.38083,17.158651,11.516834,1.8161794,8.094826,-18.794992,7.65887,75.30015,-53.35722,3.7325945,11.423574
173,-0.052616611,6.912472725,2.729932308,-17.14963915,-83.1491559,-72.38667827,-12.6464,16.431547,23.409975,15.04435,27.637753,-15.000033,-14.141592,-19.62015,-25.374372,21.728298,21.035477,6.35446,-1.2999485,-3.531697,-1.5992763,8.447105,26.365461,-24.608814,69.375305,17.151115,11.50651,1.8317381,8.092306,-18.795053,7.659946,75.281395,-53.368614,3.742748,11.431631
174,-0.048330851,6.912608624,2.726229429,-17.08072885,-83.15233027,-72.46842581,-12.655307,16.463116,23.454782,15.085806,27.601826,-15.000033,-14.13956,-19.603449,-25.37709,21.71571,21.06117,6.359517,-1.2950093,-3.5167365,-1.5875019,8.452696,26.364487,-24.594156,69.372856,17.142838,11.493451,1.8516698,8.096654,-18.79609,7.676205,75.24248,-53.37602,3.7669997,11.448884
175,-0.046469998,6.909255505,2.72721529,-17.02430378,-83.15335741,-72.53934513,-12.66728,16.494267,23.49434,15.126848,27.565548,-15.000033,-14.136704,-19.585196,-25.38241,21.70001,21.085722,6.364741,-1.303272,-3.4997284,-1.5842386,8.469868,26.362204,-24.570892,69.369316,17.135359,11.479727,1.870047,8.098142,-18.798977,7.7138085,75.20446,-53.376152,3.7937958,11.469613
176,-0.04147774,6.908478737,2.726416826,-16.9825256,-83.14984585,-72.58720033,-12.675481,16.507795,23.516216,15.142892,27.554512,-15.000033,-14.140268,-19.577612,-25.384624,21.692348,21.1017,6.368976,-1.3119086,-3.4904056,-1.5887401,8.4835415,26.35981,-24.551014,69.368355,17.129864,11.467189,1.8796508,8.09282,-18.801613,7.7359324,75.19015,-53.386898,3.80543,11.485549
177,-0.041196503,6.908158302,2.729237556,-16.98560917,-83.13871451,-72.58156201,-12.681179,16.498716,23.507956,15.124461,27.58385,-15.000033,-14.149928,-19.581976,-25.385876,21.690357,21.10888,6.371839,-1.3343339,-3.4880755,-1.6031244,8.504749,26.355505,-24.517918,69.36363,17.136103,11.45566,1.8765588,8.076818,-18.804483,7.747401,75.20306,-53.41429,3.7969766,11.497199
178,-0.042883623,6.907444477,2.7315588,-17.00152407,-83.12287471,-72.55758471,-12.692645,16.477768,23.478397,15.099034,27.629042,-15.000033,-14.167033,-19.59552,-25.385378,21.69992,21.104704,6.3740597,-1.3565849,-3.49128,-1.6245296,8.522476,26.351748,-24.488987,69.360565,17.14704,11.444764,1.8646019,8.060232,-18.805298,7.741083,75.23023,-53.456585,3.776057,11.506932
179,-0.045202453,6.907201767,2.732069016,-17.02310615,-83.10593684,-72.52679024,-12.700776,16.452316,23.445816,15.063028,27.6792,-15.000033,-14.182996,-19.609598,-25.385279,21.705938,21.100111,6.375322,-1.3779368,-3.4958217,-1.6453075,8.540055,26.347736,-24.456059,69.35486,17.16088,11.4347725,1.8509,8.043533,-18.80493,7.725407,75.25847,-53.500843,3.752463,11.514216
180,-0.043997802,6.91049099,2.732837439,-17.02489673,-83.09134828,-72.5192535,-12.708794,16.435053,23.424976,15.0372715,27.709648,-15.000033,-14.196202,-19.617695,-25.385601,21.707218,21.09773,6.3748784,-1.3904341,-3.4993653,-1.6656696,8.548033,26.34467,-24.431585,69.35809,17.162828,11.424794,1.8412347,8.036508,-18.80424,7.711155,75.27389,-53.523792,3.7354686,11.519128
181,-0.043598015,6.910588741,2.733915806,-17.00582075,-83.07984,-72.53780838,-12.72128,16.43097,23.420643,15.036843,27.704552,-15.000033,-14.206441,-19.618069,-25.386295,21.704767,21.096542,6.3721843,-1.3977938,-3.4979005,-1.6763738,8.55799,26.34029,-24.393816,69.35266,17.16586,11.415508,1.8379961,8.03341,-18.803307,7.694336,75.270065,-53.532703,3.7261212,11.519406
182,-0.040647395,6.912889481,2.734372377,-16.97352727,-83.06945862,-72.57374483,-12.7340555,16.432846,23.425152,15.043838,27.682348,-15.000033,-14.214243,-19.613424,-25.38768,21.697393,21.096401,6.3676906,-1.397742,-3.4956992,-1.6925607,8.560288,26.337196,-24.368692,69.35712,17.15312,11.406564,1.836739,8.035714,-18.802858,7.684956,75.26379,-53.518185,3.719824,11.515899
183,-0.039238412,6.91574049,2.736025333,-16.9450043,-83.06008303,-72.60610264,-12.747048,16.437084,23.430872,15.054576,27.655384,-15.000033,-14.221005,-19.607103,-25.38914,21.688826,21.097,6.362437,-1.4050515,-3.491084,-1.6976327,8.571773,26.331436,-24.31629,69.34893,17.154718,11.398401,1.8379985,8.03796,-18.802713,7.669468,75.24304,-53.504856,3.7172513,11.513432
184,-0.039870333,6.914811611,2.739104033,-16.90749901,-83.05251885,-72.6438422,-12.754824,16.435549,23.433714,15.055266,27.640646,-15.000033,-14.229195,-19.605574,-25.387793,21.685448,21.096006,6.3583636,-1.4110135,-3.4896991,-1.7073597,8.57862,26.327187,-24.281563,69.34982,17.14312,11.391725,1.8393359,8.033901,-18.802435,7.654047,75.238525,-53.479897,3.7142591,11.515875
185,-0.03682955,6.917263031,2.738793373,-16.88449259,-83.0471205,-72.66228147,-12.755429,16.42593,23.42962,15.041898,27.644611,-15.000033,-14.238601,-19.610806,-25.38392,21.688782,21.09361,6.3550506,-1.4212401,-3.4916332,-1.7125608,8.588613,26.3234,-24.244658,69.34741,17.12852,11.388346,1.842018,8.023465,-18.80167,7.6265163,75.24058,-53.446663,3.713597,11.526848
186,-0.038668461,6.916903019,2.739938259,-16.85357344,-83.04384288,-72.68609868,-12.751446,16.411743,23.422487,15.0209465,27.6578,-15.000033,-14.248876,-19.619932,-25.37814,21.695942,21.09057,6.3517966,-1.4324677,-3.49585,-1.7173167,8.596631,26.320168,-24.211275,69.349434,17.10635,11.386302,1.8457576,8.009962,-18.800396,7.592984,75.24866,-53.400513,3.714305,11.543209
187,-0.040133946,6.918692589,2.737941504,-16.81513312,-83.04180648,-72.71575909,-12.744525,16.396265,23.417782,14.9966955,27.67313,-15.000033,-14.259718,-19.630062,-25.369595,21.704702,21.08714,6.349933,-1.4410061,-3.4990034,-1.7009002,8.608225,26.312193,-24.150116,69.33144,17.113642,11.385713,1.8510667,7.9958286,-18.796108,7.525796,75.24159,-53.387848,3.714873,11.558711
188,-0.039136924,6.922034264,2.738521338,-16.77902457,-83.03766556,-72.74731781,-12.742567,16.388111,23.417963,14.981222,27.68016,-15.000033,-14.269862,-19.633453,-25.360872,21.706564,21.086983,6.349886,-1.4444371,-3.5008054,-1.6961653,8.611335,26.304535,-24.115913,69.329735,17.116451,11.383639,1.8555766,7.9882,-18.791235,7.485833,75.23936,-53.378376,3.7155297,11.567762
189,-0.037991155,6.923882008,2.739346266,-16.72549535,-83.03168712,-72.80007399,-12.746414,16.388193,23.425793,14.97687,27.674757,-15.000033,-14.279465,-19.628723,-25.350142,21.699978,21.090431,6.353672,-1.4428445,-3.501474,-1.6972474,8.611337,26.301786,-24.10112,69.33238,17.125183,11.379212,1.8575321,7.9864635,-18.789522,7.4714293,75.23386,-53.38465,3.7174485,11.569769
190,-0.034163848,6.924987793,2.737529755,-16.65887886,-83.0245782,-72.86881512,-12.75302,16.393118,23.438837,14.97753,27.662886,-15.000033,-14.289104,-19.618904,-25.337492,21.688087,21.096392,6.360249,-1.4383909,-3.4995127,-1.6935261,8.612669,26.297857,-24.082779,69.32892,17.149097,11.373937,1.8586931,7.9885955,-18.787031,7.458755,75.2195,-53.411617,3.7195244,11.567733
191,-0.037565701,6.922683239,2.738494873,-16.60140656,-83.01767484,-72.92833862,-12.759189,16.40013,23.454403,14.97998,27.650126,-15.000033,-14.297931,-19.607935,-25.324867,21.675602,21.102865,6.3664775,-1.4326727,-3.4977021,-1.6903667,8.61392,26.295725,-24.072521,69.324974,17.176687,11.369164,1.8597178,7.9911766,-18.785767,7.454223,75.20881,-53.448242,3.7186193,11.561858
192,-0.037113629,6.924438477,2.739446402,-16.54849686,-83.01229502,-72.98442724,-12.7654505,16.408937,23.469067,14.9866495,27.639061,-15.000033,-14.305104,-19.59766,-25.315092,21.665825,21.107939,6.3691807,-1.4286962,-3.4950566,-1.6864111,8.616908,26.293419,-24.062502,69.31868,17.20525,11.365727,1.861058,7.992518,-18.784452,7.450467,75.20615,-53.492256,3.7094922,11.552841
193,-0.037321739,6.923738956,2.738844395,-16.51308144,-83.00956492,-73.02412051,-12.769496,16.420519,23.484196,14.9966,27.632357,-15.000033,-14.309402,-19.587519,-25.308102,21.65962,21.110106,6.365807,-1.4263632,-3.491424,-1.6799637,8.622153,26.289621,-24.05247,69.308914,17.237713,11.364427,1.8636407,7.9881697,-18.782557,7.446721,75.22216,-53.55679,3.684617,11.535723
194,-0.0362265,6.926418304,2.738900185,-16.49229577,-83.0086109,-73.0507875,-12.772032,16.434296,23.50097,15.009434,27.627823,-15.000033,-14.312521,-19.577871,-25.302116,21.655956,21.11079,6.3586144,-1.4239556,-3.487103,-1.6730635,8.627981,26.28455,-24.04783,69.298485,17.272911,11.36485,1.8673335,7.974492,-18.780638,7.445677,75.25982,-53.639236,3.6479747,11.510986
195,-0.034714475,6.926877022,2.740072489,-16.47549931,-83.00746475,-73.07084777,-12.7725525,16.444565,23.516502,15.017415,27.626099,-15.000033,-14.315467,-19.57175,-25.298313,21.655766,21.110548,6.352261,-1.4207149,-3.485138,-1.6650507,8.63002,26.283154,-24.049276,69.289154,17.30295,11.364703,1.8706489,7.973033,-18.780203,7.447271,75.27833,-53.704308,3.618736,11.492759
196,-0.035561625,6.923081875,2.741755247,-16.46896228,-83.00382335,-73.08320903,-12.779653,16.457462,23.525185,15.03211,27.618979,-15.000033,-14.315883,-19.56272,-25.300205,21.649864,21.11577,6.349302,-1.4207646,-3.4793854,-1.6676002,8.635326,26.277119,-24.053682,69.28437,17.33027,11.367703,1.875138,7.9581175,-18.778265,7.4502745,75.31095,-53.74773,3.5988443,11.477286
197,-0.038053021,6.923596382,2.746906519,-16.47930728,-82.99681908,-73.07537205,-12.785476,16.461397,23.52831,15.034595,27.612457,-15.000033,-14.316633,-19.560284,-25.307215,21.64641,21.123491,6.3544083,-1.4227926,-3.4785397,-1.6683414,8.636857,26.276085,-24.05525,69.28001,17.35215,11.369125,1.8781011,7.9612536,-18.777798,7.452413,75.2955,-53.730377,3.6120672,11.482342
198,-0.037481427,6.924039841,2.748808146,-16.49915198,-82.98700515,-73.05818523,-12.79512,16.464146,23.52563,15.037301,27.602774,-15.000033,-14.315275,-19.55827,-25.320639,21.639715,21.135231,6.3640876,-1.4263098,-3.4768815,-1.6723484,8.639185,26.274872,-24.057446,69.27426,17.374212,11.371746,1.8804748,7.9704323,-18.776947,7.45677,75.26027,-53.675594,3.6446092,11.49787
199,-0.038449913,6.923873901,2.753978252,-16.52705141,-82.97557484,-73.03437356,-12.809162,16.467892,23.517525,15.04244,27.594921,-15.000033,-14.312775,-19.554766,-25.337477,21.629725,21.14959,6.3727837,-1.4316404,-3.4742749,-1.6792321,8.6418295,26.272263,-24.060814,69.26983,17.392006,11.376776,1.8858687,7.9969583,-18.77465,7.467362,75.20072,-53.607243,3.6883247,11.51929
200,-0.040897336,6.919751167,2.755035639,-16.5457709,-82.96777437,-73.01714746,-12.817269,16.467333,23.512272,15.043883,27.59609,-15.000033,-14.314854,-19.556452,-25.345943,21.628222,21.15981,6.376463,-1.4404364,-3.4759178,-1.6860763,8.645164,26.270441,-24.06018,69.27188,17.397575,11.38049,1.893622,8.007924,-18.772917,7.468953,75.17545,-53.586178,3.703302,11.529277
201,-0.039055571,6.920394897,2.755644083,-16.53369799,-82.96247871,-73.02805237,-12.825342,16.465223,23.507973,15.046218,27.608139,-15.000033,-14.322711,-19.560612,-25.34725,21.63245,21.166948,6.370617,-1.4555205,-3.4795113,-1.6944509,8.653626,26.267473,-24.051218,69.276436,17.388083,11.385351,1.9083123,8.010454,-18.770338,7.4526854,75.176956,-53.633957,3.6852484,11.530453
202,-0.035580315,6.918593407,2.754870415,-16.50640801,-82.95999285,-73.05134704,-12.830411,16.459644,23.505072,15.0468445,27.628277,-15.000033,-14.335159,-19.569136,-25.341951,21.64407,21.171085,6.359073,-1.4672667,-3.48209,-1.6876687,8.667875,26.261333,-24.021542,69.26456,17.385246,11.392276,1.9287503,7.9870853,-18.765255,7.3794537,75.212814,-53.76422,3.636173,11.522154
203,-0.035545234,6.919361591,2.756884336,-16.4837571,-82.95825536,-73.06940922,-12.833305,16.451363,23.500343,15.044147,27.653135,-15.000033,-14.347489,-19.579636,-25.335476,21.656754,21.174833,6.3480535,-1.4736489,-3.4866056,-1.6810822,8.67372,26.256046,-24.000877,69.26059,17.378498,11.396858,1.9472271,7.9666443,-18.761133,7.3137455,75.249596,-53.883755,3.5860963,11.512066
204,-0.033895191,6.917366505,2.754734993,-16.48105891,-82.95634908,-73.06785221,-12.83529,16.442875,23.490852,15.0402155,27.677422,-15.000033,-14.354309,-19.588928,-25.33234,21.664604,21.1804,6.3436427,-1.4737961,-3.4925823,-1.6767738,8.672884,26.25366,-23.995123,69.26159,17.377346,11.398396,1.9591795,7.965315,-18.75965,7.2960305,75.25662,-53.93071,3.5632682,11.506053
205,-0.036604967,6.914533615,2.758822203,-16.48115503,-82.9553745,-73.05581109,-12.823969,16.419397,23.47698,15.009381,27.71721,-15.000033,-14.359765,-19.6085,-25.327944,21.677149,21.18435,6.3506484,-1.455403,-3.507137,-1.6584082,8.655129,26.249897,-23.997581,69.261185,17.404387,11.394867,1.9664062,7.9861794,-18.758606,7.304163,75.220535,-53.91346,3.5706835,11.501564
206,-0.037319381,6.915715218,2.758935928,-16.50301074,-82.9543755,-73.02047237,-12.816186,16.395082,23.454405,14.986491,27.755022,-15.000033,-14.363999,-19.630978,-25.32464,21.693121,21.186232,6.363805,-1.4334426,-3.5242772,-1.644169,8.632284,26.247295,-24.013521,69.26809,17.434464,11.387325,1.9685302,8.019895,-18.760248,7.3700676,75.164154,-53.8223,3.602957,11.498519
207,-0.036780868,6.915929794,2.760164738,-16.52722985,-82.95286037,-72.98512585,-12.8078,16.373516,23.434462,14.96192,27.789429,-15.000033,-14.364647,-19.649078,-25.324165,21.70233,21.19109,6.3779526,-1.4121425,-3.5389156,-1.6294798,8.613371,26.246471,-24.026741,69.27094,17.468946,11.379597,1.9692427,8.049344,-18.762205,7.432871,75.11,-53.725533,3.6381018,11.497262
208,-0.033983033,6.914653778,2.759599447,-16.53852574,-82.94985025,-72.96827591,-12.804433,16.362457,23.427088,14.949084,27.805416,-15.000033,-14.365202,-19.65838,-25.324982,21.70723,21.195759,6.3877363,-1.4315362,-3.5490313,-1.6450356,8.620206,26.242958,-24.028963,69.289955,17.47995,11.3743,1.9719958,8.051113,-18.768663,7.553652,75.09783,-53.62265,3.665058,11.499543
209,-0.031905986,6.913547993,2.759514809,-16.54794268,-82.94511612,-72.96262667,-12.809539,16.36906,23.43773,14.957304,27.790794,-15.000033,-14.362915,-19.653444,-25.33081,21.703035,21.20262,6.391219,-1.4382896,-3.5468903,-1.6462752,8.625813,26.241976,-24.025997,69.28971,17.495949,11.375492,1.975423,8.04948,-18.769703,7.56138,75.09405,-53.617138,3.6664002,11.506892
210,-0.033988059,6.909610271,2.763545275,-16.55357957,-82.93816529,-72.97262986,-12.8289585,16.396433,23.45589,14.99363,27.748531,-15.000033,-14.354902,-19.630991,-25.34479,21.684437,21.214376,6.3901987,-1.4662089,-3.5309083,-1.657556,8.655691,26.238937,-24.002495,69.27996,17.5139,11.381672,1.9808052,8.031621,-18.771223,7.567277,75.10866,-53.634293,3.6610703,11.520518
211,-0.037654031,6.907314777,2.766640425,-16.55402902,-82.93165686,-72.98545978,-12.8445835,16.421452,23.47835,15.025126,27.706768,-15.000033,-14.348649,-19.61005,-25.355152,21.668255,21.224098,6.388603,-1.4893504,-3.5172412,-1.6652946,8.678427,26.235996,-23.982,69.27439,17.530573,11.387026,1.9862773,8.016248,-18.771372,7.5537286,75.12213,-53.6662,3.650444,11.533098
212,-0.039938405,6.907466888,2.770175695,-16.55188418,-82.92665556,-72.99462631,-12.853542,16.43562,23.493586,15.042991,27.683006,-15.000033,-14.347146,-19.597544,-25.357796,21.659527,21.230543,6.3879566,-1.503412,-3.5104785,-1.6677165,8.692555,26.233715,-23.970823,69.27207,17.548403,11.3903475,1.992823,8.008166,-18.77102,7.543713,75.12617,-53.68642,3.642255,11.540522
213,-0.042034067,6.907698631,2.773498297,-16.5351046,-82.92430551,-73.01199211,-12.8572,16.439579,23.495937,15.05032,27.680058,-15.000033,-14.348833,-19.592363,-25.351923,21.655735,21.234722,6.3884287,-1.5089449,-3.5096052,-1.6620644,8.700998,26.231184,-23.963991,69.26886,17.572193,11.390912,2.0014358,8.003893,-18.770916,7.543023,75.12149,-53.690453,3.6356966,11.541137
214,-0.042944126,6.907431602,2.775252342,-16.52286693,-82.92296909,-73.02047934,-12.855306,16.435278,23.492826,15.047046,27.690773,-15.000033,-14.354123,-19.592966,-25.338984,21.65702,21.236341,6.389422,-1.5134705,-3.5140343,-1.6562222,8.706797,26.228674,-23.961855,69.27063,17.594933,11.389751,2.011361,8.000292,-18.771296,7.55566,75.116066,-53.680706,3.628847,11.537909
215,-0.03850539,6.90929985,2.774927855,-16.50288295,-82.92201585,-73.03520572,-12.847853,16.425934,23.48925,15.031845,27.711374,-15.000033,-14.360439,-19.595987,-25.323769,21.658352,21.238214,6.390213,-1.5177747,-3.5208411,-1.6515669,8.710928,26.226309,-23.96247,69.27672,17.614763,11.386556,2.0218399,7.9973407,-18.772045,7.5756593,75.11014,-53.66525,3.6244533,11.532529
216,-0.038423896,6.908380032,2.776521206,-16.47128346,-82.9205572,-73.06172198,-12.847758,16.420881,23.485655,15.03,27.723772,-15.000033,-14.369622,-19.599264,-25.310057,21.664583,21.237236,6.389997,-1.5251304,-3.5257738,-1.6495852,8.717083,26.22257,-23.960327,69.28413,17.632568,11.381753,2.0328906,7.992464,-18.773365,7.599512,75.105286,-53.652668,3.6253724,11.525966
217,-0.038215872,6.911601067,2.778931856,-16.43184233,-82.91759697,-73.09684085,-12.843116,16.413767,23.484217,15.01467,27.744116,-15.000033,-14.378221,-19.601254,-25.29926,21.665491,21.240503,6.3885927,-1.5309318,-3.5289874,-1.648116,8.724932,26.219608,-23.954517,69.29023,17.647717,11.373661,2.0453012,7.987927,-18.77406,7.61939,75.09769,-53.64642,3.635101,11.517462
218,-0.034744605,6.913031101,2.777709484,-16.38720435,-82.9145751,-73.13854397,-12.84719,16.411438,23.478497,15.0156,27.758274,-15.000033,-14.389683,-19.60293,-25.289265,21.670969,21.241713,6.3855495,-1.5290619,-3.5301118,-1.6433427,8.728806,26.217758,-23.951572,69.2933,17.660934,11.364715,2.0568576,7.987173,-18.774338,7.628362,75.085106,-53.648964,3.6482172,11.507088
219,-0.035884757,6.909951687,2.77983284,-16.33975943,-82.91037297,-73.17988012,-12.843827,16.40385,23.480213,15.000435,27.777378,-15.000033,-14.4016905,-19.607418,-25.278803,21.676208,21.24225,6.38332,-1.551121,-3.532285,-1.6453422,8.749708,26.209455,-23.925095,69.298805,17.681608,11.352473,2.0725954,7.975595,-18.77468,7.666488,75.077446,-53.64346,3.6681538,11.496032
220,-0.035499461,6.910963535,2.779934645,-16.33358489,-82.90662465,-73.18620936,-12.84377,16.404213,23.485973,14.995982,27.782503,-15.000033,-14.406553,-19.60733,-25.275145,21.677551,21.241236,6.3813257,-1.5733726,-3.5295994,-1.6455593,8.770446,26.20377,-23.905174,69.3007,17.708876,11.342312,2.08296,7.9564376,-18.774353,7.6742773,75.08605,-53.658367,3.6736243,11.48843
221,-0.03788355,6.909675121,2.783365488,-16.37697868,-82.90260953,-73.14723368,-12.844737,16.413374,23.504332,14.999923,27.767986,-15.000033,-14.402321,-19.601574,-25.278656,21.672726,21.238914,6.3823853,-1.6071053,-3.5221198,-1.6498917,8.795172,26.199694,-23.888418,69.30557,17.742298,11.331695,2.0868747,7.9351573,-18.773134,7.6592917,75.10685,-53.692677,3.6627173,11.486564
222,-0.037325189,6.907814026,2.786333561,-16.44917808,-82.89883253,-73.08478165,-12.847565,16.43013,23.53057,15.011937,27.738768,-15.000033,-14.391042,-19.59104,-25.288279,21.662935,21.235783,6.385077,-1.6500044,-3.5064795,-1.6469092,8.834291,26.19088,-23.852257,69.29294,17.796574,11.32282,2.0892642,7.8905234,-18.76817,7.6045246,75.15298,-53.763577,3.638872,11.484912
223,-0.037845563,6.909000874,2.7874403,-16.53655631,-82.89487712,-73.00534935,-12.848588,16.444324,23.555307,15.019496,27.712902,-15.000033,-14.379615,-19.583193,-25.299456,21.655565,21.229776,6.3857656,-1.6899241,-3.4949126,-1.6475631,8.861257,26.185932,-23.832983,69.2954,17.84658,11.313303,2.0906172,7.8639216,-18.764257,7.5600553,75.18229,-53.821266,3.6171215,11.486736
224,-0.036669854,6.910609245,2.788762331,-16.62529535,-82.89034795,-72.91965277,-12.846438,16.448483,23.566721,15.013462,27.7072,-15.000033,-14.3730755,-19.58327,-25.309875,21.654884,21.220058,6.380388,-1.7188126,-3.4898322,-1.6439053,8.879182,26.180248,-23.821198,69.30047,17.89584,11.306223,2.096223,7.848018,-18.759262,7.529414,75.19221,-53.85421,3.6062603,11.489069
225,-0.034799691,6.911072731,2.7908113,-16.6978894,-82.88611642,-72.84454614,-12.84785,16.442099,23.552061,15.004979,27.724276,-15.000033,-14.376037,-19.595367,-25.319775,21.670216,21.200243,6.3627462,-1.733092,-3.4915814,-1.6317962,8.884262,26.177296,-23.81913,69.3061,17.94525,11.3027315,2.1085465,7.845427,-18.756874,7.524462,75.17459,-53.85825,3.6100066,11.491305
226,-0.035361577,6.911251068,2.791507006,-16.7801553,-82.88089302,-72.7495912,-12.839939,16.417662,23.525343,14.969279,27.768967,-15.000033,-14.386844,-19.622309,-25.32774,21.699423,21.171972,6.3377995,-1.7434821,-3.5051684,-1.6190375,8.87807,26.171185,-23.822285,69.32436,17.99491,11.300648,2.1268291,7.860474,-18.75307,7.5460916,75.12886,-53.831493,3.627607,11.496315
227,-0.034790233,6.914512634,2.792276382,-16.85645246,-82.87668883,-72.66433829,-12.833027,16.39837,23.498178,14.937526,27.811789,-15.000033,-14.39246,-19.642853,-25.337757,21.718693,21.149702,6.314305,-1.7510353,-3.5142543,-1.6038606,8.874782,26.16859,-23.828691,69.33695,18.046808,11.299391,2.1439736,7.8702736,-18.751972,7.570897,75.08712,-53.80019,3.6447868,11.501661
228,-0.034746349,6.915631771,2.792316914,-16.91451863,-82.87500132,-72.59766259,-12.8258095,16.38506,23.491198,14.919837,27.831692,-15.000033,-14.397733,-19.660923,-25.340225,21.739294,21.13013,6.3039813,-1.7791109,-3.5262415,-1.6067951,8.877333,26.158098,-23.838757,69.37283,18.095148,11.296147,2.1598132,7.8679566,-18.749456,7.6459274,75.06845,-53.747868,3.6655302,11.505876
229,-0.031612821,6.912878036,2.792519808,-16.956104,-82.87796657,-72.55829184,-12.819223,16.39148,23.50953,14.9246435,27.81856,-15.000033,-14.388095,-19.65993,-25.341682,21.736708,21.12758,6.3126163,-1.7964365,-3.525986,-1.5900073,8.888192,26.154135,-23.842829,69.378685,18.162436,11.292386,2.166219,7.8606834,-18.749023,7.665398,75.04978,-53.7375,3.6741545,11.513363
230,-0.029048933,6.91274929,2.795906067,-16.99409519,-82.88377,-72.52585565,-12.811613,16.407167,23.544336,14.941526,27.786097,-15.000033,-14.371395,-19.6508,-25.340492,21.724222,21.133663,6.334029,-1.8162436,-3.5223367,-1.5728972,8.903735,26.15049,-23.848557,69.38382,18.235306,11.287916,2.1690738,7.8481603,-18.748909,7.687074,75.03798,-53.727432,3.6826923,11.522932
231,-0.027460087,6.916460991,2.800183535,-17.01579344,-82.89043063,-72.51293752,-12.805823,16.42814,23.582941,14.965089,27.746496,-15.000033,-14.352743,-19.636,-25.33852,21.706085,21.143377,6.356486,-1.83909,-3.5150352,-1.5590572,8.92398,26.143724,-23.856348,69.389565,18.316023,11.282925,2.1722517,7.8294573,-18.74913,7.718131,75.03578,-53.719692,3.6896143,11.530396
232,-0.027147852,6.915788174,2.803211212,-17.03222555,-82.89402928,-72.50381166,-12.802454,16.445087,23.613922,14.982567,27.715645,-15.000033,-14.341168,-19.623045,-25.335598,21.69273,21.148926,6.368993,-1.8627502,-3.5078828,-1.5514687,8.94418,26.13458,-23.864996,69.40182,18.411415,11.27604,2.1792312,7.806277,-18.749685,7.7551756,75.043785,-53.715267,3.693936,11.532135
233,-0.027173428,6.915987492,2.805798769,-17.02687796,-82.8958518,-72.51214001,-12.798969,16.454643,23.63585,14.9889345,27.696732,-15.000033,-14.338692,-19.6152,-25.3324,21.689478,21.14539,6.366344,-1.8780522,-3.5030262,-1.545739,8.956579,26.12222,-23.877947,69.41715,18.534351,11.272756,2.1892726,7.7910743,-18.750227,7.7872543,75.050606,-53.72444,3.6926627,11.525701
234,-0.026978604,6.918279171,2.807221889,-17.00529551,-82.89691295,-72.53615896,-12.795602,16.461721,23.653904,14.989818,27.68247,-15.000033,-14.340371,-19.607897,-25.329336,21.689417,21.138178,6.3551874,-1.886312,-3.4999576,-1.5410411,8.962217,26.112091,-23.895842,69.43624,18.678104,11.2714,2.2010095,7.7825756,-18.750277,7.811822,75.05585,-53.74507,3.688126,11.513696
235,-0.025717977,6.917761803,2.803300619,-16.97387454,-82.89492534,-72.56888143,-12.795017,16.46676,23.670115,14.988228,27.67356,-15.000033,-14.347608,-19.600855,-25.32173,21.689865,21.13261,6.3426414,-1.8933027,-3.4970486,-1.5375584,8.970316,26.101202,-23.916935,69.45729,18.823008,11.2594,2.2128496,7.774788,-18.749702,7.831869,75.05964,-53.768288,3.6817877,11.502396
236,-0.02443199,6.915554523,2.801092625,-16.92789664,-82.88810856,-72.61544446,-12.79873,16.469398,23.68643,14.985085,27.671055,-15.000033,-14.360199,-19.592598,-25.305788,21.685608,21.134928,6.3362384,-1.9042473,-3.4957135,-1.5332485,8.988251,26.094015,-23.932194,69.47931,18.953888,11.224022,2.223857,7.7617598,-18.749147,7.8413596,75.0599,-53.789356,3.6765976,11.497521
237,-0.020072531,6.91877079,2.802494049,-16.84146865,-82.87387528,-72.69961054,-12.806189,16.468208,23.708578,14.974298,27.680702,-15.000033,-14.382276,-19.583088,-25.27568,21.673025,21.151161,6.339158,-1.9312494,-3.4928985,-1.5239336,9.031769,26.082075,-23.952524,69.48286,19.044397,11.16853,2.2439742,7.735391,-18.74878,7.842799,75.04957,-53.814228,3.6751866,11.504425
238,-0.018311994,6.919872761,2.807881594,-16.72908419,-82.85340548,-72.80934145,-12.825071,16.467752,23.731182,14.9747095,27.69035,-15.000033,-14.41477,-19.573322,-25.234797,21.661022,21.172634,6.346926,-1.9658624,-3.4878376,-1.5132904,9.086611,26.065622,-23.97837,69.48285,19.11076,11.095734,2.2705147,7.6946874,-18.749609,7.830761,75.04291,-53.847054,3.671967,11.517747
239,-0.020433767,6.917702198,2.813287258,-16.62781148,-82.83353124,-72.90680581,-12.841529,16.463915,23.747807,14.968041,27.706427,-15.000033,-14.445182,-19.56325,-25.193779,21.647228,21.195814,6.3557997,-1.9929671,-3.4870918,-1.4998283,9.140149,26.058786,-23.980473,69.49114,19.201523,11.001421,2.2830467,7.673219,-18.75024,7.8166275,75.01527,-53.865673,3.6715193,11.5327835
240,-0.015329611,6.920278072,2.811415911,-16.57535281,-82.81952876,-72.95712909,-12.854832,16.458458,23.74902,14.961303,27.721525,-15.000033,-14.465407,-19.553108,-25.162115,21.63507,21.213007,6.3618693,-1.9907222,-3.4798665,-1.4891897,9.186685,26.042538,-23.934658,69.51992,19.370056,10.885878,2.2764685,7.667026,-18.75122,7.7804713,74.99791,-53.87818,3.6718702,11.538556
241,-0.014685227,6.923650742,2.80888772,-16.60655738,-82.81511604,-72.9260945,-12.862826,16.452267,23.729174,14.956054,27.733383,-15.000033,-14.468464,-19.543444,-25.146713,21.625906,21.221422,6.365648,-1.96291,-3.4699974,-1.4638032,9.220179,26.01648,-23.770538,69.58003,19.68713,10.731857,2.2387493,7.6997914,-18.751795,7.729483,74.94826,-53.87246,3.6812327,11.53467
242,-0.014888642,6.922964573,2.80715847,-16.6863693,-82.81605067,-72.84753864,-12.864907,16.443336,23.695677,14.9437,27.748869,-15.000033,-14.4601345,-19.533316,-25.140818,21.614813,21.227043,6.368635,-1.9688201,-3.4500155,-1.4295526,9.283519,25.956194,-23.437897,69.656,20.135187,10.544821,2.188362,7.6979184,-18.756063,7.716718,74.92172,-53.849392,3.699147,11.520176
243,-0.015164022,6.924861908,2.807542801,-16.78414514,-82.81988278,-72.75235751,-12.872185,16.435982,23.65066,14.945698,27.757309,-15.000033,-14.450567,-19.522888,-25.135529,21.610184,21.226885,6.3684354,-1.9844666,-3.4207788,-1.410096,9.335799,25.878372,-23.094467,69.76618,20.58969,10.3568535,2.1353111,7.681494,-18.766401,7.7364397,74.923744,-53.813053,3.7204452,11.501061
244,-0.015387193,6.923984051,2.810139656,-16.8489488,-82.82490311,-72.68978619,-12.877622,16.426836,23.602201,14.946061,27.768229,-15.000033,-14.443847,-19.510408,-25.123089,21.606522,21.226194,6.3627405,-1.9658116,-3.3958418,-1.4015539,9.3492775,25.82994,-22.876862,69.87751,20.947416,10.198163,2.0783756,7.7011795,-18.772955,7.716123,74.9118,-53.80446,3.7365897,11.484502
245,-0.014659023,6.925925732,2.81359458,-16.88002292,-82.83140907,-72.66159656,-12.880373,16.41504,23.546654,14.943194,27.78458,-15.000033,-14.440091,-19.4954,-25.103157,21.604378,21.222628,6.3461456,-1.9573457,-3.3644328,-1.4049668,9.358789,25.786045,-22.734526,69.97359,21.21465,10.07824,2.0221198,7.711119,-18.778261,7.6892667,74.917786,-53.83952,3.750821,11.465563
246,-0.016152781,6.928376198,2.81684947,-16.90517068,-82.84022919,-72.64177364,-12.887749,16.404554,23.479588,14.953733,27.795898,-15.000033,-14.438464,-19.479506,-25.07972,21.609266,21.212864,6.321449,-1.9505769,-3.3230114,-1.4176881,9.345974,25.728292,-22.637384,70.08819,21.439476,9.980185,1.9673642,7.7184095,-18.7846,7.651202,74.93712,-53.90642,3.766376,11.442537
247,-0.016946075,6.927975178,2.816898108,-16.90323492,-82.85013725,-72.64737831,-12.894842,16.392975,23.41392,14.966035,27.805101,-15.000033,-14.439004,-19.46235,-25.04968,21.615261,21.204477,6.2986875,-1.9268566,-3.2915235,-1.4362752,9.329097,25.699642,-22.59885,70.18466,21.61451,9.898255,1.9082073,7.7411804,-18.786276,7.611668,74.95147,-53.969803,3.7785492,11.424239
248,-0.018464342,6.930454254,2.818900108,-16.88228769,-82.85999011,-72.6693801,-12.895774,16.378534,23.360865,14.969208,27.813608,-15.000033,-14.439304,-19.44308,-25.012062,21.61528,21.205473,6.288064,-1.8994979,-3.2715545,-1.4538041,9.326738,25.690598,-22.583681,70.25115,21.761671,9.8313875,1.8589934,7.7571306,-18.786163,7.5974154,74.96959,-54.00658,3.7874694,11.416289
249,-0.019944632,6.931376457,2.821508408,-16.85217013,-82.87036853,-72.70223073,-12.891443,16.36485,23.32679,14.9672365,27.814371,-15.000033,-14.435013,-19.416935,-24.96697,21.600935,21.221277,6.2956886,-1.8711505,-3.2519991,-1.4486688,9.285385,25.642052,-22.53678,70.35024,21.943832,9.775109,1.8360378,7.7878547,-18.785624,7.581203,74.94802,-54.03891,3.8033974,11.418771
250,-0.019034876,6.929303646,2.824460506,-16.80393106,-82.88145576,-72.75069148,-12.88915,16.352016,23.303297,14.974784,27.802402,-15.000033,-14.433606,-19.389818,-24.912785,21.588455,21.24096,6.315116,-1.8378597,-3.2456143,-1.4453144,9.268082,25.629467,-22.530773,70.403725,22.078348,9.737074,1.8179555,7.8067856,-18.785498,7.5975676,74.939766,-54.037468,3.8141186,11.432038
251,-0.01539566,6.929109097,2.828282356,-16.73105269,-82.8920173,-72.82379824,-12.883232,16.336765,23.280666,14.974421,27.797222,-15.000033,-14.432498,-19.36076,-24.854439,21.571487,21.266844,6.33695,-1.8330905,-3.23477,-1.4581468,9.238201,25.573715,-22.50965,70.5039,22.214012,9.709328,1.8173933,7.7986813,-18.78543,7.6637397,74.96023,-54.02739,3.82942,11.445488
252,-0.015462138,6.925593853,2.833833456,-16.61865254,-82.90046241,-72.93309526,-12.874914,16.315895,23.248772,14.9647255,27.808535,-15.000033,-14.438421,-19.33601,-24.792349,21.560822,21.292702,6.351999,-1.8170027,-3.2311442,-1.4739106,9.227852,25.542025,-22.500786,70.569756,22.344234,9.681795,1.8040069,7.797569,-18.785711,7.68987,74.97787,-54.05788,3.8277159,11.463728
253,-0.018296581,6.92083931,2.838497162,-16.46701599,-82.90672132,-73.07790538,-12.871254,16.28969,23.196075,14.956517,27.841185,-15.000033,-14.454742,-19.318398,-24.726192,21.564463,21.318811,6.357423,-1.8063495,-3.2322757,-1.5024841,9.226507,25.513826,-22.49166,70.63853,22.484795,9.649655,1.7822428,7.7874737,-18.784454,7.6942997,75.01048,-54.13725,3.8123846,11.484871
254,-0.020711536,6.919001102,2.844976187,-16.2883974,-82.91124604,-73.24663816,-12.865667,16.257666,23.132729,14.939638,27.89293,-15.000033,-14.477323,-19.304705,-24.655312,21.574175,21.34859,6.3582206,-1.7968861,-3.238531,-1.5371299,9.238198,25.490597,-22.486998,70.69366,22.62656,9.619957,1.7553083,7.7771664,-18.781908,7.6842184,75.04396,-54.248783,3.7871032,11.510939
255,-0.020608127,6.916948318,2.854310989,-16.06128729,-82.91428538,-73.46230019,-12.856175,16.223944,23.072655,14.91456,27.945818,-15.000033,-14.5019045,-19.289934,-24.58247,21.580288,21.376883,6.357119,-1.7846171,-3.245789,-1.5795909,9.241044,25.462032,-22.487284,70.7613,22.758762,9.594722,1.7309443,7.759475,-18.776955,7.659648,75.09497,-54.375507,3.7522132,11.536254
256,-0.021711068,6.916117668,2.865316629,-15.79869887,-82.914508,-73.71717964,-12.853624,16.199383,23.025637,14.907609,27.968311,-15.000033,-14.528648,-19.269497,-24.51045,21.58152,21.39394,6.356056,-1.7687403,-3.2523112,-1.6278276,9.251136,25.437557,-22.491638,70.813896,22.857815,9.579091,1.7079937,7.7505336,-18.772049,7.6339245,75.14529,-54.484543,3.7095063,11.561286
257,-0.023087602,6.916110039,2.877862692,-15.44470524,-82.91150091,-74.06446601,-12.847422,16.18026,23.003725,14.898305,27.968285,-15.000033,-14.558497,-19.24029,-24.434456,21.569939,21.403526,6.3536835,-1.7449286,-3.2606366,-1.693808,9.24431,25.420727,-22.505198,70.88658,22.92044,9.569306,1.6817719,7.716782,-18.766611,7.5955567,75.25437,-54.598774,3.6387033,11.581725
258,-0.026688688,6.916966915,2.888172626,-15.03962635,-82.90526392,-74.46578454,-12.842075,16.166986,22.995525,14.894097,27.95062,-15.000033,-14.59065,-19.204342,-24.35671,21.55001,21.407614,6.3493123,-1.6992743,-3.2664187,-1.7672148,9.210156,25.389776,-22.548931,70.9774,22.95079,9.573037,1.66106,7.6935325,-18.7532,7.5187683,75.374245,-54.726734,3.556686,11.598798
259,-0.028881626,6.917408943,2.903232098,-14.628392,-82.89772897,-74.87318625,-12.835783,16.154985,22.99202,14.888666,27.919262,-15.000033,-14.619862,-19.167658,-24.28368,21.524345,21.404074,6.3472853,-1.6456288,-3.2745957,-1.8435928,9.163248,25.358126,-22.60104,71.08116,22.966293,9.576995,1.6459091,7.683417,-18.737309,7.439597,75.48351,-54.83189,3.4780707,11.614444
260,-0.030302545,6.923558712,2.91458869,-14.27281327,-82.89078196,-75.22404801,-12.825126,16.139078,22.983648,14.873131,27.879139,-15.000033,-14.640114,-19.13663,-24.222898,21.496618,21.3892,6.3519974,-1.597966,-3.2848108,-1.9096845,9.133757,25.331055,-22.632168,71.1646,22.988836,9.574795,1.6397558,7.682893,-18.724268,7.3794827,75.55936,-54.886,3.4196494,11.630279
261,-0.033821341,6.930486679,2.924120426,-13.97800167,-82.88267241,-75.51243993,-12.810216,16.116982,22.967241,14.843612,27.827501,-15.000033,-14.650842,-19.111298,-24.175068,21.462547,21.362047,6.370042,-1.5646127,-3.299614,-1.9686552,9.147577,25.321686,-22.627909,71.20624,23.016544,9.557024,1.6376901,7.6891704,-18.721535,7.3627625,75.59754,-54.872887,3.3772848,11.654297
262,-0.034535293,6.938470364,2.935051918,-13.70083085,-82.87327384,-75.78182027,-12.786988,16.08871,22.950836,14.792915,27.769869,-15.000033,-14.653846,-19.088644,-24.135983,21.417677,21.326992,6.3973794,-1.5244466,-3.3150568,-2.0218015,9.163746,25.310013,-22.607876,71.24528,23.05455,9.531089,1.6471037,7.710024,-18.72074,7.340549,75.60781,-54.834946,3.3458495,11.680012
263,-0.033424422,6.948610306,2.943919897,-13.48258439,-82.8670388,-75.99240535,-12.767663,16.064354,22.931797,14.756594,27.696445,-15.000033,-14.651984,-19.071342,-24.107407,21.381693,21.279922,6.421881,-1.4937074,-3.3274903,-2.058878,9.180799,25.289476,-22.567036,71.27645,23.100904,9.510295,1.666727,7.7395344,-18.724012,7.325196,75.58644,-54.75773,3.33545,11.700124
264,-0.035017449,6.957654476,2.953563929,-13.35660286,-82.86748521,-76.11397982,-12.744976,16.044538,22.914816,14.724953,27.623232,-15.000033,-14.641821,-19.059267,-24.091743,21.35598,21.227507,6.4316597,-1.4682928,-3.342572,-2.0846314,9.191151,25.28223,-22.54447,71.300705,23.13177,9.504775,1.6898298,7.7584987,-18.725376,7.318636,75.571045,-54.62864,3.3494933,11.703544
265,-0.037267525,6.968191147,2.961393833,-13.33278856,-82.87947353,-76.13367093,-12.715574,16.029293,22.901308,14.702308,27.544825,-15.000033,-14.619572,-19.055958,-24.089685,21.34788,21.162895,6.4229317,-1.461287,-3.355381,-2.0753758,9.193715,25.261713,-22.485012,71.30709,23.183622,9.529138,1.7263596,7.8049154,-18.726473,7.308154,75.48763,-54.423954,3.4151938,11.686286
266,-0.041475501,6.976491928,2.965478897,-13.42062888,-82.89900044,-76.04333157,-12.682779,16.018465,22.888039,14.688004,27.458555,-15.000033,-14.586246,-19.058762,-24.10144,21.351156,21.08708,6.4021482,-1.4610571,-3.370252,-2.0505462,9.182218,25.24255,-22.42775,71.31422,23.231468,9.571752,1.7724627,7.8457036,-18.723026,7.3010144,75.395905,-54.15057,3.517576,11.650057
267,-0.046699155,6.984404564,2.962775707,-13.52854045,-82.92036115,-75.9339635,-12.652316,16.010471,22.876415,14.677039,27.374825,-15.000033,-14.552945,-19.065268,-24.121738,21.35988,21.011627,6.373582,-1.4611965,-3.3850896,-2.0166852,9.170583,25.228842,-22.382751,71.31669,23.275278,9.614528,1.8228216,7.8852,-18.71696,7.294674,75.304,-53.88645,3.6217644,11.606645
268,-0.052382581,6.991867065,2.958001137,-13.61096512,-82.93674199,-75.85090196,-12.631673,16.005373,22.866018,14.667042,27.303606,-15.000033,-14.530537,-19.072569,-24.146248,21.368786,20.947527,6.3414655,-1.4610475,-3.3960683,-1.9835461,9.171931,25.221535,-22.35764,71.316795,23.317837,9.6382885,1.8740525,7.907132,-18.71265,7.2905855,75.24391,-53.712547,3.6922681,11.567252
269,-0.052286819,6.999911308,2.94826746,-13.65266866,-82.9488961,-75.81121557,-12.623422,16.004087,22.853844,14.66014,27.24841,-15.000033,-14.519982,-19.080797,-24.178375,21.37928,20.897392,6.301562,-1.4658818,-3.3986268,-1.9497373,9.18826,25.216673,-22.34217,71.32269,23.365858,9.630096,1.9228941,7.913952,-18.709846,7.2863173,75.2147,-53.660374,3.7237463,11.528139
270,-0.056373917,7.006281853,2.937597752,-13.68489599,-82.96000386,-75.78168934,-12.622691,16.00612,22.840946,14.656701,27.203661,-15.000033,-14.51661,-19.092005,-24.218647,21.394663,20.85516,6.2534447,-1.4812557,-3.3924234,-1.9030731,9.223825,25.200226,-22.31228,71.319046,23.43094,9.605901,1.9797503,7.910038,-18.701862,7.2776165,75.19446,-53.691566,3.7394345,11.482924
271,-0.058657404,7.013509274,2.927215815,-13.70906888,-82.96602689,-75.7604642,-12.628288,16.009878,22.83304,14.652276,27.165283,-15.000033,-14.519421,-19.103031,-24.259954,21.40673,20.819616,6.207134,-1.4942701,-3.3896291,-1.8580846,9.252357,25.193386,-22.305748,71.323784,23.495623,9.579571,2.0410895,7.901492,-18.699219,7.2796364,75.18371,-53.76291,3.7354665,11.448707
272,-0.061083816,7.021353245,2.921111345,-13.69047898,-82.96458619,-75.78051125,-12.635931,16.012346,22.837317,14.638624,27.131075,-15.000033,-14.530001,-19.112606,-24.293772,21.410069,20.789865,6.1724615,-1.5082071,-3.3980038,-1.8108288,9.284111,25.183086,-22.300056,71.314095,23.57251,9.573889,2.118548,7.9001884,-18.69555,7.2993383,75.15428,-53.848545,3.7201734,11.435908
273,-0.058549743,7.028272629,2.91744113,-13.61489773,-82.95193511,-75.85605296,-12.648219,16.012028,22.857048,14.612385,27.100393,-15.000033,-14.552835,-19.119587,-24.315147,21.400866,20.766838,6.1535077,-1.5462637,-3.4226346,-1.776391,9.322002,25.164118,-22.281427,71.307236,23.664942,9.596988,2.2176993,7.894715,-18.688295,7.3910837,75.11435,-53.93786,3.6986775,11.452031
274,-0.058036391,7.034893513,2.911389351,-13.50760509,-82.93041151,-75.96227191,-12.671293,16.013037,22.886116,14.590067,27.067614,-15.000033,-14.587667,-19.126247,-24.329483,21.387306,20.748114,6.144568,-1.5718771,-3.458549,-1.7342162,9.35034,25.155191,-22.278694,71.28733,23.76924,9.632618,2.3231769,7.903226,-18.68418,7.4760404,75.05142,-54.06942,3.6538992,11.493199
275,-0.057207827,7.041630745,2.899770021,-13.39486151,-82.90571199,-76.07402127,-12.688376,16.011723,22.923952,14.550606,27.047928,-15.000033,-14.622396,-19.132696,-24.343681,21.366669,20.73614,6.1411157,-1.6665444,-3.5024798,-1.7173505,9.431636,25.131468,-22.219591,71.268654,23.882952,9.679491,2.452666,7.8447194,-18.673016,7.691662,75.05033,-54.156494,3.6186063,11.533847
276,-0.057709236,7.049007893,2.892167568,-13.3158511,-82.88360612,-76.15146675,-12.7083645,16.015963,22.96132,14.5281105,27.026281,-15.000033,-14.65282,-19.142525,-24.363815,21.355536,20.721674,6.138352,-1.7254354,-3.5457554,-1.6730628,9.49679,25.116753,-22.178339,71.23277,24.009844,9.725714,2.5937402,7.835462,-18.666567,7.8277593,74.990295,-54.24779,3.580765,11.5730715
277,-0.057023287,7.05672884,2.887063026,-13.29860629,-82.86572693,-76.16833343,-12.718402,16.02189,22.999416,14.501263,27.014545,-15.000033,-14.669172,-19.154896,-24.395563,21.346033,20.706379,6.137021,-1.7555072,-3.5913177,-1.6120695,9.551045,25.109663,-22.156061,71.192795,24.14748,9.769796,2.7563515,7.855063,-18.664013,7.91421,74.90517,-54.31246,3.540579,11.608077
278,-0.057414267,7.062347889,2.882397175,-13.30509689,-82.84915089,-76.16193725,-12.723092,16.028534,23.04124,14.471548,27.010044,-15.000033,-14.679659,-19.169922,-24.433027,21.339119,20.690603,6.138909,-1.8818395,-3.6400373,-1.57186,9.696422,25.08241,-22.024149,71.129845,24.313705,9.820398,2.9506862,7.7818365,-18.659576,8.156748,74.898254,-54.30294,3.513851,11.635024
279,-0.058452319,7.065505505,2.881819248,-13.32400413,-82.83171265,-76.14340817,-12.730434,16.038515,23.086061,14.447377,27.009254,-15.000033,-14.690442,-19.185444,-24.471138,21.332731,20.68084,6.1416445,-1.9308758,-3.686649,-1.5004566,9.775011,25.069605,-21.97363,71.07338,24.471754,9.872446,3.1427028,7.800378,-18.65877,8.254821,74.79765,-54.33847,3.482097,11.66342
280,-0.054887827,7.067655087,2.880772114,-13.31303387,-82.81144098,-76.15323302,-12.746292,16.051111,23.133385,14.430314,27.012499,-15.000033,-14.709242,-19.201117,-24.504913,21.32739,20.681654,6.143147,-1.9809116,-3.723386,-1.419345,9.85179,25.059431,-21.932896,71.003784,24.621544,9.928809,3.323855,7.82079,-18.656923,8.305009,74.6818,-54.40657,3.4610157,11.680615
281,-0.05429747,7.069680691,2.874619484,-13.27338838,-82.78243145,-76.19164495,-12.778464,16.067652,23.184847,14.422233,27.022821,-15.000033,-14.743763,-19.216784,-24.534029,21.320759,20.700846,6.144476,-2.0531723,-3.7448683,-1.3235711,9.948052,25.043625,-21.86568,70.89975,24.774221,9.994735,3.495428,7.838953,-18.649918,8.290081,74.53229,-54.542976,3.4602652,11.683341
282,-0.054424535,7.070419312,2.867822647,-13.2042382,-82.74834375,-76.25905872,-12.821291,16.087872,23.240128,14.421216,27.039474,-15.000033,-14.787664,-19.232737,-24.56089,21.313854,20.733187,6.1463065,-2.1119266,-3.7570858,-1.2099912,10.026779,25.028238,-21.81558,70.78595,24.922386,10.067215,3.6618133,7.875142,-18.638313,8.187322,74.3505,-54.734646,3.4681606,11.672078
283,-0.050457336,7.071802616,2.860785961,-13.14308678,-82.7189348,-76.31844414,-12.860495,16.109121,23.297022,14.424372,27.055777,-15.000033,-14.828186,-19.24853,-24.583363,21.310429,20.765785,6.145456,-2.1289253,-3.7689772,-1.0738981,10.057276,25.006723,-21.800488,70.69295,25.081457,10.140867,3.826679,7.95585,-18.61621,8.015085,74.124176,-54.94734,3.485557,11.653663
284,-0.046186615,7.072319984,2.852112532,-13.14290697,-82.70248209,-76.31507719,-12.882155,16.127594,23.353096,14.427197,27.066313,-15.000033,-14.853455,-19.26507,-24.599506,21.3156,20.78474,6.139328,-2.1329947,-3.7887723,-0.9495545,10.075851,24.989712,-21.825434,70.62932,25.226742,10.206942,3.9855828,8.0415745,-18.596031,7.924112,73.922226,-55.06914,3.5071084,11.636505
285,-0.043812301,7.070770741,2.852254391,-13.20195681,-82.70438726,-76.24911536,-12.880068,16.141602,23.408926,14.429511,27.070942,-15.000033,-14.856405,-19.28375,-24.608322,21.330061,20.788998,6.134374,-2.1345575,-3.819932,-0.8302671,10.097937,24.982386,-21.86127,70.58273,25.374949,10.260516,4.1349435,8.125751,-18.587585,7.9494076,73.74538,-55.07571,3.527693,11.626521
286,-0.045289721,7.06906414,2.845695257,-13.32259335,-82.71824028,-76.1209169,-12.862454,16.153133,23.464876,14.432397,27.07274,-15.000033,-14.843836,-19.303856,-24.611912,21.350641,20.785093,6.1299176,-2.1296222,-3.8548236,-0.7046047,10.124891,24.97838,-21.902847,70.5329,25.531734,10.309357,4.277264,8.207566,-18.583872,8.028069,73.5815,-55.018417,3.5495405,11.617789
287,-0.045652233,7.067538738,2.843268871,-13.45356653,-82.73808507,-75.98091234,-12.836893,16.16444,23.520617,14.435343,27.069674,-15.000033,-14.82802,-19.322454,-24.60932,21.378826,20.770538,6.1115246,-2.1532063,-3.8926582,-0.6110717,10.1704235,24.971235,-21.955343,70.511246,25.665794,10.355157,4.419114,8.271476,-18.582256,8.22089,73.45633,-54.8822,3.5865617,11.60229
288,-0.046436056,7.065555573,2.838368416,-13.56233664,-82.76002028,-75.86720261,-12.811787,16.180593,23.573921,14.444251,27.056189,-15.000033,-14.817973,-19.334846,-24.601278,21.415194,20.7429,6.064842,-2.164294,-3.9180572,-0.48696706,10.224714,24.967926,-21.98447,70.44797,25.826622,10.399196,4.5535307,8.344651,-18.584036,8.343275,73.29884,-54.796093,3.619005,11.582656
289,-0.044839252,7.064188957,2.829770565,-13.65537394,-82.78354882,-75.76857794,-12.78423,16.197023,23.627636,14.453723,27.034275,-15.000033,-14.800847,-19.328505,-24.563189,21.42068,20.743504,6.069128,-2.183269,-3.9364057,-0.36029586,10.29442,24.964867,-22.007006,70.37095,25.974068,10.433138,4.6897407,8.417479,-18.587936,8.44411,73.131744,-54.735737,3.6542113,11.557171
290,-0.042591024,7.06345892,2.824986696,-13.75115527,-82.81064959,-75.6662899,-12.752635,16.21342,23.680803,14.465136,27.004663,-15.000033,-14.776622,-19.309464,-24.503733,21.408236,20.759388,6.1045103,-2.1951306,-3.949984,-0.22423838,10.366485,24.963306,-22.032434,70.28404,26.117706,10.458393,4.825366,8.499563,-18.592066,8.513359,72.95023,-54.69137,3.690576,11.527574
291,-0.042513698,7.06454277,2.821349621,-13.8279137,-82.83991094,-75.59072644,-12.7215185,16.23887,23.729649,14.482634,26.965696,-15.000033,-14.773695,-19.30173,-24.470861,21.45447,20.708038,6.0073156,-2.1889298,-3.9538789,-0.07206826,10.428503,24.962755,-22.057962,70.187,26.293865,10.493601,4.947745,8.591111,-18.59428,8.561479,72.75488,-54.654076,3.7304754,11.490085
292,-0.042662244,7.069247246,2.819529057,-13.87102572,-82.8685128,-75.56342689,-12.69659,16.281574,23.770327,14.510305,26.915674,-15.000033,-14.82304,-19.330341,-24.511835,21.637897,20.505697,5.6147118,-2.1720366,-3.9439013,0.07625769,10.488528,24.962246,-22.091763,70.08759,26.518867,10.5588,5.0460615,8.709097,-18.600504,8.659043,72.54119,-54.577473,3.783251,11.441411
293,-0.043372579,7.07718277,2.816398382,-13.87537521,-82.89333193,-75.60493081,-12.689179,16.359371,23.794773,14.558693,26.855343,-15.000033,-14.936117,-19.373825,-24.612597,21.96543,20.131918,4.8755393,-2.126264,-3.9039533,0.24135964,10.5312,24.961054,-22.116089,69.9698,26.825438,10.658863,5.110262,8.833793,-18.604898,8.761173,72.31908,-54.502396,3.8428154,11.382683
294,-0.042613186,7.091497421,2.816196442,-13.84932295,-82.91575661,-75.69620285,-12.69085,16.460623,23.808582,14.617057,26.787882,-15.000033,-15.095928,-19.427473,-24.75293,22.39853,19.629227,3.8814178,-2.1039038,-3.843301,0.3888702,10.601668,24.95561,-22.114887,69.84153,27.175596,10.784254,5.150552,8.943734,-18.61829,8.968965,72.11636,-54.37557,3.9170198,11.313728
295,-0.03936749,7.106665611,2.817139387,-13.80254344,-82.9439211,-75.80584923,-12.685777,16.557384,23.823326,14.6801,26.703716,-15.000033,-15.282547,-19.537203,-24.97196,22.940676,19.00861,2.68322,-2.0605104,-3.783828,0.56673455,10.660479,24.949503,-22.109058,69.69985,27.579014,10.92835,5.177687,9.065577,-18.628883,9.140315,71.89275,-54.24752,3.9927278,11.231945
296,-0.035515781,7.121991158,2.817195177,-13.73999386,-82.98544383,-75.90048089,-12.645337,16.615559,23.855305,14.715457,26.607788,-15.000033,-15.471467,-19.748196,-25.309237,23.585674,18.283426,1.332011,-2.0211399,-3.7522125,0.77351934,10.722425,24.941755,-22.092943,69.55672,28.017128,11.084782,5.20447,9.186896,-18.641935,9.30353,71.65858,-54.08141,4.070275,11.132616
297,-0.02766246,7.130078793,2.813715935,-13.65114151,-83.03841759,-75.98356119,-12.567072,16.623747,23.912304,14.718498,26.501017,-15.000033,-15.677585,-20.10851,-25.820824,24.394363,17.391094,-0.28291762,-1.9640381,-3.7553685,1.0121728,10.779348,24.938198,-22.086407,69.40407,28.510147,11.257899,5.2195845,9.301802,-18.647741,9.393229,71.43321,-53.906815,4.1357713,11.014697
298,-0.026037341,7.136011124,2.821109772,-13.51162314,-83.10113843,-76.08234038,-12.448681,16.586246,23.994589,14.678363,26.393122,-15.000033,-15.9031725,-20.588972,-26.452194,25.343714,16.332794,-2.1386328,-1.9381732,-3.7930133,1.2590289,10.867337,24.932753,-22.038935,69.24205,29.05743,11.448081,5.2205453,9.420389,-18.662458,9.535266,71.19387,-53.67856,4.205636,10.882155
299,-0.025438057,7.141684055,2.822329044,-13.40237217,-83.17719975,-76.14518039,-12.319886,16.541044,24.069744,14.650403,26.257557,-15.000033,-16.086456,-21.087702,-27.115108,26.27855,15.228235,-3.9909203,-1.9166831,-3.8347552,1.5450014,10.968913,24.92821,-21.981462,69.058174,29.61481,11.647382,5.2331314,9.518133,-18.679926,9.673051,70.95653,-53.41098,4.2829213,10.7314005
300,-0.023446556,7.151084423,2.820620775,-13.34376617,-83.27205344,-76.16528275,-12.190451,16.507748,24.120447,14.657172,26.082579,-15.000033,-16.185469,-21.520817,-27.713793,27.07294,14.196451,-5.598255,-1.874584,-3.8722167,1.8810592,11.0439415,24.924646,-21.957024,68.88683,30.12339,11.847166,5.284694,9.631278,-18.694714,9.807977,70.68331,-53.0872,4.385778,10.557652
301,-0.024219377,7.158659935,2.81665349,-13.33425811,-83.38432387,-76.14425719,-12.068313,16.488903,24.143713,14.710121,25.860456,-15.000033,-16.194351,-21.899597,-28.278547,27.726347,13.240346,-6.9359417,-1.851294,-3.9050379,2.2539155,11.13492,24.916948,-21.923983,68.70954,30.571548,12.054924,5.3885856,9.719312,-18.718256,10.000916,70.40797,-52.661507,4.5241475,10.352408
302,-0.017977078,7.170396805,2.815831184,-13.36120974,-83.51209515,-76.08852872,-11.944126,16.474396,24.15013,14.790751,25.601496,-15.000033,-16.136873,-22.258793,-28.844147,28.299385,12.305145,-8.118362,-1.8230741,-3.9374874,2.666674,11.217205,24.904205,-21.90104,68.53662,30.986029,12.272588,5.5292068,9.805742,-18.74304,10.202555,70.114365,-52.166443,4.6862154,10.119748
303,-0.014136995,7.187263489,2.81949687,-13.4496491,-83.65830337,-75.97679662,-11.807668,16.471992,24.18238,14.890611,25.311743,-14.887878,-16.027481,-22.556435,-29.32937,28.77504,11.43155,-9.119539,-1.7832836,-3.9638638,3.1249695,11.278917,24.888906,-21.907917,68.378456,31.374596,12.484568,5.6920395,9.903039,-18.766836,10.415954,69.7918,-51.63704,4.859381,9.873387
304,-0.011952715,7.20720005,2.820123434,-13.63637084,-83.82611907,-75.77857114,-11.654461,16.48291,24.212791,15.003232,24.99919,-14.723616,-15.881476,-22.749336,-29.65544,29.139065,10.664426,-9.918813,-1.7412086,-3.9758904,3.6315799,11.327307,24.871346,-21.949993,68.233665,31.745293,12.675234,5.8627024,10.005399,-18.794132,10.664672,69.444756,-51.10074,5.0291553,9.6281395
305,-0.00973862,7.230530739,2.8201406,-13.98076806,-84.02541293,-75.43593265,-11.475175,16.505955,24.217268,15.134768,24.646967,-14.557365,-15.678476,-22.816944,-29.791275,29.361275,10.048939,-10.440179,-1.6980897,-3.968857,4.1995096,11.353161,24.851053,-22.046679,68.116646,32.095833,12.838959,6.0372133,10.114934,-18.82912,10.960959,69.07116,-50.541767,5.1899834,9.380016
306,-0.017029604,7.253600597,2.867447138,-14.48702159,-84.2517187,-74.9403845,-11.277017,16.538904,24.20066,15.290126,24.255293,-14.382532,-15.423625,-22.790968,-29.787836,29.468197,9.557612,-10.726095,-1.6204597,-3.9530482,4.8526917,11.344967,24.841887,-22.180117,67.99767,32.44859,12.983363,6.2195115,10.258562,-18.849123,11.210532,68.632126,-50.000515,5.346692,9.124165
307,-0.021174958,7.279931545,2.864320278,-15.06142101,-84.48614099,-74.38727013,-11.075773,16.579008,24.163147,15.448129,23.865044,-14.219712,-15.168613,-22.702332,-29.691153,29.527142,9.126586,-10.936087,-1.5743049,-3.926541,5.4853773,11.346928,24.818712,-22.360683,67.91804,32.730988,13.116472,6.4213734,10.376522,-18.896626,11.606111,68.22606,-49.385784,5.512673,8.872344
308,-0.019638501,7.306792736,2.845270157,-15.56792949,-84.71304805,-73.90917528,-10.886583,16.622189,24.105907,15.591885,23.514418,-14.089195,-14.964959,-22.582392,-29.54272,29.606533,8.689757,-11.227673,-1.530251,-3.8920858,6.1414027,11.377946,24.784624,-22.479813,67.78109,33.02716,13.241713,6.641897,10.500308,-18.958515,11.982394,67.77289,-48.836906,5.6807985,8.646488
309,-0.018749379,7.332651138,2.836723566,-15.94189686,-84.91664495,-73.57665811,-10.727584,16.672274,24.028196,15.715213,23.216259,-14.0006275,-14.838429,-22.425669,-29.345465,29.713654,8.241171,-11.631592,-1.485847,-3.8479025,6.7944674,11.435799,24.74188,-22.544752,67.59213,33.332615,13.354997,6.8740907,10.630412,-19.029446,12.359556,67.28287,-48.325104,5.8572836,8.435473
310,-0.020004692,7.354919434,2.841422558,-16.24906814,-85.10991627,-73.32044191,-10.583567,16.728178,23.931116,15.823384,22.952093,-13.9414215,-14.757731,-22.219757,-29.080025,29.817308,7.814331,-12.070016,-1.4426503,-3.795565,7.4572215,11.511836,24.693577,-22.57882,67.36905,33.637524,13.455455,7.1190596,10.762377,-19.104706,12.75229,66.76418,-47.833084,6.0409327,8.233838
311,-0.027252769,7.376690388,2.851369619,-16.59358596,-85.31786082,-73.0299265,-10.428461,16.782433,23.815388,15.934157,22.701979,-13.898234,-14.691911,-21.984158,-28.753069,29.931065,7.3997293,-12.536277,-1.3950329,-3.754113,8.147913,11.599116,24.653109,-22.609695,67.12626,33.914764,13.554053,7.391669,10.893637,-19.170078,13.147595,66.225746,-47.40378,6.232799,8.060805
312,-0.041116908,7.392693996,2.860550165,-17.08218873,-85.56588605,-72.5881611,-10.231521,16.826254,23.682732,16.054024,22.453043,-13.858345,-14.607979,-21.737255,-28.371408,30.064278,6.988937,-13.022746,-1.3662252,-3.734816,8.881785,11.714674,24.617887,-22.634266,66.868996,34.143658,13.661757,7.7088475,11.00612,-19.235384,13.571954,65.68044,-47.063038,6.430796,7.9406247
313,-0.048017669,7.405194759,2.849920988,-17.82507815,-85.87449195,-71.8884793,-9.972577,16.867582,23.528492,16.204659,22.195374,-13.836846,-14.496271,-21.476698,-27.921762,30.237577,6.559204,-13.564222,-1.3994863,-3.7395356,9.670861,11.889621,24.595545,-22.728508,66.563896,34.200157,13.80744,8.088941,11.055159,-19.316008,14.095666,65.14938,-46.814037,6.6461005,7.893147
314,-0.058061123,7.417337418,2.868138313,-18.82514596,-86.22647446,-70.93407527,-9.653486,16.91176,23.3521,16.389668,21.909204,-13.843031,-14.370242,-21.187967,-27.407274,30.435215,6.1260147,-14.152714,-1.4419324,-3.761034,10.512767,12.084055,24.596909,-22.896385,66.22369,34.13016,13.974175,8.516815,11.091282,-19.391453,14.640905,64.5964,-46.66124,6.8766794,7.9028435
315,-0.06835255,7.431411743,2.906856775,-20.11748642,-86.58534639,-69.68182343,-9.32828,16.945326,23.159657,16.582844,21.614483,-13.837706,-14.241995,-20.8841,-26.855413,30.62517,5.7291083,-14.714951,-1.502597,-3.7987018,11.372732,12.342055,24.600468,-22.896227,65.8507,34.179466,14.105228,8.95577,11.135495,-19.490223,15.205405,64.017265,-46.549896,7.0933666,7.9462347
316,-0.07888978,7.442723274,2.923187971,-21.76740592,-86.91573613,-68.0604792,-9.031806,16.954884,22.956133,16.774786,21.298811,-13.788641,-14.120713,-20.57334,-26.249676,30.773283,5.407735,-15.000033,-1.4945333,-3.846182,12.233809,12.57781,24.568386,-22.57618,65.546715,34.60141,14.154178,9.381153,11.2606125,-19.56482,15.635553,63.391426,-46.501926,7.2800326,7.986731
317,-0.091982834,7.453504086,2.954900742,-23.86620331,-87.20366249,-65.9768451,-8.772789,16.93296,22.73947,16.950642,20.959074,-13.700398,-13.998892,-20.257057,-25.599892,30.856638,5.1810455,-15.000033,-1.4152318,-3.9074273,13.089256,12.790937,24.450369,-21.690592,65.377716,35.64911,14.077587,9.7928095,11.474795,-19.616407,15.937488,62.7112,-46.519516,7.435169,8.032145
318,-0.104021192,7.466950417,2.999046326,-26.49873922,-87.46670895,-63.3509496,-8.533331,16.89282,22.506245,17.117596,20.604015,-13.587803,-13.869234,-19.934303,-24.958227,30.892155,5.024171,-15.000033,-1.3619213,-3.9784944,13.935478,12.999491,24.190659,-20.319214,65.35299,37.16232,13.924428,10.228237,11.668493,-19.664793,16.242496,62.057804,-46.58957,7.5768948,8.087574
319,-0.108898208,7.478838921,3.013036251,-29.6948039,-87.71580111,-60.15558861,-8.31561,16.844782,22.261305,17.312443,20.230265,-13.430386,-13.7512665,-19.61798,-24.320276,30.921535,4.901654,-15.000033,-1.2940917,-4.035443,14.760398,13.130231,23.868076,-18.963352,65.42671,38.68925,13.7774725,10.685587,11.872047,-19.710234,16.493288,61.441334,-46.6929,7.7018557,8.126754
320,-0.108949058,7.489358425,3.034877539,-33.63739855,-87.95015271,-56.177226,-8.092502,16.743149,22.038752,17.48604,19.881018,-13.189319,-13.691267,-19.372145,-23.669867,31.022734,4.76501,-15.000033,-1.283462,-4.109042,15.547513,13.24934,23.563807,-17.976149,65.44688,39.817223,13.7135105,11.154229,12.02452,-19.770323,16.748262,60.916397,-46.78462,7.8096557,8.123843
321,-0.112046979,7.49810648,3.065322638,-39.52803334,-88.18711956,-50.18611964,-7.8044386,16.544798,21.848803,17.606403,19.558037,-12.846818,-13.669868,-19.234573,-22.974234,31.246119,4.5769253,-15.000033,-1.3419154,-4.2325172,16.333637,13.405794,23.345322,-17.511791,65.313126,40.395462,13.752788,11.617788,12.1264305,-19.849987,17.003014,60.49115,-46.86433,7.8952055,8.066924
322,-0.113577731,7.507375717,3.116009474,-47.40024667,-88.40477291,-42.18923026,-7.509294,16.318064,21.666855,17.744783,19.224323,-12.432652,-13.564513,-19.13448,-22.280375,31.5608,4.2407923,-15.000033,-1.4026389,-4.3802323,17.119024,13.603833,23.226507,-17.36644,65.04519,40.64705,13.837924,12.063182,12.234166,-19.931885,17.211813,60.097458,-46.95368,7.9572067,7.9792023
323,-0.111388296,7.515090942,3.150516033,-57.1014477,-88.57507622,-32.34791926,-7.2371435,16.060987,21.462404,17.888731,18.908907,-11.971692,-13.47887,-19.073341,-21.59978,31.906841,3.8872926,-15.000033,-1.4567803,-4.551438,17.890732,13.831689,23.180561,-17.361345,64.69068,40.72168,13.931773,12.487961,12.355632,-20.001673,17.370155,59.708405,-47.0414,7.9915695,7.874913
324,-0.103185929,7.522805214,3.192581654,-67.85000513,-88.67682773,-21.4501329,-7.0222616,15.770655,21.201633,18.045355,18.631212,-11.487599,-13.425996,-19.051216,-20.961432,32.267647,3.5309286,-15.000033,-1.4950194,-4.7410808,18.639215,14.05743,23.168112,-17.330227,64.32207,40.76726,13.999783,12.89686,12.506569,-20.052694,17.466345,59.293667,-47.116642,7.993452,7.768204
325,-0.094505176,7.531912804,3.225849152,-78.4536388,-88.71319244,-10.68564034,-6.868849,15.444638,20.888996,18.21623,18.396368,-10.959854,-13.404517,-19.070154,-20.378206,32.639736,3.17155,-15.000033,-1.5444578,-4.9519935,19.355972,14.301352,23.170988,-17.244356,63.925266,40.791687,14.062158,13.293921,12.680891,-20.111774,17.531527,58.83987,-47.17211,7.9567566,7.6704106
326,-0.084072381,7.538350582,3.265539885,-88.27806495,-88.69891701,-0.668896805,-6.7556434,15.064844,20.543314,18.393818,18.198519,-10.383605,-13.437809,-19.15744,-19.8157,33.090454,2.772841,-15.000033,-1.5988297,-5.200899,20.042173,14.540048,23.186245,-17.19815,63.51915,40.729557,14.132542,13.6880245,12.855472,-20.152195,17.55917,58.40041,-47.22212,7.8919606,7.562064
327,-0.078311384,7.542032242,3.307033062,-96.57697028,-88.63859363,7.83819886,-6.6738443,14.6374445,20.147038,18.550665,18.054672,-9.809628,-13.519415,-19.289953,-19.263632,33.590046,2.3581886,-15.000033,-1.6684419,-5.4651394,20.720055,14.814495,23.224453,-17.104662,63.065266,40.634666,14.153545,14.059298,13.0591755,-20.21357,17.548481,57.914726,-47.245487,7.799216,7.4537544
328,-0.066471338,7.548636913,3.352863789,-102.9379302,-88.54024346,14.39820679,-6.6263857,14.183713,19.677984,18.682673,17.969606,-9.287001,-13.632803,-19.428946,-18.720669,34.090187,1.9657363,-15.000033,-1.7321987,-5.704882,21.39223,15.075839,23.259775,-16.937246,62.63893,40.551514,14.082915,14.410107,13.289853,-20.26505,17.474827,57.405952,-47.240135,7.6954575,7.333724
329,-0.055485904,7.554659367,3.389318705,-107.2025714,-88.41249282,18.86366386,-6.616728,13.682071,19.129028,18.780533,17.953474,-8.797554,-13.786043,-19.590408,-18.191685,34.60213,1.5887718,-15.000033,-1.7975833,-5.929848,22.062037,15.338044,23.282658,-16.622192,62.229694,40.529053,13.898281,14.724568,13.554697,-20.309654,17.311823,56.852192,-47.203243,7.577887,7.2133617
330,-0.027687225,7.563372135,3.417456627,-109.7839695,-88.27017827,21.64151892,-6.659214,13.14919,18.50605,18.886114,17.98423,-8.327149,-13.972874,-19.764196,-17.685316,35.123363,1.227572,-15.000033,-1.8579761,-6.134452,22.705107,15.56169,23.285404,-16.249098,61.887268,40.5096,13.635914,15.0219965,13.835741,-20.334242,17.08907,56.302452,-47.127663,7.4513664,7.0810823
331,0.000165898,7.572193623,3.451095104,-111.345253,-88.12095889,23.37303297,-6.7199187,12.616442,17.826162,18.965916,18.06677,-7.930266,-14.1742115,-19.90962,-17.187262,35.625664,0.9082591,-15.000033,-1.9529444,-6.3130693,23.36669,15.824331,23.282867,-15.787784,61.50352,40.49233,13.312561,15.312858,14.112652,-20.369766,16.844511,55.728256,-47.052967,7.3059907,6.9349875
332,0.028656252,7.583229065,3.492614269,-112.3682584,-87.96839184,24.5134634,-6.781685,12.127697,17.101995,19.02186,18.183695,-7.6589475,-14.36998,-19.981335,-16.687956,36.079422,0.6552679,-15.000033,-2.079905,-6.4351335,24.01875,16.089151,23.28169,-15.400082,61.13989,40.365738,12.9626,15.631416,14.363322,-20.42733,16.680298,55.194393,-46.94299,7.158426,6.7469645
333,0.054450333,7.595330238,3.525754929,-113.002612,-87.81078709,25.19840224,-6.840071,11.691123,16.313725,19.043627,18.348242,-7.5530243,-14.555166,-19.955322,-16.163841,36.473984,0.47504267,-15.000033,-2.2001605,-6.475552,24.64902,16.279886,23.287745,-15.201566,60.871864,40.063286,12.587738,15.997999,14.591436,-20.468334,16.585257,54.744186,-46.77746,7.017584,6.483875
334,0.080913395,7.622454166,3.577891827,-113.2084401,-87.64768387,25.40478427,-6.9016433,11.283417,15.462376,19.033993,18.559713,-7.57714,-14.740891,-19.860357,-15.628563,36.83039,0.3529151,-15.000033,-2.3331013,-6.461579,25.276997,16.460323,23.301422,-15.075086,60.621395,39.657734,12.171593,16.386595,14.8081255,-20.505524,16.526073,54.323635,-46.575607,6.874628,6.1707067
335,0.115054935,7.658308983,3.632851362,-113.1293524,-87.4892488,25.29822373,-6.9668097,10.901017,14.591285,19.012598,18.781338,-7.6706443,-14.9302635,-19.733007,-15.128326,37.162476,0.27678847,-15.000033,-2.4782667,-6.4146957,25.908358,16.662474,23.33924,-14.966074,60.35198,39.20636,11.718456,16.766792,15.04592,-20.57884,16.480162,53.876087,-46.381325,6.7153773,5.8573046
336,0.150415301,7.696391582,3.684868574,-112.8773291,-87.34489049,25.00718634,-7.0354567,10.5392275,13.744075,18.996113,18.97952,-7.7716517,-15.131764,-19.612352,-14.706508,37.493004,0.23460408,-15.000033,-2.6053317,-6.3505692,26.51747,16.823343,23.37682,-14.904222,60.15716,38.74263,11.258762,17.143843,15.288888,-20.643904,16.430122,53.45626,-46.24769,6.558176,5.560378
337,0.188413426,7.728374958,3.752675295,-112.3930887,-87.21214175,24.47791459,-7.107179,10.189778,12.917711,18.978916,19.15121,-7.8831162,-15.348375,-19.507687,-14.374767,37.823853,0.22052455,-15.000033,-2.7229815,-6.2738066,27.100313,16.947618,23.40491,-14.869232,60.046383,38.27575,10.780918,17.52382,15.528945,-20.691143,16.371113,53.080223,-46.209293,6.3945026,5.283512
338,0.223825946,7.756906509,3.804373026,-111.7036973,-87.08512214,23.72861844,-7.1823883,9.856375,12.093447,18.956865,19.310614,-8.0303955,-15.57734,-19.401258,-14.1123,38.151302,0.23521434,-15.000033,-2.8330219,-6.1671486,27.674694,17.056627,23.445278,-14.8721285,59.969616,37.78018,10.272643,17.897648,15.806097,-20.75876,16.294249,52.684364,-46.22869,6.215078,5.024375
339,0.256002069,7.783757687,3.293826056,-111.0279815,-86.97201059,22.97866469,-7.2580285,9.5515995,11.292806,18.940834,19.453775,-8.185593,-15.815073,-19.290474,-13.914964,38.483418,0.27752763,-15.000033,-2.9344966,-6.0483885,28.23884,17.134642,23.476856,-14.90596,59.946354,37.282715,9.774035,18.266438,16.056509,-20.810108,16.234459,52.331757,-46.273266,6.0551906,4.7651405
340,0.273294926,7.810735703,3.341693115,-110.5270499,-86.88143872,22.38911942,-7.3404455,9.292138,10.535655,18.957844,19.569216,-8.320877,-16.056757,-19.174715,-13.773915,38.822315,0.35041115,-15.000033,-3.011387,-5.916087,28.809935,17.184406,23.513363,-14.974734,59.941093,36.79983,9.313332,18.613037,16.295824,-20.86223,16.181736,51.979786,-46.30586,5.930253,4.5117645
341,0.291078389,7.836263657,3.376736116,-110.2699611,-86.81611475,22.0262968,-7.4249315,9.085065,9.821473,19.00647,19.655525,-8.442183,-16.292295,-19.057734,-13.707921,39.161808,0.4372757,-15.000033,-3.0715253,-5.776558,29.391733,17.206953,23.545034,-15.067975,59.968353,36.332474,8.893109,18.943888,16.482025,-20.897873,16.170666,51.67108,-46.317192,5.8640313,4.2583137
342,0.310511261,7.866527081,3.43479557,-109.5198652,-86.78529219,21.15442692,-7.555905,8.919435,9.141929,19.079597,19.721375,-8.55783,-16.573584,-18.94333,-13.708466,39.509037,0.5461193,-15.000033,-3.118124,-5.6191535,29.793802,17.219555,23.584915,-15.256977,60.135242,35.851498,8.489695,19.23916,16.674942,-20.935022,16.225294,51.47934,-46.315334,5.828886,4.029543
343,0.327665836,7.888066769,3.479229164,-107.4204912,-86.79513551,18.92511158,-7.7918262,8.784636,8.505609,19.184383,19.775839,-8.6447525,-16.968035,-18.828085,-13.727863,39.8736,0.72185224,-15.000033,-3.1857846,-5.4650908,29.793802,17.26918,23.610415,-15.550743,60.53976,35.380775,8.112531,19.47942,16.860233,-20.954536,16.405754,51.55957,-46.307266,5.7931933,3.8336346
344,0.340215147,7.91099453,3.538184357,-105.1728741,-86.81479488,16.54497126,-8.0473175,8.67542,7.9190087,19.319832,19.814491,-8.6847725,-17.39463,-18.702509,-13.728322,40.25502,0.99590063,-15.000033,-3.2524114,-5.3177285,29.793802,17.322834,23.621956,-15.818048,60.909966,34.9657,7.788892,19.701305,17.032007,-20.957203,16.562298,51.632957,-46.324474,5.741575,3.6328351
345,0.352651149,7.940020561,3.58350153,-102.80367,-86.84296704,14.0389909,-8.321315,8.598207,7.3900414,19.49161,19.832626,-8.666283,-17.851,-18.563133,-13.705604,40.651714,1.4098434,-15.000033,-3.2976284,-5.165578,29.793802,17.334955,23.625717,-16.106539,61.286915,34.585396,7.5228963,19.897552,17.214426,-20.944546,16.677746,51.685493,-46.35465,5.665842,3.4184623
346,0.35874638,7.966163635,3.624304962,-100.2838764,-86.88049261,11.37625534,-8.612707,8.554425,6.9120812,19.693659,19.832134,-8.601845,-18.332256,-18.41398,-13.681062,41.060326,1.9335351,-15.000033,-3.3211436,-5.004825,29.793802,17.318295,23.62091,-16.410187,61.664,34.244167,7.309116,20.071318,17.400732,-20.911026,16.750486,51.728607,-46.411175,5.5789213,3.1973386
347,0.365136296,7.987377644,3.671255302,-97.50647265,-86.92162962,8.452864054,-8.925143,8.5303135,6.471543,19.91919,19.82306,-8.507128,-18.840189,-18.256964,-13.650873,41.47934,2.4994347,-15.000033,-3.3301287,-4.8437867,29.793802,17.292149,23.608135,-16.701187,62.01924,33.946598,7.1402807,20.24558,17.58245,-20.859127,16.793364,51.76356,-46.49615,5.4932365,2.9798744
348,0.370459557,8.006796837,3.711193275,-94.35303749,-86.9575777,5.154695566,-9.260302,8.511419,6.0552187,20.15525,19.81964,-8.398297,-19.378904,-18.093714,-13.609276,41.908672,3.0417843,-15.000033,-3.3474941,-4.695725,29.793802,17.308027,23.593596,-16.929964,62.299225,33.700535,7.00666,20.437449,17.753885,-20.814535,16.834785,51.77542,-46.60359,5.416704,2.782952
349,0.374162734,8.01766777,3.749527645,-90.90074817,-86.97413147,1.590215099,-9.599411,8.46369,5.681201,20.376608,19.830563,-8.261857,-20.20987,-18.021093,-13.447634,42.904945,3.2552977,-15.000033,-3.3438034,-4.570802,29.793802,17.289982,23.569277,-17.171412,62.56968,33.48645,6.9241295,20.663862,17.935644,-20.745903,16.827913,51.77138,-46.774338,5.3579297,2.6106565
350,0.376843929,8.026668549,3.78532095,-87.10293961,-86.98080695,-2.323695139,-9.96529,8.433814,5.342137,20.61746,19.837276,-8.10049,-21.089405,-17.93441,-13.264848,43.94356,3.4534352,-15.000033,-3.3419302,-4.4506164,29.793802,17.296333,23.543827,-17.369135,62.777756,33.319286,6.886945,20.902592,18.110018,-20.67897,16.807585,51.744045,-46.98589,5.3049064,2.4614744
351,0.386688411,8.028553009,3.81809063,-83.07997673,-86.97967294,-6.468331669,-10.351996,8.415355,5.0124803,20.874338,19.850351,-7.9340453,-21.973751,-17.834652,-13.097132,44.95469,3.6647964,-15.000033,-3.325439,-4.3230476,29.793802,17.306202,23.512726,-17.541367,62.955906,33.19402,6.8765116,21.15709,18.287807,-20.607996,16.76851,51.699963,-47.188267,5.2602363,2.3104384
352,0.392111003,8.029513359,3.844319534,-78.96337561,-86.96977315,-10.70851843,-10.748925,8.394809,4.6683526,21.135632,19.885502,-7.7815924,-22.8656,-17.74166,-12.962696,45.967995,3.86374,-15.000033,-3.2920132,-4.187434,29.793802,17.316542,23.469921,-17.685392,63.123806,33.11221,6.873301,21.42943,18.471664,-20.528131,16.717789,51.64798,-47.33183,5.2253327,2.133675
353,0.400967538,8.026864052,3.867391777,-74.78204229,-86.95206648,-15.01596869,-11.155833,8.370798,4.3056235,21.403141,19.941809,-7.648622,-23.764479,-17.664497,-12.871195,46.990448,4.0274367,-15.000033,-3.2591062,-4.0521216,29.793802,17.371763,23.42905,-17.768904,63.239243,33.076336,6.868005,21.710417,18.662573,-20.472824,16.69138,51.572006,-47.36474,5.197981,1.9294865
354,0.411827952,8.019516945,3.888239574,-70.51737968,-86.92203793,-19.40842453,-11.575028,8.347881,3.9364874,21.677402,20.015005,-7.525392,-24.680134,-17.597015,-12.807228,48.030445,4.162346,-15.000033,-3.2170026,-3.9114053,29.793802,17.446178,23.38525,-17.814722,63.31887,33.082535,6.8745146,22.005016,18.863579,-20.429533,16.666206,51.47255,-47.32942,5.1788087,1.7082787
355,0.423454672,8.010075569,3.910221767,-66.18610506,-86.87903372,-23.86870192,-12.005419,8.322375,3.560954,21.955326,20.109993,-7.4083385,-25.621408,-17.534359,-12.756478,49.099636,4.2943544,-15.000033,-3.1630616,-3.761388,29.793802,17.502525,23.312204,-17.8369,63.409233,33.136562,6.900128,22.323586,19.069395,-20.373833,16.610966,51.363445,-47.29195,5.164782,1.4762169
356,0.437147319,7.994600296,3.931490135,-61.79420829,-86.81868825,-28.39337838,-12.446702,8.292335,3.1787655,22.230026,20.23394,-7.2946024,-26.600084,-17.468256,-12.703514,50.208538,4.4539566,-15.000033,-3.1113327,-3.609994,29.793802,17.584543,23.230696,-17.81794,63.46447,33.236088,6.942545,22.655092,19.297028,-20.32271,16.520689,51.210945,-47.295437,5.1439123,1.2538708
357,0.446016818,7.970963478,3.949091148,-57.36551065,-86.73745761,-32.95577547,-12.904421,8.258878,2.8104434,22.509718,20.382816,-7.1645827,-27.623266,-17.403406,-12.64895,51.36487,4.637695,-15.000033,-3.0577664,-3.45958,29.793802,17.70191,23.15062,-17.757639,63.465897,33.392967,7.011462,23.005066,19.554335,-20.277792,16.382267,51.005074,-47.355152,5.1058292,1.0435123
358,0.46914351,7.94301033,3.963143063,-52.96403372,-86.63636494,-37.49163662,-13.373262,8.221599,2.4501247,22.786058,20.557936,-7.0272455,-28.685225,-17.342062,-12.597675,52.563023,4.833589,-15.000033,-2.9999325,-3.314608,29.793802,17.867788,23.090754,-17.657091,63.39704,33.593548,7.100073,23.365206,19.839184,-20.245113,16.216972,50.746998,-47.432808,5.0564456,0.8398134
359,0.489652961,7.915587902,3.97794981,-48.70543911,-86.51625322,-41.88830791,-13.845384,8.174197,2.0570827,23.050287,20.768496,-6.9228373,-29.77408,-17.273233,-12.543405,53.786148,5.0609837,-15.000033,-2.9296842,-3.150791,29.793802,17.978926,22.969894,-17.54076,63.387062,33.83833,7.2053046,23.745548,20.132116,-20.185135,15.992423,50.482754,-47.556194,5.0200458,0.6338324
360,0.505304039,7.884861469,3.992449951,-44.65456204,-86.37929273,-46.07805956,-14.312928,8.107383,1.5923482,23.29108,21.023754,-6.8911524,-30.881193,-17.18892,-12.478463,55.021362,5.3370776,-15.000033,-2.8620186,-2.992144,29.793802,18.11407,22.855389,-17.393345,63.351368,34.073383,7.2985706,24.100554,20.440992,-20.13067,15.772583,50.184555,-47.668686,5.0061617,0.4364666
361,0.515573978,7.848025799,4.005491924,-40.77802833,-86.22729386,-50.0991479,-14.772068,8.014026,1.022442,23.499855,21.322592,-6.9572463,-32.01009,-17.083727,-12.401966,56.268665,5.676898,-15.000033,-2.7901113,-2.838972,29.793802,18.289192,22.7613,-17.207226,63.27274,34.313972,7.3742986,24.423376,20.77078,-20.083847,15.545213,49.846714,-47.76302,5.012588,0.24741633
362,0.530300319,7.808638573,4.015655231,-37.07383983,-86.06039628,-53.9507321,-15.224802,7.898722,0.3764101,23.684113,21.659805,-7.0967817,-33.162746,-16.96297,-12.319386,57.53306,6.0688715,-15.000033,-2.7131803,-2.6833868,29.793802,18.45995,22.646189,-16.989496,63.20238,34.578762,7.449093,24.740196,21.105404,-20.025047,15.294881,49.494293,-47.86451,5.038781,0.05892882
363,0.548592746,7.768961906,4.024902534,-33.63729058,-85.87564794,-57.53642638,-15.677984,7.7723646,-0.2922931,23.859688,22.03709,-7.274898,-34.331676,-16.832155,-12.234313,58.80919,6.4916267,-15.000033,-2.6335678,-2.5274186,29.793802,18.630999,22.526793,-16.751818,63.12271,34.825584,7.5191293,25.039204,21.463104,-19.962894,15.036862,49.10521,-47.982216,5.0846252,-0.116918534
364,0.568260789,7.723976612,4.038681698,-30.56972897,-85.67055252,-60.75011052,-16.138178,7.6470675,-0.93020576,24.039385,22.458454,-7.4554925,-35.510048,-16.695206,-12.150513,60.09134,6.9253826,-15.000033,-2.5525556,-2.3679647,29.793802,18.792885,22.406565,-16.50835,63.033783,35.01697,7.582144,25.313232,21.860853,-19.898838,14.7783785,48.662437,-48.13212,5.1510935,-0.269247
365,0.593306601,7.679963112,4.050737572,-27.82601979,-85.45235166,-63.64055951,-16.612116,7.530173,-1.5082127,24.240824,22.923124,-7.613708,-36.69611,-16.552492,-12.073132,61.37776,7.377611,-15.000033,-2.462166,-2.2002995,29.793802,18.939257,22.282831,-16.256218,62.93829,35.146286,7.6384144,25.55971,22.303051,-19.835054,14.521881,48.16153,-48.319424,5.2352543,-0.3922584
366,0.609719932,7.63606596,4.057605457,-25.35291092,-85.2215159,-66.2590252,-17.094347,7.4126425,-2.0570927,24.449656,23.431236,-7.771279,-37.894936,-16.402744,-11.999459,62.670486,7.8570685,-15.000033,-2.3640091,-2.0289657,29.793802,19.089622,22.167242,-15.988632,62.817566,35.229282,7.6854725,25.77736,22.790497,-19.776415,14.263345,47.5978,-48.53095,5.3346624,-0.48880598
367,0.625173807,7.587079525,4.064034653,-23.16064126,-84.97229755,-68.59688553,-17.575607,7.2844706,-2.6151364,24.640806,23.981436,-7.962754,-39.10675,-16.246986,-11.925201,63.975735,8.336312,-15.000033,-2.2712474,-1.8583735,29.793802,19.235554,22.052322,-15.720074,62.687397,35.270603,7.724032,25.975721,23.31324,-19.712658,13.996108,46.984005,-48.76641,5.4586563,-0.56957763
368,0.642236352,7.537244797,4.064292145,-21.24368797,-84.69913144,-70.65343502,-18.045822,7.1317334,-3.2196898,24.787256,24.573044,-8.223204,-40.333305,-16.088156,-11.842713,65.29475,8.7912245,-15.000033,-2.195806,-1.7003354,29.793802,19.389984,21.951202,-15.463665,62.536343,35.269062,7.750973,26.155516,23.870504,-19.639051,13.715817,46.321083,-49.020405,5.6133,-0.6414765
369,0.665739715,7.489921093,4.067358208,-19.74486618,-84.39336557,-72.28214681,-18.504057,6.9313707,-3.9331682,24.873735,25.226936,-8.598266,-41.57671,-15.934096,-11.751309,66.63598,9.21112,-15.000033,-2.1535802,-1.5638499,29.793802,19.556246,21.867546,-15.220695,62.360443,35.218517,7.766126,26.315342,24.464138,-19.543919,13.402743,45.599678,-49.301144,5.8004694,-0.68780357
370,0.72612685,7.437987804,4.101673317,-18.54514038,-84.06470789,-73.60620958,-18.952805,6.6977305,-4.7263203,24.91652,25.934483,-9.067625,-42.835743,-15.778279,-11.653278,67.99355,9.613068,-15.000033,-2.125075,-1.4423331,29.793802,19.722427,21.798136,-14.991189,62.16937,35.121223,7.7711616,26.455584,25.089176,-19.417566,13.060807,44.83273,-49.614292,6.0191927,-0.7136231
371,0.706313252,7.396132469,4.127981377,-17.36560681,-83.73018154,-74.91176175,-19.39118,6.475571,-5.4992523,24.941814,26.651146,-9.565409,-44.10749,-15.599533,-11.546289,69.351364,10.013328,-15.000033,-2.0770276,-1.3235793,29.793802,19.883997,21.742819,-14.778826,61.97065,34.98833,7.764971,26.580002,25.735096,-19.268005,12.728346,44.049046,-49.945232,6.2690563,-0.7568815
372,0.693614542,7.345249653,4.148812962,-15.95819787,-83.40429168,-76.45567703,-19.820063,6.311334,-6.1497426,24.972198,27.336103,-10.021457,-45.38906,-15.377743,-11.4295,70.69367,10.427678,-15.000033,-1.9816384,-1.1937854,29.793802,20.0378,21.695723,-14.583461,61.771202,34.83284,7.7463923,26.692953,26.394278,-19.116549,12.445399,43.270794,-50.27593,6.548663,-0.8534991
373,0.729130924,7.292176247,4.156832409,-14.25161121,-83.08843979,-78.31123802,-20.239399,6.2237525,-6.632647,25.010853,27.977812,-10.413823,-46.6899,-15.094043,-11.2893095,72.02101,10.859593,-15.000033,-1.8283386,-1.0430918,29.793802,20.180971,21.647333,-14.411802,61.573483,34.6558,7.719919,26.794195,27.075853,-18.975872,12.23116,42.489902,-50.594227,6.877432,-1.0312309
374,0.784142971,7.233663559,4.166543674,-12.40432092,-82.77140761,-80.31752483,-20.650894,6.189054,-7.0074563,25.04452,28.600151,-10.777226,-48.008602,-14.7618885,-11.134099,73.33993,11.301983,-15.000033,-1.6409076,-0.8776317,29.793802,20.31763,21.594246,-14.256173,61.373726,34.452717,7.684747,26.883013,27.785137,-18.848444,12.064611,41.68839,-50.906395,7.2482767,-1.2617342
375,0.812802672,7.176797867,4.166068745,-10.58444501,-82.44665753,-82.3023528,-21.0632,6.187541,-7.326979,25.079582,29.21593,-11.12366,-49.325306,-14.414171,-10.995624,74.645096,11.753003,-15.000033,-1.442761,-0.70798343,29.793802,20.449232,21.53659,-14.099112,61.177433,34.228153,7.6326575,26.964476,28.508322,-18.730312,11.922707,40.877457,-51.226025,7.621725,-1.49785
376,0.841235757,7.118781567,4.168151569,-8.859970779,-82.12588678,-84.23323122,-21.506836,6.2400336,-7.6643915,25.209873,29.782095,-11.477315,-50.592037,-14.050066,-10.939639,75.92288,12.2066765,-15.000033,-1.2329918,-0.50251025,29.793802,20.57528,21.477024,-13.936071,61.000717,33.986065,7.5558906,27.042435,29.242064,-18.61488,11.778373,40.073048,-51.567104,7.9575505,-1.6920449
377,0.878308237,7.052286148,4.176045132,-7.058146011,-81.83986617,-86.36273064,-22.120226,6.418506,-8.059916,25.823803,30.000067,-11.850687,-51.742744,-13.607691,-11.05181,77.14773,12.6556015,-15.000033,-0.9613845,-0.18121745,29.793802,20.697672,21.418276,-13.778395,60.863052,33.714382,7.4377155,27.114096,30.018486,-18.502247,11.606664,39.26504,-51.94029,8.247708,-1.818196
378,0.916712105,6.980149269,4.181141567,-5.3070901,-81.54616894,-88.44566803,-22.824839,6.6054935,-8.436958,26.659117,30.000067,-12.208501,-52.8696,-13.188092,-11.21492,78.361305,13.094195,-15.000033,-0.6811924,0.13427366,29.793802,20.813564,21.35953,-13.607509,60.736736,33.41462,7.2870526,27.180798,30.804138,-18.384453,11.43278,38.452675,-52.34123,8.51422,-1.9112687
379,0.951867759,6.909517765,4.183855724,-3.705221955,-81.24392963,-90.37460529,-23.51615,6.7919717,-8.813576,27.470196,30.000067,-12.568719,-53.993385,-12.787167,-11.39371,79.5782,13.54377,-15.000033,-0.40273994,0.44129956,29.793802,20.911963,21.302952,-13.445369,60.62707,33.113106,7.1357884,27.244743,31.580717,-18.258514,11.279282,37.667065,-52.753654,8.758757,-2.0014284
380,0.986958206,6.843911171,4.186471176,-2.33902065,-80.93465383,-92.05663875,-24.191149,6.956513,-9.218596,28.246038,30.000067,-12.949224,-55.137966,-12.396143,-11.552596,80.81902,14.023692,-15.000033,-0.13776545,0.7379644,29.793802,20.9877,21.253725,-13.313411,60.532803,32.8341,7.014262,27.305876,32.337166,-18.129778,11.169204,36.93081,-53.156555,8.980675,-2.117191
381,1.017697096,6.774809837,4.189001751,-1.222938303,-80.61703784,-93.47480703,-24.851795,7.087522,-9.678914,28.983637,30.000067,-13.371726,-56.31302,-12.00796,-11.681211,82.08627,14.532907,-15.000033,0.10918328,1.023199,29.793802,21.03537,21.213951,-13.222288,60.45942,32.574547,6.928681,27.36371,33.077797,-17.997225,11.097078,36.247375,-53.570717,9.157456,-2.2698436
382,1.041590571,6.70261097,4.184886646,-0.280922685,-80.29375319,-94.7095881,-25.49978,7.1973424,-10.17288,29.691513,30.000067,-13.822065,-57.50553,-11.625738,-11.797542,83.3672,15.066606,-15.000033,0.3455084,1.2975367,29.793802,21.06136,21.183367,-13.159164,60.403103,32.32363,6.862673,27.41727,33.80734,-17.859068,11.055197,35.604633,-53.99717,9.296475,-2.443283
383,1.07245338,6.63743782,4.17238493,0.575710693,-79.9762953,-95.822456,-26.12125,7.292948,-10.593253,30.36213,30.000067,-14.22427,-58.71673,-11.270879,-11.875892,84.67985,15.629163,-15.000033,0.57361877,1.5321212,29.793802,21.075565,21.158884,-13.1094885,60.354992,32.093777,6.814421,27.467611,34.50714,-17.7164,11.06436,35.013866,-54.391087,9.444301,-2.626067
384,1.11164391,6.568025112,4.150627804,1.403880228,-79.67018832,-96.88119369,-26.718683,7.3960347,-10.910143,31.0061,30.000067,-14.54972,-59.93244,-10.939328,-11.931471,86.01464,16.238588,-15.000033,0.8000165,1.7365686,29.793802,21.083775,21.137371,-13.059501,60.30519,31.898788,6.7819724,27.516623,35.16499,-17.577402,11.141334,34.475754,-54.703915,9.645982,-2.8058243
385,1.147285104,6.501574993,4.130226326,2.226225835,-79.37402055,-97.9375934,-27.306519,7.533343,-11.159036,31.644756,30.000067,-14.818461,-61.140114,-10.593276,-11.990047,87.35084,16.88773,-15.000033,1.0357788,1.9416176,29.793802,21.082777,21.117384,-13.005526,60.25162,31.76867,6.7683735,27.572073,35.784805,-17.438698,11.307159,33.989086,-54.924435,9.935503,-3.0021286
386,1.177309036,6.435591698,4.106863689,3.003947434,-79.08468502,-98.94967469,-27.88778,7.7020206,-11.337617,32.27354,30.000067,-15.000033,-62.347103,-10.238938,-12.047365,88.69212,17.575207,-15.000033,1.2744268,2.1422915,29.793802,21.069424,21.099615,-12.952558,60.199787,31.68919,6.774046,27.631647,36.369064,-17.299057,11.547797,33.55526,-55.077305,10.281555,-3.2147841
387,1.20975101,6.367429256,4.081531715,3.717047771,-78.79890236,-99.88435839,-28.460766,7.896306,-11.412158,32.877773,30.000067,-15.000033,-63.560837,-9.92009,-12.106676,90.05369,18.332706,-15.000033,1.5017426,2.3316936,29.793802,21.040937,21.081673,-12.907395,60.15277,31.605827,6.79324,27.682167,36.916855,-17.166601,11.818574,33.16173,-55.16582,10.629215,-3.4011006
388,1.241570115,6.29838419,4.060978603,4.339493029,-78.51285014,-100.7073793,-29.01412,8.057468,-11.489645,33.444843,30.000067,-15.000033,-64.789955,-9.674273,-12.170361,91.44891,19.194258,-15.000033,1.7016488,2.5144653,29.793802,21.00172,21.06361,-12.887327,60.101078,31.456526,6.817971,27.704918,37.470806,-17.08423,12.059039,32.74396,-55.185287,10.913555,-3.507132
389,1.276500225,6.233530998,4.042218876,4.86676201,-78.22912173,-101.4097677,-29.546642,8.179084,-11.571742,33.978195,30.000067,-15.000033,-66.039894,-9.501116,-12.225046,92.87898,20.213125,-15.000033,1.8845247,2.651696,29.793802,20.91086,21.023544,-12.865757,60.10723,31.267847,6.8661137,27.734304,37.8616,-16.920897,12.298467,32.502937,-55.205154,11.145739,-3.5262609
390,1.330632687,6.174102306,4.026781273,5.321403401,-77.94712897,-102.0218805,-30.065443,8.275095,-11.651574,34.486256,30.000067,-15.000033,-67.31072,-9.370604,-12.263364,94.33335,21.365255,-15.000033,2.0525267,2.7907484,29.793802,20.798994,20.985126,-12.882229,60.114685,31.030733,6.9262486,27.746065,38.26274,-16.795326,12.503315,32.24268,-55.176403,11.318568,-3.4512517
391,1.381175518,6.114984989,4.012532425,5.72635967,-77.66760952,-102.5645017,-30.563387,8.347307,-11.724668,34.95627,30.000067,-15.000033,-68.59171,-9.278964,-12.28681,95.80865,22.561474,-15.000033,2.2165964,2.9158564,29.793802,20.634348,20.932386,-12.918665,60.16583,30.758387,6.9928393,27.740246,38.60414,-16.63412,12.712226,32.050316,-55.075565,11.492318,-3.390667
392,1.428869605,6.059936523,3.997278881,6.100148189,-77.39011582,-103.0543628,-31.035555,8.397516,-11.787374,35.377235,30.000067,-15.000033,-69.87317,-9.228423,-12.300822,97.3049,23.713127,-15.000033,2.374462,3.028762,29.793802,20.432407,20.881563,-12.972961,60.24051,30.433617,7.0479755,27.689997,38.926445,-16.466496,12.942609,31.876211,-54.83762,11.695884,-3.4228485
393,1.474280834,6.006865501,3.975804043,6.416835446,-77.11460807,-103.4620768,-31.480814,8.418515,-11.844197,35.743225,30.000067,-15.000033,-71.15729,-9.226266,-12.298125,98.8269,24.831448,-15.000033,2.5077295,3.1226532,29.793802,20.216127,20.840435,-13.03856,60.31403,30.011934,7.086997,27.581764,39.24034,-16.320631,13.217912,31.696161,-54.417835,11.947815,-3.5708542
394,1.52039814,5.949185848,3.958001328,6.686249553,-76.8417138,-103.7993929,-31.901981,8.413187,-11.894583,36.062454,30.000067,-15.000033,-72.449,-9.267028,-12.260995,100.37176,25.956932,-15.000033,2.6382618,3.1981103,29.793802,19.947987,20.794178,-13.125143,60.42625,29.523474,7.123826,27.439087,39.49553,-16.129126,13.517755,31.582058,-53.876446,12.236711,-3.8039417
395,1.561848879,5.894867897,3.939120483,6.952621786,-76.57120943,-104.1136673,-32.304867,8.392619,-11.927314,36.349144,30.000067,-15.000033,-73.74725,-9.331129,-12.200102,101.935104,27.034935,-15.000033,2.7588706,3.2574806,29.793802,19.66766,20.755695,-13.214718,60.54174,29.03322,7.151903,27.256542,39.740215,-15.949616,13.826481,31.478598,-53.232895,12.510951,-4.0829105
396,1.603862405,5.845030308,3.920059872,7.255186377,-76.30377474,-104.4457601,-32.691254,8.369431,-11.9307785,36.613724,30.000067,-15.000033,-75.04754,-9.402535,-12.128367,103.514145,28.00404,-15.000033,2.888698,3.299014,29.793802,19.360155,20.716753,-13.29524,60.68409,28.628307,7.1741185,27.049984,39.947254,-15.738484,14.12561,31.431454,-52.548767,12.743599,-4.3897676
397,1.646333575,5.79325676,3.89732523,7.577949167,-76.04461702,-104.7755304,-33.05656,8.337178,-11.899463,36.856365,30.000067,-15.000033,-76.34754,-9.502941,-12.045283,105.12178,28.84784,-15.000033,3.0214508,3.3209014,29.793802,19.031296,20.681444,-13.361279,60.847176,28.345911,7.195347,26.801311,40.12588,-15.504037,14.400639,31.431282,-51.787502,12.911404,-4.7175574
398,1.687890887,5.741625786,3.872197342,7.906365294,-75.79157299,-105.0851314,-33.4009,8.291001,-11.839416,37.07102,30.000067,-15.000033,-77.65213,-9.631191,-11.9415045,106.75939,29.59406,-15.000033,3.1467657,3.3212159,29.793802,18.687841,20.650517,-13.416688,61.022484,28.135984,7.2129645,26.51048,40.280018,-15.261109,14.667351,31.465658,-50.93504,13.033253,-5.0763183
399,1.726165056,5.688252449,3.85628624,7.710168081,-75.67073191,-104.8331041,-33.642685,8.120267,-11.870839,37.273537,30.000067,-15.000033,-78.79009,-9.937374,-11.8201885,108.51908,30.000067,-15.000033,3.126281,3.3077433,29.793802,18.306395,20.619541,-13.518787,61.330948,27.946579,7.2139163,26.203964,40.419186,-14.987325,14.9573555,31.633862,-50.075893,13.139384,-5.458804
400,1.766223073,5.631088257,3.848481369,7.557651317,-75.54417473,-104.6270248,-33.88175,7.964292,-11.90139,37.46608,30.000067,-15.000033,-79.89523,-10.213346,-11.704975,110.34071,30.000067,-15.000033,3.1258247,3.3018594,29.793802,17.898287,20.5878,-13.64259,61.66202,27.721474,7.1852117,25.921041,40.541874,-14.6958275,15.266128,31.836184,-49.290443,13.255355,-5.871971
401,1.800593495,5.585429668,3.825915527,7.588295679,-75.38051815,-104.618629,-34.145973,7.855087,-11.909932,37.65071,30.000067,-15.000033,-81.0369,-10.371805,-11.58893,112.10071,30.000067,-15.000033,3.1782057,3.306237,29.793802,17.463146,20.554092,-13.785996,62.00364,27.447075,7.127271,25.662046,40.65048,-14.389063,15.590914,32.0495,-48.58483,13.386174,-6.3151803
402,1.826821446,5.544903278,3.801177692,7.775523355,-75.18519246,-104.7691496,-34.42738,7.78088,-11.891825,37.822163,30.000067,-15.000033,-82.2137,-10.447404,-11.473784,113.81442,30.000067,-15.000033,3.2721,3.3126256,29.793802,17.005081,20.51785,-13.939258,62.351593,27.152012,7.046064,25.412745,40.740505,-14.067071,15.926493,32.278625,-47.920666,13.517614,-6.789362
403,1.854834914,5.498095989,3.777856541,7.990762218,-74.98045383,-104.9425106,-34.712357,7.7120004,-11.863403,37.980206,30.000067,-15.000033,-83.39527,-10.506392,-11.359715,115.50386,30.000067,-15.000033,3.372862,3.3139105,29.793802,16.534286,20.477922,-14.093545,62.703953,26.849003,6.9369655,25.185612,40.800724,-13.730791,16.285583,32.557026,-47.312477,13.650746,-7.2978396
404,1.882196784,5.445708275,3.751668644,8.109665282,-74.79030071,-105.0025314,-34.98527,7.6161866,-11.8438225,38.125767,30.000067,-15.000033,-84.54819,-10.611794,-11.239625,117.18827,30.000067,-15.000033,3.4420223,3.3029816,29.793802,16.062405,20.432362,-14.238721,63.058907,26.550547,6.7952046,24.992605,40.81968,-13.380892,16.682142,32.918983,-46.774097,13.786698,-7.8430095
405,1.902935624,5.39646101,3.730685425,8.075755384,-74.62517938,-104.894668,-35.241787,7.4888024,-11.839677,38.261246,30.000067,-15.000033,-85.66626,-10.76362,-11.108299,118.88113,30.000067,-15.000033,3.4631746,3.2814577,29.793802,15.593051,20.379992,-14.358324,63.425114,26.228481,6.5958285,24.847765,40.796726,-13.0140295,17.129023,33.379574,-46.28276,13.926912,-8.450525
406,1.922472,5.347901821,3.713970375,7.966096297,-74.47115258,-104.6995062,-35.49088,7.3439336,-11.841752,38.386944,30.000067,-15.000033,-86.76678,-10.932897,-10.967961,120.56891,30.000067,-15.000033,3.4544876,3.2506468,29.793802,15.122569,20.321362,-14.459182,63.79973,25.88694,6.34916,24.740662,40.73573,-12.629832,17.617373,33.92165,-45.83915,14.070636,-9.110493
407,1.941160679,5.309923649,3.701500607,7.844517604,-74.31801196,-104.4782528,-35.73134,7.180267,-11.844719,38.492775,30.000067,-15.000033,-87.84913,-11.138285,-10.818136,122.2359,30.000067,-15.000033,3.429092,3.2056043,29.793802,14.652111,20.25639,-14.565034,64.162285,25.589205,6.102833,24.648373,40.634003,-12.235415,18.127266,34.527847,-45.491966,14.21693,-9.771608
408,1.970444202,5.273898125,3.694576454,7.772168421,-74.15573793,-104.2895502,-35.963425,6.995359,-11.842977,38.570663,30.000067,-15.000033,-88.915535,-11.39753,-10.653408,123.86915,30.000067,-15.000033,3.3980238,3.1405258,29.793802,14.183454,20.183569,-14.699124,64.49236,25.397161,5.90457,24.548298,40.49021,-11.841554,18.640192,35.178165,-45.28875,14.365866,-10.381211
409,1.998385072,5.249183178,3.691311073,7.692253216,-74.0006483,-104.0672534,-36.172142,6.767549,-11.841335,38.616913,30.000067,-15.000033,-89.9416,-11.77797,-10.461948,125.486725,30.000067,-15.000033,3.3332999,3.0488248,29.793802,13.724859,20.098927,-14.873687,64.79001,25.347872,5.7839584,24.438715,40.306046,-11.454411,19.165857,35.884518,-45.30425,14.527687,-10.901529
410,2.03583622,5.218073368,3.681599808,7.583440591,-73.85388455,-103.7939764,-36.361458,6.502767,-11.843263,38.637478,30.000067,-15.000033,-90.9364,-12.246166,-10.235856,127.09219,30.000067,-15.000033,3.232605,2.936984,29.793802,13.274694,20,-15.071966,65.06488,25.401344,5.7093077,24.330957,40.086346,-11.074285,19.710516,36.646313,-45.490562,14.701984,-11.365523
411,2.078016043,5.18166256,3.673543167,7.587543531,-73.67924287,-103.628954,-36.559685,6.2425437,-11.836112,38.633232,30.000067,-15.000033,-91.988846,-12.514555,-9.943203,128.6528,30.000067,-14.794368,3.1476517,2.8159332,29.793802,12.823503,19.887892,-15.271193,65.30734,25.503094,5.6364665,24.223345,39.83399,-10.702466,20.253801,37.42294,-45.71117,14.872379,-11.827517
412,2.116936922,5.158180714,3.647717667,7.864426095,-73.4362795,-103.7493303,-36.79758,6.031587,-11.80198,38.60597,30.000067,-15.000033,-93.215416,-12.173874,-9.547415,130.1393,30.000067,-14.021155,3.1371284,2.694134,29.793802,12.361957,19.76637,-15.448683,65.503494,25.59824,5.5215654,24.114153,39.55034,-10.342074,20.77419,38.171894,-45.829918,15.021379,-12.343604
413,2.149205446,5.139533043,3.622087193,8.505248479,-73.09459566,-104.2509615,-37.097042,5.9048743,-11.71556,38.55213,30.000067,-15.000033,-94.588646,-11.638167,-9.198539,131.52168,30.000067,-13.333649,3.2359874,2.569062,29.793802,11.893836,19.639133,-15.591098,65.64232,25.691044,5.342496,23.99738,39.23379,-9.994513,21.273836,38.875885,-45.833355,15.149188,-12.933544
414,2.192219734,5.122526169,3.596986961,9.407699059,-72.67312254,-105.0201838,-37.44005,5.835483,-11.584416,38.470295,30.000067,-15.000033,-96.08349,-10.973325,-8.885781,132.82611,30.000067,-12.707233,3.4111416,2.4287734,29.793802,11.429937,19.50736,-15.706274,65.72269,25.80389,5.1257854,23.875723,38.88282,-9.66108,21.767035,39.553818,-45.786427,15.2635765,-13.565969
415,2.240268946,5.111112595,3.576811504,10.43804331,-72.20328312,-105.9118291,-37.79963,5.7776895,-11.440328,38.36442,30.000067,-15.000033,-97.62978,-10.268713,-8.593775,134.07169,30.000067,-12.120686,3.6213033,2.2687836,29.793802,10.968654,19.371782,-15.805861,65.74813,25.909513,4.9011507,23.76057,38.4956,-9.346863,22.24942,40.225483,-45.670425,15.353527,-14.223314
416,2.262999773,5.118209362,3.527785969,11.47051707,-71.72068745,-106.7890226,-38.14716,5.684131,-11.318178,38.237545,30.000067,-15.000033,-99.149284,-9.602253,-8.298547,135.28032,30.000067,-11.541166,3.8229475,2.0884485,29.793802,10.507335,19.231552,-15.903274,65.723915,25.980297,4.698171,23.662643,38.073864,-9.0583725,22.715286,40.90669,-45.466682,15.407709,-14.885925
417,2.317368269,5.121232033,3.491427612,12.55209875,-71.22060858,-107.6872649,-38.48097,5.551665,-11.193683,38.086582,30.000067,-15.000033,-100.6864,-8.813856,-7.9703016,136.46202,30.000067,-10.805317,4.022704,1.8766567,29.793802,10.051869,19.08411,-16.006424,65.641,25.996546,4.5194993,23.587458,37.60932,-8.801642,23.166794,41.591187,-45.14316,15.411274,-15.550395
418,2.373217344,5.112473488,3.46765728,13.69425668,-70.69498373,-108.6202697,-38.808044,5.394284,-11.058858,37.91157,30.000067,-15.000033,-102.283195,-7.769408,-7.6050353,137.6151,30.000067,-9.8221,4.224997,1.6294357,29.793802,9.611545,18.932838,-16.103643,65.49731,25.974688,4.3504806,23.525805,37.11571,-8.584652,23.614283,42.26316,-44.717033,15.36954,-16.221752
419,2.430066109,5.096444607,3.454523277,14.77296742,-70.16991369,-109.4813188,-39.13247,5.2709565,-10.815195,37.716103,30.000067,-14.697247,-103.822754,-6.763755,-7.236745,138.7276,30.000067,-8.85447,4.397628,1.3704748,29.793802,9.166499,18.77417,-16.182426,65.32737,25.949673,4.1969423,23.47284,36.60027,-8.395299,24.055166,42.956074,-44.248158,15.305835,-16.901476
420,2.492007256,5.087078571,3.44851656,15.64337426,-69.6824686,-110.1471929,-39.435665,5.114486,-10.627615,37.51102,30.000067,-14.264198,-105.209206,-5.8895054,-6.8617735,139.79262,30.000067,-7.9468274,4.530211,1.1509768,29.793802,8.744628,18.67344,-16.287659,65.08176,25.923904,4.0538135,23.385891,36.223396,-8.298009,24.4411,43.524082,-43.79907,15.218786,-17.552183
421,2.545083284,5.078155994,3.446950626,16.23246742,-69.28104652,-110.5467276,-39.68398,4.877504,-10.578908,37.301235,30.000067,-13.775808,-106.357765,-5.2197056,-6.455862,140.82364,30.000067,-7.078795,4.5328684,0.92453104,29.793802,8.302637,18.556614,-16.344513,64.89586,25.939205,3.9349477,23.311834,35.805313,-8.196899,24.86242,44.19598,-43.34975,15.173355,-18.191542
422,2.579405069,5.079030991,3.490441513,15.7081756,-69.25960496,-109.9278435,-39.73691,4.381309,-10.969487,37.11002,30.000067,-13.222266,-106.7476,-6.4830256,-6.06621,141.8406,30.000067,-7.61882,4.042027,0.83309716,29.793802,7.748845,18.325422,-16.373636,65.0714,26.025768,3.8343194,23.255785,35.214077,-8.003012,25.337446,45.314377,-42.856003,15.1385145,-18.821949
423,2.622025013,5.083139896,3.536642265,14.95981869,-69.3323362,-109.0301503,-39.718864,3.7848902,-11.332622,36.880493,30.000067,-12.540263,-106.92733,-8.278691,-5.527561,142.83734,29.910828,-8.656244,3.543304,0.7993945,29.793802,7.077288,18.09371,-16.586346,65.316315,26.083231,3.7549176,23.18202,34.793663,-7.810201,25.676731,46.367855,-42.39269,15.058604,-19.481613
424,2.652281761,5.092163563,3.577139568,15.00769694,-69.13942415,-108.8536627,-39.807487,3.3168776,-11.441299,36.590252,30.000067,-11.870341,-107.23668,-9.091826,-4.946401,143.8467,29.014643,-9.280399,3.26582,0.59358937,29.793802,6.4800878,17.869846,-16.626556,65.27786,26.158329,3.7025416,23.124619,34.237854,-7.6405916,26.052935,47.45441,-41.99339,14.918165,-20.29124
425,2.699607372,5.104726791,3.633394909,15.20113164,-68.86899304,-108.8140993,-39.954338,2.8390827,-11.544336,36.294125,30.000067,-11.195057,-107.59887,-9.695191,-4.3309674,144.75703,28.083923,-9.984233,2.9994402,0.349714,29.793802,5.923382,17.662333,-16.571894,65.07844,26.254208,3.6781,23.040785,33.64335,-7.517242,26.463934,48.611027,-41.623478,14.660184,-21.282093
426,2.77218771,5.114162445,3.67382164,15.49387395,-68.54408362,-108.868041,-40.139782,2.3473692,-11.655039,35.989094,30.000067,-10.507808,-107.97964,-10.148157,-3.680696,145.57455,27.155483,-10.7345,2.7373152,0.078893654,29.793802,5.388713,17.46695,-16.44589,64.7583,26.36799,3.6788414,22.94025,33.030132,-7.4415584,26.899979,49.808964,-41.27765,14.315363,-22.400858
427,2.833552361,5.1284132,3.711383057,15.79157186,-68.21287675,-108.9299002,-40.302517,1.8290892,-11.828037,35.637886,30.000067,-9.87648,-108.21907,-10.791315,-3.0165145,146.30386,26.039555,-11.744143,2.445942,-0.20467265,29.793802,4.8742976,17.28478,-16.278389,64.356026,26.486132,3.6953387,22.855185,32.434437,-7.399876,27.382923,50.99986,-40.965775,13.963768,-23.54295
428,2.858222723,5.145990372,3.749797535,15.98402908,-67.92737977,-108.8988691,-40.3813,1.2717017,-12.125183,35.204285,30.000067,-9.370621,-108.17277,-11.915962,-2.356734,146.9416,24.588844,-13.155598,2.0937703,-0.4855831,29.793802,4.381145,17.125612,-16.106,63.905827,26.59235,3.717518,22.814243,31.892365,-7.368535,27.92952,52.140133,-40.695366,13.686715,-24.606607
429,2.851659536,5.164679527,3.81206913,16.03472564,-67.70610876,-108.7562279,-40.337204,0.67965055,-12.608928,34.642277,30.000067,-9.045265,-107.78377,-13.59919,-1.7652342,147.46428,22.790186,-14.963333,1.6771897,-0.74680734,29.793802,3.902092,16.98887,-15.939775,63.42561,26.680862,3.7387078,22.83742,31.413948,-7.324276,28.564468,53.2509,-40.49086,13.516574,-25.588793
430,2.842248917,5.179698944,3.873891068,16.06561593,-67.48348301,-108.6230928,-40.25306,0.092441134,-13.218063,33.996517,30.000067,-8.853922,-107.58917,-13.896101,-1.1417712,147.77408,21.691296,-15.000033,1.2689166,-0.9766531,29.793802,3.4227936,16.888618,-15.795585,62.877995,26.751293,3.7654088,22.900766,30.99735,-7.2675204,29.240086,54.318027,-40.344948,13.409386,-26.541367
431,2.837889194,5.197209358,3.931650352,16.08985556,-67.22302551,-108.4274154,-40.26759,-0.5617785,-13.816417,33.459686,30.000067,-8.686032,-107.40251,-14.146065,-0.41284865,147.97267,20.582558,-15.000033,0.79277116,-1.2867236,29.793802,2.9763265,16.813204,-15.589206,62.218056,26.826334,3.8106828,22.990274,30.52126,-7.1984963,29.947048,55.386436,-40.208927,13.339398,-27.458212
432,2.857056141,5.220057487,3.980790806,16.1768995,-66.91699467,-108.241753,-40.37725,-1.253491,-14.323384,33.036484,30.000067,-8.465065,-107.26956,-14.288328,0.45527887,148.09238,19.455343,-15.000033,0.2372821,-1.6999882,29.793802,2.5878756,16.752039,-15.265551,61.437717,26.938148,3.8880026,23.082253,29.90341,-7.106577,30.672022,56.50769,-40.025154,13.277538,-28.329458
433,2.897144556,5.248432636,4.018089962,16.3528454,-66.54481011,-108.1521548,-40.55036,-1.911913,-14.772006,32.64651,30.000067,-8.183666,-107.07356,-14.359977,1.359681,148.10297,18.075455,-15.000033,-0.2636733,-2.0954006,29.793802,2.1722302,16.718191,-14.970428,60.564808,27.059986,4.0057445,23.165487,29.274948,-7.0210996,31.299913,57.50558,-39.790688,13.210149,-29.102694
434,2.93039012,5.281820297,4.084119987,16.56576262,-66.13618811,-108.0950862,-40.758213,-2.5677772,-15.1971,32.275127,30.000067,-7.881277,-106.78686,-14.424923,2.3062146,148.00702,16.481226,-15.000033,-0.76454455,-2.499433,29.793802,1.7529837,16.703379,-14.665234,59.60811,27.195593,4.1560535,23.254871,28.621529,-6.936581,31.892231,58.43879,-39.525307,13.155286,-29.800575
435,2.956401348,5.289514542,4.173883629,16.7813247,-65.77604987,-107.9911927,-40.924793,-3.2820404,-15.577135,31.928814,30.000067,-7.5742745,-106.50353,-14.4623785,3.422977,147.8926,15.034656,-15.000033,-1.3227599,-2.9474316,29.793802,1.3469267,16.698288,-14.354386,58.625565,27.330116,4.319338,23.335388,27.975716,-6.8553677,32.468098,59.37647,-39.24318,13.112769,-30.48443
436,3.002717972,5.282613754,4.268213463,16.99766024,-65.55381112,-107.7797484,-40.96283,-4.1194143,-15.876434,31.603348,30.000067,-7.277584,-106.319756,-14.421385,4.8819714,147.84843,14.109023,-15.000033,-2.0807245,-3.5573888,29.793802,1.0643365,16.700241,-13.906556,57.616787,27.480331,4.4761877,23.395699,27.24432,-6.735213,33.145298,60.526478,-38.944946,13.086556,-31.226974
437,3.058298349,5.25124073,4.37499733,17.14966529,-65.60185997,-107.3020331,-40.748604,-5.2208743,-16.060335,31.278994,30.000067,-6.9613643,-106.20118,-14.339923,7.010782,147.93373,13.914909,-15.000033,-3.1490402,-4.3995495,29.793802,0.9246871,16.69682,-13.349863,56.645985,27.620577,4.616061,23.42757,26.456995,-6.572972,33.915424,61.96187,-38.627575,13.069251,-32.06544
438,3.120984793,5.195148468,4.532678795,17.28396958,-65.87211541,-106.6203951,-40.327,-6.553449,-16.13373,30.948706,30.000067,-6.61967,-106.09183,-14.192498,9.693255,148.11156,14.216234,-15.000033,-4.520116,-5.4929366,29.793802,0.9471186,16.690239,-12.635514,55.64982,27.765085,4.752034,23.444,25.559204,-6.358261,34.799076,63.66862,-38.291534,13.059497,-32.958683
439,3.187676907,5.121657372,4.667819691,17.58529647,-66.13757654,-106.0590714,-39.90944,-7.871802,-16.128202,30.638817,30.000067,-6.3078346,-106.111626,-13.782609,12.309632,148.30403,14.793527,-15.000033,-5.930516,-6.695471,29.793802,1.0514756,16.70152,-11.801677,54.527054,27.925087,4.8989553,23.456005,24.5789,-6.10264,35.74045,65.44109,-37.971207,13.06347,-33.84489
440,3.247562408,5.051028252,4.765339088,18.25700215,-66.11493512,-106.0101258,-39.76248,-8.869785,-16.07557,30.393723,30.000067,-6.088694,-106.42736,-12.917889,14.151186,148.40526,15.4520235,-15.000033,-7.0132475,-7.772345,29.793802,1.0908096,16.756815,-10.964027,53.209667,28.108362,5.0692534,23.470516,23.603596,-5.836314,36.625763,66.99141,-37.694317,13.092441,-34.665493
441,3.254659176,4.997648716,4.865750504,19.46037122,-65.59741673,-106.7510335,-40.085793,-9.343523,-15.950702,30.289145,30.000067,-5.989568,-107.266,-11.29682,14.7838955,148.31606,16.361958,-15.000033,-7.48424,-8.551588,29.793802,0.94737536,16.87474,-10.230872,51.67277,28.308825,5.262199,23.49195,22.70935,-5.59477,37.341946,68.12079,-37.486942,13.186001,-35.409966
442,3.222348928,4.947697163,4.911117268,20.97392784,-64.71537382,-107.984513,-40.748196,-9.435306,-15.759414,30.30481,30.000067,-5.9829745,-108.54924,-9.08782,14.575039,148.0776,17.606506,-15.000033,-7.4926147,-9.102731,29.793802,0.6560778,17.048466,-9.607331,49.989388,28.513788,5.469969,23.508331,21.91802,-5.393858,37.91111,68.90813,-37.322796,13.331915,-36.10759
443,3.220515966,4.897377491,4.927086544,22.40673139,-63.70841657,-109.2328213,-41.510513,-9.364625,-15.605021,30.344254,30.000067,-6.051117,-109.94098,-6.924277,13.980295,147.7981,18.768623,-15.000033,-7.331187,-9.525876,29.793802,0.27869913,17.256964,-9.070297,48.269985,28.72691,5.6988573,23.498781,21.234016,-5.232247,38.41333,69.50316,-37.14915,13.463861,-36.757847
444,3.176811695,4.851098537,4.959038925,23.50916907,-62.83817645,-110.131701,-42.123276,-9.379641,-15.550382,30.293097,30.000067,-6.1637692,-111.09453,-5.353118,13.547944,147.62822,19.460482,-15.000033,-7.318274,-9.955738,29.793802,-0.104402676,17.47319,-8.567962,46.61089,28.954233,5.9558663,23.448225,20.633352,-5.094661,38.94741,70.0853,-36.91586,13.512729,-37.360653
445,3.112156868,4.805054665,5.019211483,24.20958387,-62.19120762,-110.5899807,-42.50695,-9.548777,-15.644675,30.086914,30.000067,-6.352706,-111.875015,-4.606093,13.389109,147.6332,19.481752,-15.000033,-7.5534143,-10.406578,29.793802,-0.48126274,17.681818,-8.079362,45.040165,29.218376,6.2595606,23.354036,20.109758,-4.9666567,39.52577,70.69818,-36.61397,13.463941,-37.895462
446,3.036312103,4.746184826,5.099719715,24.6603066,-61.65110057,-110.8115045,-42.781292,-9.761643,-15.847796,29.792103,30.000067,-6.6147127,-112.4563,-4.388719,13.268214,147.74477,19.037758,-15.000033,-7.8965135,-10.819851,29.793802,-0.890617,17.88348,-7.620018,43.522255,29.518103,6.6018014,23.228466,19.64729,-4.8439713,40.107502,71.295456,-36.270428,13.352184,-38.370003
447,2.971924782,4.67587328,5.186162663,25.16362274,-61.11837542,-111.2717565,-43.087643,-9.790881,-16.10129,29.757145,29.901289,-6.898026,-112.8978,-4.3419805,12.945044,147.85529,18.433128,-15.000033,-8.034653,-11.033136,29.793802,-1.4127796,18.068565,-7.298145,42.159447,29.82266,6.947786,23.073645,19.301647,-4.7237635,40.651115,71.87958,-35.88539,13.179323,-38.821285
448,2.919729948,4.588532448,5.267687035,25.80195589,-60.56372369,-111.8832241,-43.689148,-9.83774,-16.21844,30.481968,29.120964,-7.09307,-113.38634,-4.1625657,12.657478,147.97408,17.912132,-15.000033,-8.095036,-11.24187,29.793802,-1.9771467,18.239592,-7.027999,40.847157,30.102322,7.267292,22.90596,18.957226,-4.607379,41.221092,72.512,-35.47104,12.951147,-39.298145
449,2.864071608,4.494983196,5.36196394,26.58448387,-59.99166628,-112.5443963,-44.25525,-9.90354,-16.193232,31.126568,28.457249,-7.1435304,-113.98828,-3.8061585,12.562648,148.1105,17.50489,-15.000033,-8.189035,-11.5704975,29.793802,-2.5035508,18.405087,-6.725927,39.49078,30.344088,7.567577,22.7263,18.556131,-4.498203,41.88151,73.215576,-35.022892,12.665802,-39.796852
450,2.801731348,4.410739899,5.461229515,27.433288,-59.42352513,-113.2137059,-44.785683,-9.982705,-16.080267,31.7272,27.851292,-7.1050153,-114.630745,-3.4207015,12.604819,148.28159,17.085506,-15.000033,-8.328808,-11.984519,29.793802,-2.9927232,18.571833,-6.391293,38.097588,30.568216,7.859352,22.527779,18.124725,-4.3977833,42.62525,73.96671,-34.5392,12.321148,-40.296547
451,2.735871553,4.328577042,5.561629009,28.31051234,-58.84336633,-113.8981053,-45.31501,-10.03508,-15.906285,32.33331,27.268244,-7.0382333,-115.28256,-3.015316,12.676612,148.4511,16.693333,-15.000033,-8.478618,-12.427851,29.793802,-3.4770472,18.7479,-6.046691,36.704674,30.797382,8.115945,22.311567,17.678596,-4.3038163,43.429718,74.75581,-34.02987,11.921719,-40.81813
452,2.666818857,4.250000954,5.666406345,29.16464046,-58.24020446,-114.5974484,-45.87342,-10.022991,-15.702078,32.9931,26.674627,-7.002589,-115.90795,-2.608521,12.675338,148.5865,16.361687,-15.000033,-8.603367,-12.841352,29.793802,-3.9936464,18.94043,-5.7201543,35.35716,31.05385,8.310442,22.079132,17.234991,-4.210428,44.267868,75.57713,-33.506294,11.47166,-41.382233
453,2.618033886,4.174471855,5.777202797,29.97737911,-57.62418693,-115.3115886,-46.451576,-9.929751,-15.47903,33.71029,26.065277,-7.0048122,-116.47946,-2.2454903,12.58225,148.6905,16.066782,-15.000033,-8.688957,-13.199334,29.793802,-4.5588336,19.146324,-5.4180374,34.08362,31.380756,8.421551,21.810839,16.804623,-4.1119356,45.17105,76.425514,-32.92835,10.986984,-42.00215
454,2.553563833,4.111036301,5.892186356,30.77196938,-56.9965259,-116.0378941,-47.038296,-9.775171,-15.223457,34.46227,25.45725,-7.016133,-117.021286,-1.9039546,12.447274,148.77525,15.802535,-15.000033,-8.751747,-13.533841,29.793802,-5.1554317,19.364063,-5.131488,32.859356,31.752028,8.46751,21.513988,16.378117,-4.0062838,46.137135,77.3073,-32.307682,10.458592,-42.66203
455,2.474364758,4.049470425,6.00767107,31.56113998,-56.33361109,-116.7699191,-47.658882,-9.577328,-14.930935,35.255474,24.850943,-7.042634,-117.57472,-1.5052361,12.272572,148.82558,15.625437,-15.000033,-8.799711,-13.871099,29.793802,-5.7756085,19.605528,-4.8729124,31.656624,32.082592,8.48122,21.229643,15.934173,-3.8933089,47.085964,78.24585,-31.734488,9.853711,-43.341145
456,2.397206068,3.991015673,6.122489643,32.35260281,-55.61314478,-117.4949893,-48.339825,-9.355278,-14.597416,36.099922,24.245567,-7.0908403,-118.18419,-0.9674479,12.059111,148.82484,15.597833,-15.000033,-8.835845,-14.235654,29.793802,-6.416498,19.887104,-4.6630683,30.450293,32.28335,8.496637,20.997662,15.454402,-3.7723317,47.93041,79.259796,-31.300064,9.142037,-44.019882
457,2.351355314,3.930360556,6.234276009,33.14574714,-54.83206076,-118.2090906,-49.07858,-9.103619,-14.202904,36.983994,23.663507,-7.1508217,-118.854454,-0.2673259,11.80645,148.76344,15.750408,-15.000033,-8.858815,-14.634496,29.793802,-7.0733047,20.21191,-4.498829,29.2372,32.35884,8.524059,20.85553,14.92868,-3.6402264,48.620525,80.3855,-31.074234,8.294109,-44.716125
458,2.297310352,3.876716614,6.34448595,33.92480811,-54.00735006,-118.9071002,-49.859726,-8.8166,-13.764655,37.907322,23.098763,-7.223517,-119.56047,0.5445701,11.514356,148.65295,16.044077,-15.000033,-8.865149,-15.049309,29.793802,-7.7594113,20.575487,-4.385306,28.041124,32.34168,8.545994,20.772888,14.371942,-3.4923084,49.2026,81.60375,-30.998043,7.337296,-45.435516
459,2.237354517,3.834065914,6.472844315,34.67628263,-53.14367083,-119.5827792,-50.69102,-8.5101595,-13.333912,38.897015,22.505386,-7.331685,-120.28702,1.420131,11.1751175,148.50543,16.40686,-15.000033,-8.85165,-15.466611,29.793802,-8.499402,20.98532,-4.3568335,26.876108,32.18425,8.555556,20.685986,13.790876,-3.328531,49.73784,82.8629,-30.96739,6.3255844,-46.139183
460,2.173307419,3.795007944,6.600170326,35.38936453,-52.24384304,-120.2324176,-51.580795,-8.199071,-12.961435,39.977734,21.838554,-7.498451,-121.02742,2.3189552,10.780663,148.32893,16.783243,-15.000033,-8.812739,-15.874469,29.793802,-9.315552,21.454853,-4.448373,25.752789,31.835001,8.545812,20.530518,13.198835,-3.1523867,50.28804,84.099335,-30.87598,5.3107796,-46.78502
461,2.109713078,3.753875494,6.728386593,36.0619336,-51.30810757,-120.8519144,-52.524612,-7.8989143,-12.666837,41.139545,21.025286,-7.7057405,-121.77317,3.2392142,10.339552,148.11687,17.16889,-15.000033,-8.762753,-16.283548,29.793802,-10.178759,21.987125,-4.6459384,24.644245,31.237114,8.5268755,20.313124,12.578544,-2.9665768,50.83646,85.32395,-30.716448,4.2782373,-47.37263
462,2.0562675,3.721688032,6.856958103,36.69480536,-50.34102655,-121.4412437,-53.51634,-7.601883,-12.426012,42.373325,20.110771,-7.9491925,-122.534966,4.205682,9.85684,147.87416,17.598978,-15.000033,-8.704051,-16.696375,29.793802,-11.089462,22.580252,-4.940802,23.555899,30.428398,8.500713,20.05886,11.933197,-2.7717936,51.3635,86.55608,-30.536978,3.2096186,-47.918118
463,2.001487017,3.682231903,6.993192863,37.280635,-49.34933519,-122.0030174,-54.562603,-7.285285,-12.2257805,43.701458,19.228836,-8.2735195,-123.29696,5.1589007,9.308816,147.60826,18.011047,-15.000033,-8.610459,-17.089733,29.793802,-12.118382,23.24279,-5.378654,22.549492,29.497112,8.448933,19.729475,11.30398,-2.5715652,51.928413,87.74458,-30.310913,2.1481469,-48.399647
464,1.936266065,3.640057802,7.123248768,37.81447558,-48.34251307,-122.5374957,-55.667725,-6.9305706,-12.049814,45.144543,18.514093,-8.723075,-124.05956,6.0656567,8.681689,147.33545,18.36914,-15.000033,-8.461554,-17.449045,29.793802,-13.333504,23.9884,-6.00421,21.683365,28.527306,8.353429,19.285923,10.732006,-2.3733947,52.59854,88.83484,-30.008642,1.1368812,-48.793198
465,1.859950662,3.604900837,7.247998428,38.28898028,-47.31141551,-123.0316678,-56.841858,-6.5330143,-11.876162,46.68311,18.051231,-9.343871,-124.82796,6.9017305,7.973997,147.0627,18.631804,-15.000033,-8.247242,-17.764315,29.793802,-14.758877,24.81493,-6.8293185,20.94799,27.451973,8.21716,18.686909,10.2225895,-2.1850688,53.470276,89.834854,-29.53071,0.13689315,-49.039528
466,1.783601403,3.569349766,7.370798779,38.70799945,-46.26461364,-123.484552,-58.072224,-6.1155806,-11.723922,48.307087,17.755795,-10.102937,-125.602066,7.6918163,7.204975,146.78508,18.833525,-15.000033,-7.9994154,-18.059797,29.793802,-16.349066,25.717571,-7.824827,20.309309,26.251112,8.055173,17.96033,9.75184,-2.012959,54.49823,90.75643,-28.91652,-0.8562154,-49.15972
467,1.695048571,3.523879528,7.489680481,39.09197243,-45.2318499,-123.9246641,-59.319187,-5.699686,-11.642614,50.03096,17.51544,-10.928854,-126.35073,8.449644,6.391789,146.50342,19.014061,-15.000033,-7.752312,-18.368134,29.793802,-18.0814,26.70777,-8.986513,19.796284,25.073269,7.8634386,17.171556,9.315405,-1.8614522,55.52899,91.55533,-28.348227,-1.7542082,-49.259212
468,1.58628428,3.487839937,7.60043354,39.45362756,-44.23980185,-124.3808693,-60.546783,-5.301698,-11.6806965,51.870754,17.216873,-11.75161,-127.05525,9.201605,5.5409255,146.21066,19.231316,-15.000033,-7.528317,-18.714617,29.793802,-19.942131,27.801405,-10.324162,19.442091,24.062447,7.6315193,16.388296,8.911935,-1.7311654,56.3993,92.1909,-28.013533,-2.4744673,-49.45229
469,1.46573174,3.455358028,7.707022858,39.8265156,-43.27042441,-124.8809473,-61.762188,-4.916547,-11.827497,53.836735,16.888353,-12.560001,-127.75255,9.992758,4.640328,145.89856,19.526094,-15.000033,-7.2887473,-19.094593,29.793802,-21.98964,28.988602,-11.858079,19.255407,23.23444,7.370071,15.556431,8.584517,-1.6190197,57.13136,92.61253,-27.883451,-2.9208179,-49.8101
470,1.340265155,3.416806936,7.799487305,40.19535609,-42.32275347,-125.39923,-62.96973,-4.5546975,-12.062827,55.905598,16.574997,-13.395588,-128.44489,10.800657,3.6988316,145.57443,19.867184,-15.000033,-7.047543,-19.501192,29.793802,-24.214716,30.255219,-13.59004,19.205675,22.514591,7.0781884,14.666424,8.310207,-1.5230092,57.79363,92.86853,-27.885004,-3.1643755,-50.26469
471,1.211369991,3.374328375,7.887058449,40.50786653,-41.43327287,-125.903717,-64.13399,-4.2399354,-12.416232,58.04987,16.182182,-14.263682,-129.05307,11.547002,2.7412648,145.25952,20.180103,-15.000033,-6.8818264,-19.945526,29.793802,-26.524681,31.616985,-15.517195,19.276453,21.908842,6.7206817,13.854235,8.009228,-1.4430414,58.281544,93.035385,-28.142317,-3.35941,-50.721157
472,1.073396921,3.329187155,7.97791214,40.72127031,-40.63770365,-126.3629154,-65.23183,-3.947222,-12.828132,60.23432,15.622761,-15.000033,-129.51176,12.172384,1.8011154,144.97102,20.422546,-15.000033,-6.8646812,-20.449139,29.793802,-28.851841,33.1051,-17.64914,19.461782,21.416012,6.260065,13.256523,7.6086006,-1.3787065,58.484924,93.181755,-28.782621,-3.6582215,-51.08704
473,0.932928562,3.289261341,8.080906105,40.88889339,-39.93782899,-126.7939643,-66.27728,-3.4774895,-12.96666,62.419655,14.844352,-15.000033,-129.82419,12.736142,0.8936603,144.7214,20.589758,-15.000033,-7.0147305,-21.077147,29.793802,-31.253677,34.763958,-20.018082,19.741009,21.048676,5.6666436,12.881366,7.070804,-1.3296549,58.193237,93.299034,-30.033993,-4.0799384,-51.386635
474,0.787856519,3.260082006,8.198515129,41.07804831,-39.34250446,-127.1924659,-67.22756,-3.0497642,-13.058726,64.59614,13.919269,-15.000033,-130.02754,13.294489,0.08113302,144.52893,20.71109,-15.000033,-7.3504333,-21.888742,29.793802,-33.7543,36.59497,-22.605608,20.092188,20.79533,4.963353,12.671966,6.445273,-1.2910618,57.54832,93.36309,-31.766987,-4.544203,-51.663525
475,0.634893656,3.233411789,8.323052597,41.19144688,-38.83841756,-127.5396859,-68.143616,-2.6826198,-13.212005,66.83229,12.938324,-15.000033,-130.09898,13.734516,-0.6645267,144.36612,20.787573,-15.000033,-7.839974,-22.76067,29.793802,-36.288136,38.553783,-25.388731,20.528057,20.618729,4.189132,12.662569,5.8009515,-1.2585365,56.930065,93.39121,-33.568047,-5.058888,-51.85686
476,0.447669864,3.212663651,8.470822525,41.21564944,-38.45246439,-127.7997664,-69.04372,-2.421571,-13.399553,69.14026,12.01886,-15.000033,-130.0096,13.997628,-1.2569715,144.25063,20.81099,-15.000033,-8.519981,-23.663807,29.793802,-38.739532,40.58485,-28.27951,21.044064,20.509413,3.382587,12.888293,5.1606007,-1.2287748,56.741924,93.43338,-35.018032,-5.6406503,-51.898983
477,0.272204936,3.194454193,8.62010498,41.12336089,-38.18741115,-127.946475,-69.95144,-2.3139737,-13.665503,71.54207,11.166482,-15.000033,-129.75302,14.054905,-1.6820453,144.18031,20.791958,-15.000033,-9.407185,-24.586922,29.793802,-41.236958,42.693398,-31.382532,21.681725,20.532906,2.52925,13.413933,4.491174,-1.204499,57.097145,93.505104,-35.976112,-6.3725667,-51.73415
478,0.135759786,3.156785965,8.780011368,40.93551658,-38.02801279,-128.0131447,-70.84651,-2.3304236,-14.010882,74.02483,10.329304,-15.000033,-129.33882,13.944844,-1.9898379,144.14279,20.733967,-15.000033,-10.473964,-25.536991,29.793802,-43.849194,44.886757,-34.73227,22.412912,20.690521,1.6188191,14.209969,3.7657964,-1.191447,57.76264,93.57866,-36.669155,-7.2252297,-51.411465
479,0.036577195,3.115237236,8.947796059,40.70920557,-37.97120841,-128.0568334,-71.68599,-2.3920429,-14.348606,76.55589,9.535057,-15.000033,-128.76857,13.714968,-2.1989553,144.14217,20.621843,-15.000033,-11.692216,-26.506222,29.793802,-46.409996,47.10872,-38.12805,23.209251,20.86973,0.6926651,15.164326,3.006367,-1.1881132,58.627384,93.63979,-37.226788,-8.0481205,-51.014706
480,-0.058536645,3.079708576,9.121520233,40.49852157,-38.01476481,-128.1345587,-72.4303,-2.4128125,-14.591231,79.105736,8.809511,-15.000033,-128.04216,13.406329,-2.3251638,144.1815,20.438484,-15.000033,-13.020001,-27.469244,29.793802,-48.70018,49.28474,-41.329235,24.057983,20.981106,-0.21369305,16.1585,2.2513118,-1.1903003,59.568264,93.687805,-37.783478,-8.689891,-50.631462
481,-0.146868959,3.056606054,9.301322174,40.3162602,-38.18658301,-128.258726,-73.065895,-2.3221586,-14.657225,81.69223,8.194133,-15.000033,-127.09643,12.979258,-2.3369193,144.27228,20.163044,-15.000033,-14.454329,-28.428238,29.793802,-50.694202,51.38411,-44.37693,25.08409,21.049128,-1.1087316,17.310795,1.5221399,-1.1932628,60.6037,93.727875,-38.37593,-9.125847,-50.232906
482,-0.230889395,3.031181335,9.488920403,40.12735089,-38.48759983,-128.3929866,-73.61515,-2.1829357,-14.622168,84.3258,7.66454,-15.000033,-125.94286,12.412981,-2.2376509,144.41159,19.80183,-15.000033,-15.997132,-29.377325,29.793802,-52.527897,53.40516,-47.385433,26.314276,21.135975,-2.0068815,18.63695,0.8051941,-1.1954006,61.758507,93.76523,-38.934116,-9.432391,-49.788006
483,-0.295394599,2.991045475,9.66743679,39.75914429,-38.79289662,-128.5144512,-74.19866,-2.044117,-14.800621,87.03216,7.1242056,-15.000033,-124.72158,11.693622,-2.2639074,144.51804,19.363865,-15.000033,-17.479155,-29.793802,29.793802,-53.985985,55.289074,-50.06351,27.327284,21.107582,-2.8932238,19.880926,0.091965094,-1.2026951,62.723736,94.02945,-39.414467,-9.582099,-49.433205
484,-0.349522948,2.934920311,9.859885406,39.28859544,-39.04990254,-128.6404686,-74.802635,-2.0262818,-15.246434,89.77082,6.485675,-15.000033,-123.57485,10.979515,-2.4455733,144.60172,18.894686,-15.000033,-18.838459,-29.793802,29.793802,-55.093353,56.939255,-52.219234,28.156551,21.00034,-3.7563622,20.726053,-0.5919479,-1.225412,63.37609,94.4426,-39.868206,-9.584488,-49.22083
485,-0.416346312,2.863789797,10.04364223,38.81132153,-39.29648929,-128.7967005,-75.343475,-2.273701,-15.953311,92.536224,5.671883,-15.000033,-122.512085,10.358465,-2.7254057,144.69365,18.419132,-15.000033,-20.123018,-29.793802,29.793802,-56.074986,58.35623,-54.0886,29.208086,20.714886,-4.6020036,21.068695,-1.1617234,-1.2554286,63.954903,94.72271,-40.21404,-9.408842,-49.134014
486,-0.446654052,2.786281586,10.22523708,38.40460837,-39.6100623,-128.9173379,-75.8051,-2.7280576,-16.615553,95.27544,4.7957034,-15.000033,-121.462585,9.793058,-2.8914645,144.86368,17.882282,-15.000033,-21.42679,-29.793802,29.793802,-56.84807,59.54689,-55.668007,30.430468,20.25852,-5.4370613,21.06985,-1.6639752,-1.290927,64.425415,94.98919,-40.478245,-9.057915,-49.151886
487,-0.459962279,2.679304361,10.41956825,38.06824362,-39.95190935,-129.0422107,-76.20222,-3.227733,-17.13695,97.97295,3.9605806,-15.000033,-120.43128,9.2842045,-2.9823327,145.0989,17.286806,-15.000033,-22.701605,-29.793802,29.793802,-57.38663,60.515007,-56.904552,31.71965,19.864452,-6.2218966,20.816732,-2.126558,-1.3338888,64.82802,95.28141,-40.718864,-8.652713,-49.225655
488,-0.447938263,2.537190914,10.63304348,37.83242783,-40.29898617,-129.202262,-76.62273,-3.3409405,-17.195028,100.59278,3.2771063,-14.457613,-119.38828,8.80974,-2.9829133,145.39914,16.591211,-15.000033,-23.902445,-29.793802,29.793802,-57.938442,61.309216,-58.038757,33.013752,19.542965,-6.9231243,20.40215,-2.5771098,-1.389742,65.16528,95.65248,-41.006905,-8.3110285,-49.31131
489,-0.41052416,2.376739502,10.84047146,37.70553695,-40.66001466,-129.4799481,-76.91586,-3.3572228,-17.164686,103.18499,2.7508144,-14.376415,-118.298485,8.375945,-2.9654818,145.75458,15.796074,-15.000033,-25.010462,-29.793802,29.793802,-58.216507,61.914856,-58.768257,34.300495,19.477617,-7.564978,19.75034,-3.0117788,-1.4602488,65.47252,96.12837,-41.37045,-8.052364,-49.38581
490,-0.357136279,2.212864876,11.05108757,37.67361181,-41.03594834,-129.846996,-77.11176,-3.306621,-17.052156,105.76249,2.3149407,-14.579726,-117.182434,7.987169,-2.9251695,146.16136,14.917088,-15.000033,-26.038595,-29.793802,29.793802,-58.333187,62.36086,-59.257473,35.646893,19.451118,-8.159183,18.837759,-3.4124618,-1.5462685,65.73854,96.666534,-41.77209,-7.818582,-49.474907
491,-0.302408278,2.029227018,11.27335949,37.69930592,-41.38845391,-130.1458552,-77.30136,-3.318369,-16.807045,108.27343,1.9125679,-14.896497,-116.14114,7.631636,-2.7535164,146.63289,13.984988,-15.000033,-27.034496,-29.793802,29.793802,-58.404316,62.669037,-59.58568,36.910156,19.480133,-8.648006,17.85604,-3.814202,-1.6568125,65.92275,97.215904,-42.171356,-7.608591,-49.610897
492,-0.237685204,1.84650588,11.51153774,37.74284154,-41.68639727,-130.2155814,-77.59744,-3.4512136,-16.319376,110.66102,1.4987038,-15.000033,-115.2696,7.2917953,-2.3345172,147.18443,13.019354,-15.000033,-28.049871,-29.793802,29.793802,-58.61054,62.870243,-59.898167,37.962406,19.545101,-8.973619,16.99872,-4.251034,-1.8073828,65.98302,97.72234,-42.53052,-7.4211273,-49.82482
493,-0.19707261,1.569413066,11.73871441,37.82720343,-41.91370741,-129.9455527,-78.04357,-3.879548,-15.5287895,112.90447,1.0776237,-15.000033,-114.68503,6.9867687,-1.5382913,147.87277,12.042507,-15.000033,-29.123287,-29.793802,29.793802,-59.05507,62.983856,-60.244,38.715664,19.710913,-9.081738,16.28699,-4.7505336,-2.022637,65.883484,98.1782,-42.803234,-7.26554,-50.143524
494,-0.161909238,1.270356894,11.96784325,37.9573824,-42.0944291,-129.4482029,-78.58414,-4.5082316,-14.497067,115.04621,0.66468936,-15.000033,-114.302704,6.7165427,-0.45814443,148.6721,11.033705,-15.000033,-30.221537,-29.793802,29.793802,-59.628498,63.01556,-60.552498,39.25397,19.960161,-9.021486,15.628483,-5.278324,-2.3155432,65.65824,98.57109,-43.026676,-7.1388917,-50.53979
495,-0.103811324,1.041735888,12.25204868,38.06870969,-42.2484314,-128.9011384,-79.12338,-5.161547,-13.435429,117.11512,0.21991482,-15.000033,-113.92202,6.438209,0.67614657,149.47128,9.96149,-15.000033,-31.28581,-29.793802,29.793802,-60.19303,62.978287,-60.793114,39.699074,20.145996,-8.8831625,15.047324,-5.777895,-2.6771724,65.39297,98.85281,-43.26552,-7.0212016,-50.96369
496,-0.015905734,0.831198037,12.55114479,38.09056669,-42.39015138,-128.475496,-79.56042,-5.669737,-12.564102,119.14398,-0.29430422,-15.000033,-113.35156,6.1049685,1.6274596,150.15485,8.800691,-15.000033,-32.25511,-29.793802,29.793802,-60.60333,62.889065,-60.931084,40.162243,20.117393,-8.755053,14.569686,-6.2016363,-3.0798423,65.16122,98.99947,-43.59197,-6.8907294,-51.368446
497,0.090271622,0.639752746,12.86105747,37.95080309,-42.50084177,-128.2134896,-79.89144,-5.945663,-11.999699,121.149925,-0.89713866,-15.000033,-112.52782,5.683536,2.2679067,150.66245,7.541361,-15.000033,-33.113453,-29.793802,29.793802,-60.819103,62.775444,-60.99379,40.678566,19.783285,-8.629399,14.225441,-6.5326023,-3.4899745,65.01039,98.99958,-44.043243,-6.736389,-51.76525
498,0.160002947,0.506198049,13.20591373,37.70170462,-42.56784973,-128.0273458,-80.16029,-6.0942874,-11.626358,123.11766,-1.5662711,-15.000033,-111.56839,5.2136326,2.7272243,151.05467,6.213188,-15.000033,-33.894054,-29.793802,29.793802,-60.887146,62.654457,-60.96288,41.155262,19.240925,-8.467183,13.994374,-6.81386,-3.8909168,64.89323,98.91634,-44.574184,-6.5693192,-52.175964
499,0.287013948,0.325970888,13.54451485,37.47662535,-42.6091169,-127.896989,-80.33348,-6.236017,-11.319282,125.01479,-2.2749138,-15.000033,-110.56342,4.7658577,3.1596634,151.4035,4.855967,-15.000033,-34.609043,-29.793802,29.793802,-60.794212,62.520325,-60.731182,41.51155,18.623053,-8.308831,13.827021,-7.087819,-4.2800927,64.7272,98.836586,-45.144295,-6.400029,-52.570747
500,0.435133427,0.127998441,13.87110443,37.41005344,-42.64881866,-127.801959,-80.37673,-6.490235,-10.946951,126.807274,-2.9951284,-15.000033,-109.594475,4.4032865,3.7287827,151.7813,3.500317,-15.000033,-35.268734,-29.793802,29.793802,-60.53227,62.35207,-60.190758,41.677185,18.070751,-8.195086,13.671699,-7.393426,-4.6683393,64.42538,98.83339,-45.72057,-6.241319,-52.919556
501,0.582840621,-0.051008038,14.19646759,37.55367587,-42.70465268,-127.7533249,-80.257744,-6.910291,-10.48593,128.48238,-3.7407575,-15.000033,-108.64737,4.131542,4.5102906,152.20425,2.1328633,-15.000033,-35.87187,-29.793802,29.793802,-60.06315,62.123367,-59.241123,41.61316,17.578491,-8.152302,13.5164585,-7.743736,-5.068733,63.906887,98.9329,-46.343563,-6.09144,-53.20971
502,0.723074079,-0.220142275,14.5218174,37.83879161,-42.74453971,-127.7697363,-80.00806,-7.4141135,-10.007188,130.05942,-4.520864,-15.000033,-107.71615,3.9382331,5.3804393,152.62604,0.7712609,-15.000033,-36.39622,-29.793802,29.793802,-59.43178,61.828686,-57.981075,41.385418,17.092365,-8.154596,13.386463,-8.110512,-5.4861674,63.243984,99.07298,-47.010685,-5.946765,-53.458412
503,0.850022137,-0.376369476,14.85174294,38.19638827,-42.75610525,-127.8272195,-79.6696,-7.948522,-9.532414,131.55365,-5.3024764,-15.000033,-106.81337,3.8121383,6.2933393,153.03024,-0.56646115,-15.000033,-36.84927,-29.793802,29.793802,-58.733437,61.475777,-56.601715,41.078068,16.673132,-8.164911,13.285064,-8.461299,-5.922672,62.58181,99.2004,-47.630226,-5.819533,-53.67824
504,0.975317478,-0.526815712,15.18309231,38.55826387,-42.7236121,-127.9019903,-79.28295,-8.457582,-9.084955,132.98036,-6.053709,-15.000033,-105.952126,3.7423453,7.195797,153.39214,-1.86,-15.000033,-37.23729,-29.793802,29.793802,-58.056644,61.081024,-55.288883,40.771137,16.38358,-8.146071,13.216966,-8.764757,-6.377082,62.07359,99.2619,-48.10184,-5.723788,-53.88144
505,1.116373062,-0.685466051,15.50576134,38.96269246,-42.64248969,-128.0150366,-78.81613,-8.975239,-8.655293,134.32892,-6.786368,-15.000033,-105.155266,3.7742188,8.100031,153.72725,-3.0959826,-15.000033,-37.542816,-29.793802,29.793802,-57.386612,60.642815,-54.01606,40.43503,16.240181,-8.082725,13.183864,-9.024852,-6.8518353,61.769905,99.27371,-48.36544,-5.6816373,-54.059532
506,1.274613619,-0.842686117,15.83614273,39.42312697,-42.51733957,-128.1711472,-78.25482,-9.514928,-8.247281,135.59608,-7.5175242,-15.000033,-104.410545,3.8991835,9.014952,154.03317,-4.278167,-15.000033,-37.767506,-29.793802,29.793802,-56.699306,60.156815,-52.723423,40.04646,16.205746,-7.996354,13.184024,-9.256634,-7.3488674,61.588924,99.24589,-48.48923,-5.6831684,-54.208652
507,1.420710802,-0.986204207,16.17471619,39.83451414,-42.34639782,-128.3102508,-77.67252,-9.988251,-7.886107,136.80453,-8.213361,-15.000033,-103.708984,4.0412526,9.8759985,154.28795,-5.410636,-15.000033,-37.946815,-29.793802,29.793802,-56.061516,59.64368,-51.528957,39.683113,16.266657,-7.904428,13.2178545,-9.452434,-7.8618374,61.477894,99.12404,-48.558502,-5.6915016,-54.34978
508,1.576719999,-1.130591035,16.50981445,40.09869669,-42.13142902,-128.3680093,-77.14871,-10.3121195,-7.5937366,137.97572,-8.830403,-15.000033,-103.04789,4.123709,10.626824,154.47337,-6.496845,-15.000033,-38.120235,-29.793802,29.793802,-55.535313,59.135605,-50.546425,39.410267,16.403475,-7.823907,13.286732,-9.609402,-8.378711,61.361828,98.86753,-48.672974,-5.6671276,-54.508263
509,1.727464437,-1.259875536,16.84009285,40.14171289,-41.87221751,-128.2971888,-76.71957,-10.4421215,-7.443604,139.12619,-9.330002,-15.000033,-102.41334,4.0935817,11.224246,154.56824,-7.5562644,-15.000033,-38.315678,-29.793802,29.793802,-55.137547,58.66439,-49.827957,39.24778,16.60174,-7.764086,13.404478,-9.715816,-8.88381,61.261806,98.44372,-48.844868,-5.5876374,-54.709347
510,1.842252493,-1.332316279,17.21027679,40.03587973,-41.57534281,-128.1337963,-76.33798,-10.445211,-7.4103346,140.23674,-9.735355,-15.000033,-101.813,3.998357,11.718857,154.59053,-8.584851,-15.000033,-38.522858,-29.793802,29.793802,-54.798973,58.23652,-49.271126,39.124,16.870644,-7.7127395,13.565979,-9.791243,-9.368318,61.19175,97.913414,-49.032616,-5.47561,-54.93835
511,1.965589404,-1.421414375,17.56394882,39.90267772,-41.25506574,-127.9369352,-75.95829,-10.405935,-7.3577833,141.27141,-10.092539,-15.000033,-101.27272,3.9137604,12.201621,154.58865,-9.5627985,-15.000033,-38.724163,-29.793802,29.793802,-54.464428,57.843605,-48.770267,38.974274,17.216103,-7.6545773,13.744065,-9.872772,-9.832751,61.08879,97.37212,-49.230957,-5.358703,-55.15882
512,2.102656841,-1.542320251,17.8897831,39.85943133,-40.92566193,-127.7635527,-75.53667,-10.40348,-7.144914,142.19618,-10.44839,-15.000033,-100.81629,3.9122136,12.758385,154.60336,-10.469323,-15.000033,-38.895924,-29.793802,29.793802,-54.089264,57.464317,-48.22924,38.744934,17.650154,-7.574805,13.910938,-9.991637,-10.28628,60.893852,96.90302,-49.43267,-5.2663617,-55.33218
513,2.246941328,-1.66317296,18.1988308,39.93073659,-40.58554902,-127.6190838,-75.07753,-10.469256,-6.749838,143.02815,-10.783552,-15.000033,-100.44881,3.9946086,13.414811,154.64581,-11.31358,-15.000033,-39.037636,-29.793802,29.793802,-53.678642,57.08198,-47.625122,38.440628,18.220415,-7.4720283,14.0585375,-10.16374,-10.7403755,60.549377,96.501396,-49.668674,-5.1941333,-55.434826
514,2.387154818,-1.782675862,18.50464554,40.05212275,-40.23238234,-127.4728011,-74.59907,-10.564473,-6.239972,143.77539,-11.082305,-15.000033,-100.15374,4.126297,14.121113,154.6904,-12.099726,-15.000033,-39.158833,-29.793802,29.793802,-53.25931,56.69373,-47.013474,38.09853,18.9122,-7.353328,14.201083,-10.359702,-11.199916,60.104042,96.11642,-49.928562,-5.1316,-55.488834
515,2.530304193,-1.896971226,18.79647751,40.21690815,-39.87640088,-127.3326005,-74.07937,-10.6581335,-5.5968614,144.39293,-11.393258,-15.000033,-99.90984,4.3189125,14.869041,154.74838,-12.836635,-15.000033,-39.251743,-29.793802,29.793802,-52.831448,56.298115,-46.43151,37.719616,19.635118,-7.2166843,14.344819,-10.545446,-11.665754,59.64017,95.760735,-50.163666,-5.099739,-55.526405
516,2.667256355,-2.004442453,19.07529755,40.41398664,-39.52790997,-127.2072783,-73.49061,-10.725329,-4.8071103,144.8345,-11.770522,-15.000033,-99.70136,4.5899863,15.639529,154.80937,-13.489588,-15.000033,-39.310173,-29.793802,29.793802,-52.383778,55.895714,-45.904667,37.297676,20.30436,-7.0596576,14.495856,-10.692465,-12.135137,59.23994,95.452446,-50.32625,-5.118983,-55.579956
517,2.8033638,-2.11873436,19.35426254,40.68642272,-39.19446537,-127.1157773,-72.803085,-10.859494,-3.7834978,145.06679,-12.209912,-15.000033,-99.50578,4.9735045,16.48333,154.89024,-14.070352,-15.000033,-39.328197,-29.793802,29.793802,-51.888863,55.480087,-45.417484,36.80708,20.892935,-6.872417,14.689931,-10.8101,-12.608529,58.92555,95.22892,-50.385815,-5.203259,-55.664265
518,2.950134039,-2.240196943,19.62222404,41.09968924,-38.90969336,-127.0051357,-72.09958,-10.965601,-2.408405,145.06317,-12.590322,-15.000033,-99.29363,5.4260354,17.559069,155.02263,-14.641778,-15.000033,-39.364567,-29.793802,29.793802,-51.340908,55.032578,-44.89937,36.181828,21.44522,-6.659996,14.914593,-10.952988,-13.100641,58.58783,95.133125,-50.37516,-5.3230433,-55.78382
519,3.096843719,-2.361511469,19.87347717,41.485619,-38.63553374,-126.8737253,-71.37982,-10.943839,-0.9953325,144.9394,-13.020825,-15.000033,-99.10329,5.8805013,18.611961,155.152,-15.167978,-15.000033,-39.38524,-29.793802,29.793802,-50.823532,54.572906,-44.469334,35.565247,21.982395,-6.4427466,15.098374,-11.053202,-13.604112,58.270786,95.025154,-50.34115,-5.474793,-55.896095
520,3.228742599,-2.483071089,20.09744949,41.7477802,-38.36313493,-126.679788,-70.686806,-10.6264715,0.28552967,144.76524,-13.528111,-15.000033,-98.97103,6.264996,19.533451,155.25851,-15.6429205,-15.000033,-39.400562,-29.784168,29.793802,-50.37772,54.12563,-44.1655,34.997883,22.520952,-6.243458,15.173667,-11.091408,-14.106357,57.964294,94.851036,-50.31978,-5.637266,-55.984577
521,3.351425648,-2.592481136,20.30231781,41.82755724,-38.06005784,-126.37257,-70.05999,-9.858299,1.4309313,144.49792,-14.058822,-15.000033,-98.97057,6.5639114,20.282452,155.32101,-16.029982,-15.000033,-39.383297,-29.524055,29.793802,-49.873005,53.67248,-43.895714,34.27856,23.066076,-6.058859,15.116847,-11.086731,-14.611303,57.559673,94.772545,-50.325924,-5.7790627,-56.081917
522,3.448292971,-2.696358442,20.48407669,41.83448092,-37.76116219,-126.0076461,-69.41313,-8.773888,2.5676305,144.11159,-14.615173,-15.000033,-99.033745,6.8229394,20.96287,155.3725,-16.362823,-15.000033,-39.354782,-29.212257,29.793802,-49.394405,53.200806,-43.702637,33.542393,23.643694,-5.8826537,14.963495,-11.033561,-15.125636,57.124306,94.6851,-50.34247,-5.925483,-56.17428
523,3.539550304,-2.807435513,20.65209503,41.76771633,-37.46183803,-125.603328,-68.777054,-7.603845,3.6177628,143.73059,-15.281342,-15.000033,-99.15555,7.0517964,21.556105,155.42226,-16.653362,-15.000033,-39.30258,-28.861042,29.793802,-48.949406,52.718395,-43.580036,32.83026,24.159182,-5.741836,14.74378,-10.933152,-15.643439,56.672337,94.59333,-50.361908,-6.092501,-56.255283
524,3.62052989,-2.927829981,20.79548187,41.6206962,-37.15600083,-125.1744845,-68.20608,-6.5734487,4.488627,143.4787,-16.140173,-15.000033,-99.33238,7.2561064,22.040049,155.47826,-16.913076,-15.000033,-39.22317,-28.47205,29.793802,-48.53333,52.230503,-43.501003,32.176506,24.52225,-5.6634974,14.485431,-10.792125,-16.156055,56.202496,94.511765,-50.391956,-6.294636,-56.320034
525,3.700843096,-3.048854113,20.92366714,41.38539008,-36.83580649,-124.7233001,-67.7063,-5.697384,5.131251,143.37976,-17.291578,-15.000033,-99.571,7.4398932,22.396704,155.5378,-17.138237,-15.000033,-39.107918,-28.036598,29.793802,-48.133648,51.739582,-43.440376,31.567255,24.67876,-5.682323,14.137852,-10.613373,-16.655773,55.71645,94.459076,-50.430073,-6.5475616,-56.36717
526,3.769103527,-3.175662756,21.02370949,41.07542645,-36.50824199,-124.2463051,-67.257774,-4.8582416,5.6084023,143.36584,-18.669802,-15.000033,-99.86794,7.600347,22.646517,155.59874,-17.32831,-15.000033,-38.965733,-27.564114,29.793802,-47.755634,51.251537,-43.41473,30.988625,24.682085,-5.773738,13.705259,-10.4017,-17.138012,55.212257,94.43388,-50.477276,-6.838753,-56.40121
527,3.823117495,-3.312178612,21.10100098,40.70659036,-36.18740096,-123.7460536,-66.89162,-4.0835156,5.9755483,143.42198,-20.10615,-15.000033,-100.20823,7.7305436,22.822628,155.67215,-17.494955,-15.000033,-38.816753,-27.078428,29.793802,-47.395416,50.775127,-43.44143,30.458673,24.621502,-5.875733,13.298558,-10.164855,-17.599627,54.698616,94.42268,-50.529762,-7.142041,-56.42631
528,3.882899046,-3.453786373,21.15376396,40.29425948,-35.88686017,-123.2236381,-66.63819,-3.40774,6.2817883,143.53162,-21.435812,-15.000033,-100.57666,7.8197227,22.958214,155.76971,-17.654964,-15.000033,-38.683502,-26.60188,29.793802,-47.05612,50.32142,-43.54363,29.9993,24.580246,-5.9270024,13.028418,-9.908588,-18.037918,54.199326,94.40836,-50.5689,-7.4313054,-56.44566
529,3.937488079,-3.599001408,21.18368454,39.84102001,-35.60868116,-122.6778772,-66.52298,-2.8757029,6.5180693,143.68903,-22.627539,-15.000033,-100.975975,7.874978,23.057228,155.89294,-17.802914,-15.000033,-38.575367,-26.143353,29.793802,-46.7266,49.901306,-43.730377,29.603354,24.549334,-5.9010544,12.949704,-9.642786,-18.449444,53.7018,94.39322,-50.6122,-7.689307,-56.46313
530,3.991474867,-3.744415998,21.18729134,39.33764482,-35.34505197,-122.1072979,-66.53021,-2.4544122,6.656165,143.90482,-23.767561,-15.000033,-101.41291,7.8957376,23.10397,156.0372,-17.934715,-15.000033,-38.482136,-25.691782,29.793802,-46.39238,49.519806,-43.977333,29.247757,24.49634,-5.833624,12.994072,-9.365623,-18.831383,53.21123,94.387955,-50.653255,-7.9337187,-56.475998
531,4.039772034,-3.90628624,21.17886658,38.7786326,-35.09381669,-121.5146219,-66.62961,-2.0584764,6.715931,144.18651,-24.856768,-15.000033,-101.87986,7.8654943,23.095856,156.19391,-18.05659,-15.000033,-38.402523,-25.242321,29.793802,-46.072018,49.179134,-44.26983,28.946033,24.455927,-5.7572155,13.086896,-9.071133,-19.182951,52.74447,94.38969,-50.677616,-8.189865,-56.479343
532,4.076294899,-4.067849159,21.15483017,38.16356258,-34.8532096,-120.9033102,-66.78623,-1.6009926,6.719045,144.54019,-25.89788,-15.000033,-102.36859,7.7686534,23.029985,156.35342,-18.174536,-15.000033,-38.326912,-24.789085,29.793802,-45.75821,48.877857,-44.575867,28.696987,24.482048,-5.7059317,13.155278,-8.748025,-19.504992,52.320538,94.39348,-50.663605,-8.483502,-56.46785
533,4.11989212,-4.228948116,21.11301727,37.47978271,-34.62145102,-120.2807632,-66.99613,-1.0576167,6.6442184,144.98625,-26.891577,-15.000033,-102.876564,7.5928564,22.887924,156.51472,-18.289955,-15.000033,-38.252254,-24.327335,29.793802,-45.446743,48.616024,-44.895576,28.49824,24.593897,-5.6875267,13.193649,-8.39035,-19.798922,51.938454,94.38814,-50.614094,-8.823425,-56.43758
534,4.141821861,-4.392064571,21.05123825,36.73312464,-34.39854476,-119.6463638,-67.27082,-0.47137874,6.4809656,145.51895,-27.844912,-15.000033,-103.40485,7.349342,22.67455,156.6796,-18.401121,-15.000033,-38.181595,-23.861736,29.793802,-45.142796,48.39511,-45.244576,28.35281,24.758064,-5.684429,13.235881,-8.004412,-20.064331,51.585163,94.37816,-50.544125,-9.195087,-56.391335
535,4.165751934,-4.558617592,20.97774048,35.94763934,-34.1828749,-118.9972041,-67.59539,0.14283247,6.268805,146.10228,-28.771978,-15.000033,-103.94912,7.057387,22.428308,156.8558,-18.51131,-15.000033,-38.113285,-23.399931,29.793802,-44.850365,48.213993,-45.613106,28.263071,24.954575,-5.6909547,13.267708,-7.597686,-20.299875,51.287266,94.38398,-50.42236,-9.589901,-56.332882
536,4.186480045,-4.720812798,20.89648743,35.14574894,-33.97354294,-118.3287996,-67.954346,0.76980805,6.0515547,146.70241,-29.6866,-15.000033,-104.50493,6.7367396,22.186466,157.04515,-18.623867,-15.000033,-38.05075,-22.951366,29.793802,-44.586945,48.07218,-45.998543,28.240364,25.15455,-5.7013125,13.274408,-7.182789,-20.503637,51.060925,94.428505,-50.231655,-9.998863,-56.267048
537,4.201303959,-4.88574028,20.80267258,34.32233173,-33.77710412,-117.6355458,-68.345215,1.4298228,5.8378367,147.32718,-30.59663,-15.000033,-105.071465,6.370111,21.952635,157.25354,-18.746119,-15.000033,-37.99841,-22.517248,29.793802,-44.362976,47.970303,-46.404892,28.295248,25.384642,-5.7196517,13.23942,-6.7554836,-20.67378,50.919563,94.51228,-49.968582,-10.417644,-56.20127
538,4.224509239,-5.050548553,20.68854637,33.49661159,-33.60803767,-116.8972933,-68.77432,2.1265316,5.6556263,147.97186,-31.470613,-15.000033,-105.63295,5.9441624,21.78267,157.48979,-18.89733,-15.000033,-37.987305,-22.127153,29.793802,-44.17988,47.91135,-46.823692,28.412056,25.653952,-5.746326,13.17645,-6.330012,-20.812342,50.84891,94.62583,-49.63663,-10.848576,-56.134914
539,4.264588833,-5.225326061,20.57832832,32.73653087,-33.48280776,-116.0675604,-69.18889,3.414394,6.094268,148.58337,-32.24601,-13.708387,-106.1719,5.4869847,21.840374,157.7673,-19.088215,-15.000033,-38.077198,-21.838255,29.793802,-44.059284,47.90319,-47.23988,28.568579,25.896936,-5.7690716,13.116267,-5.946778,-20.925787,50.799862,94.768265,-49.250774,-11.291041,-56.06097
540,4.30521059,-5.404628277,20.47013016,31.98287414,-33.34157901,-115.2299854,-69.607086,4.718707,6.598297,149.1812,-33.022133,-12.213833,-106.7261,5.070314,21.914993,158.04987,-19.255987,-15.000033,-38.170395,-21.56731,29.793802,-43.925922,47.939804,-47.6472,28.750109,26.051996,-5.7801876,13.082762,-5.588802,-21.002289,50.792496,94.96853,-48.800743,-11.758684,-55.95083
541,4.349345684,-5.582063198,20.35561867,31.24332579,-33.18014857,-114.3806112,-70.039566,5.973635,7.1135774,149.76794,-33.804993,-10.668974,-107.30305,4.724961,22.014309,158.34846,-19.396042,-15.000033,-38.257515,-21.317362,29.793802,-43.80089,48.019314,-48.070942,28.955814,26.082829,-5.763512,13.09045,-5.2376103,-21.057508,50.803627,95.19779,-48.289177,-12.256794,-55.805042
542,4.383690834,-5.759928226,20.23681755,30.5074389,-33.00646596,-113.5150634,-70.48471,7.1999207,7.6476803,150.35426,-34.595997,-9.067736,-107.899605,4.4199944,22.135653,158.66092,-19.515114,-15.000033,-38.349167,-21.088125,29.793802,-43.677044,48.146442,-48.499832,29.185944,26.03259,-5.728604,13.122079,-4.89237,-21.088114,50.854084,95.45898,-47.709873,-12.780677,-55.62821
543,4.419882774,-5.934435844,20.11268158,29.76732885,-32.82269902,-112.6449142,-70.95472,8.29795,8.13185,150.92007,-35.369823,-7.562641,-108.4999,4.103316,22.258911,158.96864,-19.626015,-15.000033,-38.450672,-20.872906,29.793802,-43.554176,48.313766,-48.934254,29.466152,25.929735,-5.7032943,13.162046,-4.566689,-21.087896,50.95425,95.76678,-47.072292,-13.314685,-55.40182
544,4.436811447,-6.114032745,19.99826164,29.01008238,-32.63044181,-111.7787762,-71.475204,9.172715,8.493972,151.44684,-36.085976,-6.304598,-109.092575,3.7266514,22.36101,159.25473,-19.737043,-15.000033,-38.560635,-20.663496,29.793802,-43.433956,48.5201,-49.385197,29.815004,25.797403,-5.7137313,13.196782,-4.2626433,-21.055311,51.099842,96.12176,-46.393513,-13.842599,-55.106705
545,4.464118481,-6.289230824,19.87706871,28.22795165,-32.43219478,-110.9218321,-72.0692,9.805818,8.711509,151.93312,-36.72828,-5.3184423,-109.68511,3.27345,22.42742,159.51295,-19.842157,-15.000033,-38.679565,-20.458345,29.793802,-43.311646,48.762882,-49.85368,30.24398,25.619106,-5.7738204,13.220197,-3.9786046,-20.990173,51.345245,96.5436,-45.636673,-14.377595,-54.73753
546,4.497825623,-6.458249092,19.75958366,27.42705918,-32.22459473,-110.0689611,-72.736336,10.253137,8.820146,152.38536,-37.298138,-4.5253463,-110.28229,2.774363,22.470478,159.75235,-19.9371,-15.000033,-38.805984,-20.259865,29.793802,-43.20007,49.0422,-50.34672,30.74626,25.382486,-5.866947,13.240011,-3.7109175,-20.892162,51.67247,97.021996,-44.80367,-14.917979,-54.3014
547,4.55868578,-6.615566254,19.64772911,26.62278043,-31.9999928,-109.2163211,-73.46972,10.535336,8.838316,152.79642,-37.77642,-3.915866,-110.866356,2.2341318,22.51119,159.97594,-20.039856,-15.000033,-38.931374,-20.065815,29.793802,-43.08858,49.35621,-50.850536,31.293627,25.150515,-5.9732985,13.263174,-3.462553,-20.7603,51.986687,97.51903,-43.953114,-15.426846,-53.79864
548,4.607789516,-6.765683174,19.5515892,25.831557,-31.75015236,-108.3625523,-74.25971,10.671951,8.78426,153.15536,-38.1463,-3.4829593,-111.41847,1.661195,22.568346,160.18289,-20.16754,-15.000033,-39.046566,-19.873741,29.793802,-42.980656,49.701775,-51.363003,31.86587,24.976044,-6.073296,13.297415,-3.2351346,-20.593271,52.196503,97.998,-43.13959,-15.86838,-53.232956
549,4.635990143,-6.921777248,19.46607323,25.04484002,-31.48253248,-107.4917175,-75.136345,10.607988,8.617592,153.46774,-38.38069,-3.2879813,-111.945076,1.0373766,22.648901,160.38957,-20.321865,-15.000033,-39.156193,-19.677683,29.793802,-42.887783,50.076523,-51.90345,32.46037,24.890978,-6.1612015,13.3474865,-3.0137813,-20.392511,52.246742,98.48522,-42.355198,-16.288916,-52.612087
550,4.659845829,-7.070981503,19.40340347,24.25966817,-31.19742818,-106.6131558,-76.09372,10.353878,8.346167,153.7372,-38.492233,-3.314035,-112.453186,0.3670759,22.7406,160.58997,-20.493494,-15.000033,-39.25826,-19.481304,29.793802,-42.80792,50.475594,-52.469696,33.091427,24.864285,-6.2472177,13.409381,-2.7988148,-20.159098,52.177868,98.98739,-41.593452,-16.685848,-51.93438
551,4.692177296,-7.208866596,19.36076469,23.50371997,-30.87879603,-105.7601623,-77.06636,10.025635,8.058958,153.94392,-38.52114,-3.4393246,-112.9269,-0.30695543,22.83406,160.75108,-20.68217,-15.000033,-39.332897,-19.293274,29.793802,-42.740246,50.891464,-53.04114,33.770794,24.84254,-6.3354235,13.477508,-2.613888,-19.890093,52.096817,99.44225,-40.85717,-16.954111,-51.192772
552,4.730137348,-7.33275795,19.35458298,22.80755445,-30.51209689,-104.9648604,-77.99128,9.740926,7.8426046,154.07068,-38.51213,-3.5401158,-113.351814,-0.9436724,22.922329,160.84657,-20.887774,-15.000033,-39.362904,-19.121574,29.793802,-42.676197,51.316154,-53.588852,34.50639,24.778086,-6.4302187,13.545699,-2.484145,-19.578672,52.116398,99.79202,-40.147774,-16.990957,-50.384415
553,4.773020267,-7.426294804,19.38310356,22.1768634,-30.10847197,-104.22124,-78.86737,9.498654,7.7095404,154.11563,-38.452446,-3.6251535,-113.73272,-1.5318644,23.022406,160.88239,-21.104372,-15.000033,-39.35407,-18.975103,29.793802,-42.62049,51.748764,-54.11685,35.31815,24.694574,-6.5492773,13.6262665,-2.420821,-19.211363,52.211094,100.00171,-39.539673,-16.752466,-49.57777
554,4.823336601,-7.5045681,19.44007607,21.59707398,-29.67318217,-103.5154708,-79.72313,9.247367,7.6167984,154.08896,-38.329693,-3.7471056,-114.07706,-2.0931945,23.131142,160.87021,-21.332554,-15.000033,-39.3109,-18.845354,29.793802,-42.579365,52.189003,-54.639534,36.197014,24.606014,-6.683647,13.717236,-2.4088824,-18.782274,52.37084,100.12145,-38.981327,-16.302551,-48.76095
555,4.872002602,-7.566009998,19.53310509,21.0602776,-29.18523031,-102.8690819,-80.539696,9.030728,7.562263,153.98006,-38.179253,-3.8495576,-114.36587,-2.6409585,23.206972,160.78029,-21.5841,-15.000033,-39.22106,-18.718735,29.793802,-42.53391,52.63385,-55.127342,37.111336,24.45807,-6.8018136,13.791879,-2.4567025,-18.300457,52.596256,100.23196,-38.43626,-15.699097,-47.820744
556,4.928674698,-7.604171276,19.68181725,20.55814668,-28.62412424,-102.3023579,-81.299416,8.894307,7.5430746,153.78334,-38.03916,-3.8741617,-114.58174,-3.188131,23.206873,160.5834,-21.86973,-15.000033,-39.07245,-18.578573,29.793802,-42.464443,53.080387,-55.54951,38.028816,24.195452,-6.8721156,13.8230295,-2.5688198,-17.786709,52.886314,100.40266,-37.87033,-14.995676,-46.64154
557,4.97596693,-7.611346245,19.88282318,20.08699159,-27.98442093,-101.8160742,-82.00253,8.844699,7.5641584,153.49553,-37.921658,-3.8076065,-114.721664,-3.734713,23.127514,160.2753,-22.196867,-15.000033,-38.8661,-18.415321,29.793802,-42.362854,53.524677,-55.878975,38.960213,23.783636,-6.876505,13.786388,-2.740482,-17.256826,53.257313,100.61874,-37.288174,-14.144422,-45.17641
558,5.03681469,-7.601688862,20.13512535,19.6467487,-27.27876567,-101.397116,-82.65888,8.861307,7.623213,153.12337,-37.808926,-3.6779056,-114.79605,-4.274437,22.986143,159.86862,-22.554436,-15.000033,-38.60707,-18.23215,29.793802,-42.23543,53.966213,-56.131775,39.91495,23.263523,-6.8346133,13.702405,-2.9587321,-16.716965,53.686527,100.82851,-36.73401,-13.132309,-43.49738
559,5.116634846,-7.56362915,20.44646759,19.23383134,-26.51092118,-101.0461595,-83.26872,8.945712,7.7044835,152.66725,-37.68951,-3.4914908,-114.80872,-4.8071117,22.77576,159.36436,-22.925705,-15.000033,-38.28423,-18.02635,29.793802,-42.09405,54.40468,-56.353947,40.859608,22.686125,-6.7725525,13.610379,-3.1973135,-16.1773,54.20249,101.030174,-36.132107,-12.059281,-41.658978
560,5.187877655,-7.506748199,20.80543823,18.84609839,-25.68428825,-100.765285,-83.83301,9.100046,7.7899156,152.12979,-37.549335,-3.255785,-114.75942,-5.332143,22.48308,158.75594,-23.293924,-15.000033,-37.888123,-17.7964,29.793802,-41.94326,54.84096,-56.583126,41.758823,22.107744,-6.7171645,13.549361,-3.439312,-15.6502,54.781242,101.2269,-35.45623,-11.021951,-39.716354
561,5.291435719,-7.442538261,21.20675392,18.47291551,-24.79291168,-100.5722125,-84.35344,9.364019,7.875962,151.51491,-37.3832,-2.9355452,-114.63032,-5.852196,22.075937,158.03091,-23.661224,-15.000033,-37.40425,-17.5362,29.793802,-41.776,55.273006,-56.82742,42.62909,21.494253,-6.6778183,13.546775,-3.661195,-15.145185,55.508915,101.43685,-34.661007,-9.981184,-37.633965
562,5.397446156,-7.36362505,21.66568108,18.10890007,-23.83838481,-100.4546021,-84.8318,9.723574,7.9703026,150.82365,-37.200806,-2.5374172,-114.42439,-6.3635764,21.568615,157.19495,-24.031267,-15.000033,-36.840115,-17.240145,29.793802,-41.592873,55.698277,-57.068188,43.479095,20.83392,-6.64057,13.5756235,-3.866462,-14.667334,56.376778,101.63324,-33.770374,-8.892546,-35.40083
563,5.435272694,-7.2319417,22.20865173,17.7618674,-22.83518896,-100.3699371,-85.26484,10.099589,8.077079,150.05089,-37.020054,-2.1286213,-114.1754,-6.8628535,21.023178,156.27565,-24.394293,-15.000033,-36.220737,-16.910269,29.793802,-41.407825,56.1147,-57.29754,44.26349,20.221426,-6.5974174,13.593075,-4.092406,-14.222917,57.195473,101.764175,-32.873135,-7.846823,-33.103283
564,5.489019394,-7.106029034,22.77670403,17.4387252,-21.79568803,-100.2755778,-85.65065,10.416033,8.203073,149.19547,-36.855167,-1.7751279,-113.92066,-7.349049,20.500973,155.29768,-24.741203,-15.000033,-35.5641,-16.541864,29.793802,-41.264194,56.51669,-57.544376,44.943405,19.728395,-6.5394115,13.55694,-4.359634,-13.818504,57.831776,101.76836,-31.976109,-6.9399247,-30.815945
565,5.576717377,-6.992798805,23.38568611,17.13917243,-20.70679837,-100.1541959,-85.99038,10.654098,8.364889,148.24423,-36.713078,-1.4871774,-113.68067,-7.823651,20.019993,154.2585,-25.065151,-15.000033,-34.85208,-16.111849,29.793802,-41.210976,56.89385,-57.841747,45.508877,19.344646,-6.4675865,13.431654,-4.6527166,-13.461766,58.203064,101.617935,-31.034565,-6.19544,-28.579685
566,5.675708294,-6.883908749,24.03543015,16.85779567,-19.56554142,-100.0279847,-86.28363,10.857695,8.561287,147.20576,-36.588955,-1.2278184,-113.43441,-8.285486,19.546867,153.14604,-25.37108,-15.000033,-34.072243,-15.617949,29.793802,-41.246124,57.23424,-58.201904,45.995186,19.02872,-6.385406,13.248811,-4.9542623,-13.158023,58.41179,101.33199,-30.01637,-5.5496626,-26.335669
567,5.770681858,-6.780080318,24.71943398,16.59258318,-18.40399906,-99.91321435,-86.52076,11.041368,8.771671,146.10657,-36.48145,-0.9948187,-113.158936,-8.731589,19.069881,151.98273,-25.669273,-15.000033,-33.26706,-15.112732,29.793802,-41.23606,57.523323,-58.47723,46.424255,18.906559,-6.2884464,13.065849,-5.3134904,-12.904797,58.47806,100.93214,-29.089108,-4.9793925,-24.010141
568,5.851241112,-6.667424679,25.44334717,16.34110724,-17.25092333,-99.82810476,-86.69711,11.218013,8.969485,144.9693,-36.3855,-0.7885526,-112.831184,-9.159124,18.571114,150.78601,-25.967587,-15.000033,-32.470963,-14.600483,29.793802,-41.32615,57.80264,-58.942673,46.844555,18.768692,-6.173078,12.9431305,-5.7742767,-12.701404,58.465946,100.47508,-28.351942,-4.4704714,-21.531328
569,5.927238464,-6.56760788,26.19354744,16.11449137,-16.11268826,-99.77254168,-86.798134,11.383325,9.159848,143.78828,-36.302303,-0.6159292,-112.434525,-9.567087,18.05321,149.55853,-26.282946,-15.000033,-31.717337,-14.167047,29.793802,-41.16994,58.03963,-59.093044,47.225105,19.029781,-6.0342307,12.895606,-6.3706717,-12.5353985,58.38129,99.880455,-27.82209,-4.0768914,-18.78022
570,6.000132084,-6.479300022,26.96747513,15.90530671,-14.97474818,-99.73807984,-86.83011,11.532364,9.352946,142.55243,-36.231743,-0.47588283,-111.983284,-9.959399,17.518503,148.292,-26.608212,-15.000033,-30.990452,-13.742972,29.793802,-41.046555,58.28263,-59.331276,47.578197,19.341427,-5.8769383,12.894611,-7.085304,-12.410011,58.20824,99.196785,-27.418558,-3.7950091,-15.825065
571,6.072217464,-6.400634289,27.76127167,15.70552621,-13.83762033,-99.72959518,-86.818,11.677602,9.5382,141.29272,-36.173286,-0.35470575,-111.50746,-10.335562,16.961367,146.99182,-26.908398,-15.000033,-30.253782,-13.32296,29.793802,-40.87781,58.522327,-59.547203,47.86125,19.744415,-5.7085333,12.915504,-7.863751,-12.325627,57.999226,98.502846,-27.16816,-3.5508919,-12.849052
572,6.147716045,-6.340604305,28.56294556,15.50308274,-12.70449812,-99.75226185,-86.7832,11.831534,9.704466,140.0306,-36.120583,-0.23780282,-111.0324,-10.694356,16.38077,145.66965,-27.157183,-15.000033,-29.482452,-12.88169,29.793802,-40.67252,58.75033,-59.75522,48.056366,20.171898,-5.538017,12.937009,-8.66411,-12.285319,57.784668,97.90483,-27.124338,-3.2773392,-10.04182
573,6.213465214,-6.293261051,29.38328094,15.29847314,-11.56695913,-99.8122006,-86.73422,12.000884,9.842717,138.76654,-36.069077,-0.11792778,-110.56527,-11.031375,15.769226,144.31743,-27.338425,-15.000033,-28.667881,-12.410425,29.793802,-40.45671,58.96489,-59.99629,48.163044,20.622177,-5.3574424,12.960092,-9.475766,-12.292491,57.57126,97.43957,-27.301563,-2.9669094,-7.44205
574,6.278963566,-6.26917696,30.21362419,15.09530092,-10.42822893,-99.90427447,-86.65609,12.178937,9.963235,137.48836,-36.025093,-0.002318658,-110.0908,-11.346313,15.134293,142.93466,-27.471357,-15.000033,-27.82602,-11.928835,29.793802,-40.205177,59.162735,-60.229034,48.194355,21.140223,-5.164447,12.993724,-10.320616,-12.348752,57.33537,97.04843,-27.67851,-2.6759725,-4.9484735
575,6.348823547,-6.263148785,31.04680748,14.89484279,-9.304735276,-100.0193597,-86.54396,12.358623,10.077774,136.21065,-35.99217,0.100051574,-109.60223,-11.636103,14.496473,141.54085,-27.576485,-15.000033,-26.954346,-11.431673,29.793802,-39.93582,59.338406,-60.468277,48.158,21.646645,-4.9805913,13.032379,-11.198069,-12.455723,57.132008,96.69853,-28.167002,-2.4324794,-2.5359676
576,6.405623436,-6.264639854,31.89444656,14.69548548,-8.222891529,-100.1509228,-86.37841,12.530051,10.195036,134.94267,-35.979893,0.17775877,-109.08336,-11.899949,13.874743,140.15935,-27.675177,-15.000033,-26.07972,-10.944001,29.793802,-39.610737,59.491028,-60.657383,48.0765,22.099854,-4.8263054,13.072535,-12.116681,-12.619833,56.702374,96.35516,-29.029259,-2.2645605,-0.20936643
577,6.468176842,-6.28759861,32.73456879,14.50436744,-7.164845587,-100.3033121,-86.17654,12.702747,10.317622,133.68497,-35.989403,0.23349334,-108.56004,-12.127357,13.274025,138.78822,-27.760025,-15.000033,-25.125044,-10.410242,29.793802,-39.315674,59.59252,-60.89293,47.913948,22.477345,-4.7114606,13.116975,-13.043681,-12.837649,56.618538,96.01282,-29.778456,-2.1862156,2.089539
578,6.524465084,-6.324128151,33.5737793,14.31824554,-6.141252994,-100.48189,-85.92143,12.876032,10.436681,132.43417,-36.020184,0.26942024,-108.01125,-12.326015,12.687099,137.4234,-27.83284,-15.000033,-24.153671,-9.880211,29.793802,-38.983036,59.653645,-61.101517,47.710472,22.827456,-4.624067,13.172097,-14.002182,-13.11693,56.35514,95.697105,-30.965982,-2.2041254,4.3010235
579,6.592950821,-6.379196167,34.40782471,14.12522768,-5.154098597,-100.6675664,-85.63193,13.032004,10.538478,131.18835,-36.057194,0.2768346,-107.429245,-12.511265,12.104839,136.0631,-27.903551,-15.000033,-23.176975,-9.3398905,29.793802,-38.62728,59.67204,-61.288822,47.48642,23.12698,-4.5530105,13.222952,-15.001352,-13.459368,55.934036,95.38149,-32.219444,-2.3088756,6.4258094
580,6.656028271,-6.449137688,35.24070663,13.9120864,-4.201553089,-100.8405349,-85.33058,13.152851,10.611,129.94139,-36.08357,0.24767071,-106.81235,-12.702379,11.520526,134.70955,-27.98122,-15.000033,-22.202255,-8.768642,29.793802,-38.262154,59.639877,-61.45206,47.25844,23.360268,-4.4873605,13.2539,-16.08763,-13.822854,55.50091,95.09573,-33.035007,-2.4713323,8.476908
581,6.721425056,-6.529600143,36.06177826,13.73510226,-3.323501855,-100.9771171,-84.94248,13.202876,10.734835,128.66757,-36.105297,0.18705928,-106.14455,-12.875076,11.028214,133.38391,-28.086945,-15.000033,-21.325218,-8.260399,29.793802,-37.82524,59.56301,-61.52464,47.060078,23.52602,-4.4275746,13.286427,-17.261374,-14.276182,54.77672,94.78899,-33.608707,-2.684765,10.4207535
582,6.773310661,-6.627514839,36.89167328,13.55501963,-2.487723338,-101.1060691,-84.52181,13.213085,10.836461,127.38842,-36.12266,0.083383165,-105.43852,-13.046183,10.55041,132.06618,-28.204792,-15.000033,-20.467543,-7.746372,29.793802,-37.350853,59.439384,-61.55258,46.853077,23.635292,-4.3776326,13.316828,-18.515236,-14.782912,53.96436,94.50352,-33.896454,-2.93962,12.282081
583,6.822104931,-6.738514423,37.3231,13.36465207,-1.687924346,-101.2264155,-84.086075,13.200954,10.917182,126.114586,-36.130478,-0.031396028,-104.708046,-13.221178,10.0776615,130.76143,-28.320488,-15.000033,-19.616669,-7.2150855,29.793802,-36.866947,59.268505,-61.563168,46.64702,23.680923,-4.3350587,13.313721,-19.805603,-15.338222,53.01935,94.212975,-34.12063,-3.2110233,14.070036
584,6.874770164,-6.867509842,38.04355164,13.17453726,-0.922233985,-101.3297707,-83.64046,13.176949,11.003095,124.85727,-36.122417,-0.11902609,-103.969475,-13.395808,9.625023,129.48012,-28.420958,-15.000033,-18.770933,-6.6699677,29.793802,-36.397327,59.048416,-61.572914,46.45213,23.661839,-4.2973723,13.246304,-21.098051,-15.932995,51.93938,93.895134,-34.46115,-3.4850607,15.797269
585,6.924877167,-7.006698608,38.7,12.97847721,-0.193323825,-101.4127106,-83.18521,13.14129,11.095504,123.6156,-36.093777,-0.16450937,-103.21349,-13.560701,9.205312,128.2186,-28.503897,-14.949389,-17.92543,-6.1018853,29.793802,-35.950165,58.775208,-61.589943,46.269215,23.543118,-4.2674723,13.091549,-22.407131,-16.564407,50.65993,93.57157,-34.993378,-3.8041956,17.523243
586,6.970135689,-7.160554886,39.5,12.78023341,0.497740591,-101.4790341,-82.711975,13.08708,11.191379,122.38412,-36.05128,-0.18303558,-102.41346,-13.598109,8.927829,126.97747,-28.575397,-14.501751,-17.079514,-5.513706,29.793802,-35.522068,58.44414,-61.612953,46.101665,23.339897,-4.244991,12.8713045,-23.743261,-17.236982,49.202564,93.25373,-35.60933,-4.166147,19.220482
587,7.015679836,-7.321790695,40.24451828,12.58732878,1.156565572,-101.53444,-82.2253,13.018476,11.287489,121.16561,-36.001892,-0.19744773,-101.6109,-13.643473,8.664788,125.75405,-28.640924,-14.061469,-16.240519,-4.9230175,29.793802,-35.12016,58.058044,-61.65464,45.95804,23.111717,-4.222644,12.622701,-25.064726,-17.947798,47.69342,92.903496,-36.218708,-4.4922814,20.772055
588,7.046329975,-7.490497589,40.91856232,12.41387871,1.787840226,-101.5832304,-81.723045,12.93735,11.393634,119.955505,-35.95371,-0.22304891,-100.82056,-13.688004,8.425931,124.55233,-28.706608,-13.633145,-15.419247,-4.3529243,29.793802,-34.73414,57.625427,-61.70733,45.842064,22.926775,-4.193747,12.3828,-26.337067,-18.684404,46.272045,92.48484,-36.730083,-4.698508,22.064217
589,7.073635101,-7.670507431,41.58329468,12.2820677,2.401098253,-101.6173199,-81.212814,12.835387,11.537514,118.751495,-35.90504,-0.25129184,-100.07352,-13.7260275,8.244709,123.38001,-28.768456,-13.209295,-14.634993,-3.821401,29.793802,-34.3484,57.160088,-61.755898,45.74579,22.78034,-4.155349,12.16227,-27.586523,-19.430801,44.963623,92.00347,-37.144527,-4.740056,23.121988
590,7.088191032,-7.853288174,42.35873489,12.18161891,2.991172173,-101.6376899,-80.691246,12.714271,11.707618,117.55345,-35.85146,-0.27768794,-99.3532,-13.766261,8.107975,122.232254,-28.82617,-12.790541,-13.887939,-3.325313,29.793802,-33.94474,56.67078,-61.782898,45.660633,22.650654,-4.1113715,11.94194,-28.83439,-20.175934,43.73014,91.48408,-37.494007,-4.665207,23.993732
591,7.114247322,-8.041191101,42.96477432,12.07626712,3.540426149,-101.6603272,-80.142235,12.591752,11.8524885,116.366264,-35.79741,-0.3233775,-98.60147,-13.811957,7.9527097,121.09512,-28.888165,-12.393175,-13.154301,-2.8439496,29.793802,-33.525337,56.16161,-61.80329,45.57952,22.560959,-4.06413,11.712437,-30.047731,-20.903887,42.54668,90.93522,-37.794567,-4.521213,24.599304
592,7.155647278,-8.231440544,43.26841049,11.93151921,4.031783238,-101.7021861,-79.549,12.487158,11.919746,115.19418,-35.744896,-0.40858677,-97.760376,-13.868532,7.715044,119.95843,-28.966702,-12.033098,-12.406124,-2.3539896,29.793802,-33.098854,55.631695,-61.837147,45.5023,22.534119,-4.0183196,11.464494,-31.195818,-21.598082,41.3842,90.37116,-38.06017,-4.3543324,24.854847
593,7.159873962,-8.432812691,44.10172501,11.72778639,4.44751103,-101.7789443,-78.8911,12.415796,11.87097,114.039505,-35.70033,-0.5574427,-96.78543,-13.934952,7.348388,118.81456,-29.073269,-11.731851,-11.62308,-1.8493278,29.793802,-32.66403,55.0763,-61.90116,45.435463,22.598614,-3.9849021,11.187665,-32.267002,-22.241957,40.27671,89.80571,-38.309414,-4.155239,24.695574
594,7.022713184,-8.635090828,44.64195938,11.4886651,4.801003221,-101.8784338,-78.183,12.367529,11.739403,112.9014,-35.660625,-0.75190836,-95.71592,-14.004648,6.8938103,117.67314,-29.200788,-11.474002,-10.822274,-1.3411622,29.793802,-32.220768,54.494507,-61.983757,45.383045,22.735157,-3.9597952,10.888753,-33.29595,-22.822178,39.171722,89.25363,-38.5795,-3.8983538,24.176287
595,6.975450993,-8.832211494,45.36413879,11.23727031,5.120116731,-101.9767366,-77.45851,12.322884,11.580749,111.77462,-35.61626,-0.95060414,-94.61645,-14.07279,6.4174128,116.53494,-29.322851,-11.221603,-10.028983,-0.83617944,29.793802,-31.78833,53.889744,-62.071774,45.345287,22.89227,-3.9237647,10.584838,-34.318584,-23.352964,38.195576,88.7192,-38.62423,-3.618507,23.393661
596,6.975386143,-9.035745621,46.0453331,10.99975573,5.434493644,-102.0495627,-76.75196,12.259933,11.453598,110.65427,-35.55868,-1.1115351,-93.5566,-14.140918,5.9892125,115.40762,-29.416077,-10.937578,-9.281599,-0.34158877,29.793802,-31.35682,53.27038,-62.115402,45.30926,23.031467,-3.8570852,10.292374,-35.35655,-23.832067,37.0046,88.189186,-38.679214,-3.3386545,22.440437
597,6.965857029,-9.24564743,46.71436234,10.79226857,5.754501315,-102.0854524,-76.07818,12.165156,11.38863,109.53956,-35.4827,-1.2125554,-92.56938,-14.213276,5.6478953,114.29396,-29.471937,-10.60077,-8.582507,0.13436611,29.793802,-30.944407,52.64109,-62.125927,45.259434,23.158613,-3.739596,10.008165,-36.428852,-24.290112,35.9153,87.670975,-38.38389,-3.0577798,21.271715
598,6.949354649,-9.45685482,47.28265915,10.60069711,6.06518113,-102.0985581,-75.417145,12.051458,11.351821,108.42967,-35.39283,-1.2793839,-91.61553,-14.28913,5.3516827,113.192245,-29.502594,-10.236461,-7.9227066,0.5973012,29.793802,-30.528614,52.004612,-62.098724,45.19218,23.295841,-3.5865455,9.725255,-37.511395,-24.725477,34.831955,87.14557,-37.89927,-2.7736132,19.86378
599,6.915509701,-9.671689987,47.96251831,10.40163414,6.35513692,-102.1029796,-74.751976,11.934577,11.301129,107.32433,-35.292675,-1.3442906,-90.65126,-14.365982,5.048841,112.090965,-29.51962,-9.873218,-7.291374,1.0529677,29.793802,-30.104092,51.36329,-62.045647,45.131413,23.398222,-3.42776,9.45808,-38.58204,-25.13562,33.761078,86.57981,-37.254986,-2.5425632,18.34822
600,6.86327219,-9.895334244,48.53264999,10.1680786,6.612765612,-102.1130914,-74.06309,11.833376,11.196013,106.21889,-35.18698,-1.4373877,-89.63025,-14.445595,4.681007,110.97864,-29.539627,-9.54917,-6.678298,1.5074139,29.793802,-29.662273,50.71886,-61.97318,45.102367,23.42309,-3.2931147,9.220945,-39.614086,-25.514555,32.70428,85.939705,-36.48394,-2.4174192,16.856482
601,6.807730198,-10.11385059,49.20499039,9.88762408,6.830948404,-102.1324594,-73.347496,11.752969,11.011589,105.11442,-35.071438,-1.5742623,-88.53064,-14.52148,4.2239275,109.85257,-29.56228,-9.267982,-6.0836544,1.9656829,29.793802,-29.19588,50.069645,-61.877605,45.11669,23.34242,-3.1899168,9.026001,-40.62073,-25.85916,31.73488,85.231926,-35.491325,-2.4126096,15.365558
602,6.763370514,-10.33819199,49.77138748,9.574845778,7.014994902,-102.1539019,-72.61068,11.684589,10.776011,104.01376,-34.947605,-1.7356026,-87.3769,-14.59402,3.7101483,108.71618,-29.584608,-9.013901,-5.5210066,2.421054,29.793802,-28.69522,49.418297,-61.741184,45.155624,23.188208,-3.1025827,8.864153,-41.588047,-26.15889,30.676424,84.45557,-34.452175,-2.5072868,13.82149
603,6.685017586,-10.55810356,50.43175354,9.254601936,7.180486469,-102.1745433,-71.86135,11.623995,10.523199,102.90907,-34.813942,-1.905697,-86.20741,-14.654578,3.1789474,107.576515,-29.591076,-8.774019,-4.980204,2.857636,29.793802,-28.195059,48.765533,-61.591576,45.216263,22.994267,-3.0224123,8.715865,-42.54053,-26.420475,29.679762,83.62831,-33.277576,-2.7048185,12.327144
604,6.615564346,-10.78282261,50.98962097,8.949177911,7.336555988,-102.1920287,-71.101715,11.566706,10.286553,101.797485,-34.66998,-2.0675962,-85.04824,-14.699615,2.6639805,106.434235,-29.579731,-8.542604,-4.4554906,3.2720666,29.793802,-27.679825,48.121696,-61.411472,45.265263,22.822832,-2.945765,8.564199,-43.446,-26.648111,28.624525,82.731255,-32.149532,-2.9951007,10.974218
605,6.551652908,-11.012043,51.64115982,8.664990342,7.494195218,-102.2013411,-70.34292,11.507124,10.075742,100.678925,-34.51838,-2.2160628,-83.921165,-14.728313,2.179212,105.292656,-29.540976,-8.316006,-3.9603202,3.643823,29.793802,-27.204172,47.48216,-61.249218,45.335938,22.61702,-2.865841,8.40707,-44.331047,-26.843996,27.604462,81.73786,-30.96615,-3.381175,9.75845
606,6.484980106,-11.24078846,52.17875595,8.386950985,7.64244169,-102.2059872,-69.57852,11.449837,9.869309,99.55489,-34.358597,-2.36098,-82.80109,-14.74523,1.7003368,104.1505,-29.484756,-8.100999,-3.4744525,4.0029035,29.793802,-26.715845,46.85201,-61.061855,45.392357,22.40802,-2.7911851,8.256616,-45.208454,-27.016317,26.62016,80.688324,-29.69303,-3.864084,8.640383
607,6.402038574,-11.46613312,52.81969757,8.117006897,7.775190726,-102.2126262,-68.79637,11.398349,9.670077,98.4193,-34.182392,-2.508413,-81.67625,-14.745206,1.2307563,102.998436,-29.408892,-7.89181,-3.0093997,4.3366365,29.793802,-26.191383,46.236137,-60.826313,45.429916,22.238274,-2.7212276,8.1005745,-46.022892,-27.161766,25.591051,79.56978,-28.460846,-4.42305,7.6875305
608,6.310991764,-11.69080257,53.36259232,7.859682187,7.895837852,-102.2265089,-67.996475,11.356778,9.4803,97.26366,-33.975887,-2.6637352,-80.54583,-14.723054,0.77303016,101.82938,-29.307627,-7.68424,-2.5696926,4.628312,29.793802,-25.723297,45.632927,-60.643055,45.490837,22.049713,-2.649356,7.921076,-46.81723,-27.266745,24.600306,78.45203,-27.238485,-5.035863,6.9743443
609,6.234657288,-11.90956593,54.00675354,7.614977228,7.995364939,-102.2536496,-67.171936,11.327797,9.298614,96.091034,-33.7348,-2.8324802,-79.40116,-14.679793,0.3251672,100.64413,-29.182528,-7.478895,-2.1501489,4.8796678,29.793802,-25.238876,45.045677,-60.442013,45.540104,21.928192,-2.5762985,7.713548,-47.558384,-27.326738,23.584808,77.31154,-26.083982,-5.704306,6.5383654
610,6.144352436,-12.12842751,54.54571533,7.380683347,8.079839378,-102.2887594,-66.33072,11.308062,9.124251,94.9051,-33.46466,-3.0105102,-78.25072,-14.618174,-0.113169424,99.44355,-29.03246,-7.2778606,-1.7437882,5.098355,29.793802,-24.751032,44.47615,-60.232574,45.574654,21.848103,-2.5029607,7.4847183,-48.292732,-27.337896,22.567682,76.17638,-24.94544,-6.4258504,6.3374357
611,6.046604156,-12.34624481,55.18585968,7.155586454,8.153177861,-102.3244003,-65.470116,11.290752,8.965462,93.69546,-33.17793,-3.1836996,-77.09417,-14.534338,-0.5372,98.22602,-28.861376,-7.077309,-1.3656862,5.2839947,29.793802,-24.261889,43.925316,-60.00541,45.610226,21.769827,-2.4366732,7.248379,-48.982246,-27.302834,21.56952,75.03197,-23.81028,-7.162948,6.300909
612,5.934438705,-12.56202126,55.72580185,6.935732085,8.220532432,-102.3524549,-64.58914,11.268564,8.829942,92.456245,-32.885147,-3.3365858,-75.9319,-14.428523,-0.9436563,96.98489,-28.675468,-6.8730736,-1.0185642,5.445131,29.793802,-23.772947,43.393127,-59.749878,45.65146,21.666477,-2.38521,7.0182366,-49.615562,-27.228975,20.63638,73.89473,-22.63352,-7.8816886,6.3598247
613,5.817385197,-12.78183651,56.36632004,6.719234089,8.290794233,-102.3728985,-63.69639,11.247038,8.704809,91.184105,-32.59035,-3.4805262,-74.771935,-14.29646,-1.3307015,95.71585,-28.469706,-6.6627192,-0.67368895,5.6022115,29.793802,-23.32019,42.876534,-59.49895,45.684162,21.540442,-2.3508441,6.7763605,-50.25111,-27.107016,19.709036,72.833885,-21.378366,-8.596319,6.5578322
614,5.710182667,-12.99378872,57.49654236,6.512272061,8.3540685,-102.3893981,-62.783096,11.225654,8.594139,89.882805,-32.287132,-3.6195023,-73.61143,-14.144269,-1.6854864,94.42505,-28.243395,-6.4405193,-0.3696702,5.723177,29.793802,-22.865145,42.377132,-59.21865,45.723457,21.402807,-2.3295286,6.524938,-50.79365,-26.948475,18.840998,71.73182,-20.01859,-9.312083,6.9069285
615,5.598439693,-13.2105484,58.04354553,6.306303287,8.409185285,-102.3991701,-61.855324,11.205225,8.482836,88.55635,-31.967615,-3.7583964,-72.44157,-13.97579,-2.0312421,93.11122,-28.000843,-6.2194357,-0.076482184,5.834225,29.793802,-22.42405,41.89184,-58.931744,45.768677,21.229239,-2.3185833,6.2962885,-51.321236,-26.74887,18.026375,70.67503,-18.72393,-9.975694,7.3117933
616,5.478424072,-13.42609119,58.78287735,6.098507271,8.448250619,-102.3998352,-60.910072,11.184807,8.362079,87.20956,-31.626291,-3.901406,-71.25126,-13.797613,-2.3774705,91.77663,-27.747734,-6.0050087,0.1933749,5.930303,29.793802,-21.97941,41.41775,-58.624077,45.84097,20.994274,-2.315621,6.126811,-51.818672,-26.514744,17.334042,69.64751,-17.603882,-10.543594,7.6626897
617,5.344568253,-13.64079857,59.32223587,5.887208956,8.474841614,-102.3922062,-59.9528,11.165539,8.229904,85.84164,-31.261044,-4.047502,-70.04494,-13.601812,-2.7162547,90.418106,-27.481003,-5.7883124,0.45357907,6.02162,29.793802,-21.546669,40.950287,-58.311386,45.94468,20.685507,-2.3213217,6.031636,-52.30399,-26.239622,16.747324,68.67152,-16.67682,-11.002634,7.945739
618,5.216817379,-13.85116577,59.95806961,5.678687473,8.486919554,-102.3774862,-58.975246,11.145695,8.09594,84.448006,-30.87337,-4.194501,-68.82297,-13.388985,-3.041401,89.03733,-27.201847,-5.5707927,0.6719019,6.083201,29.793802,-21.100464,40.490295,-57.961098,46.085667,20.321646,-2.337383,5.9927745,-52.715088,-25.939793,16.336712,67.67381,-15.8007555,-11.381757,8.200019
619,5.080954075,-14.06411648,60.49652405,5.467482366,8.482940155,-102.3525014,-57.97963,11.125356,7.951408,83.03313,-30.46578,-4.3481255,-67.57904,-13.176279,-3.3782806,87.63642,-26.911205,-5.3699937,0.87371284,6.1402497,29.793802,-20.660673,40.03565,-57.599304,46.24548,19.910496,-2.3628447,5.9861956,-53.092674,-25.610567,15.994573,66.71055,-15.129134,-11.698445,8.412565
620,4.938795567,-14.27585506,61.1285965,5.251529573,8.457371277,-102.3142754,-56.96089,11.104031,7.7920885,81.5993,-30.03873,-4.512672,-66.302444,-12.980499,-3.7521958,86.21943,-26.615147,-5.2061596,1.0582685,6.1961355,29.793802,-20.22819,39.584877,-57.230534,46.420563,19.45853,-2.3964596,5.990771,-53.432793,-25.254293,15.686084,65.784775,-14.748528,-11.97262,8.564143
621,4.785826683,-14.4913435,61.85786133,5.031160002,8.404937994,-102.2614946,-55.913574,11.07893,7.6163454,80.14504,-29.590601,-4.692234,-64.98758,-12.814219,-4.1768537,84.79154,-26.315496,-5.0913825,1.2127459,6.2464986,29.793802,-19.794832,39.13809,-56.854496,46.614388,18.942219,-2.440259,6.0123277,-53.703854,-24.883186,15.452376,64.86034,-14.661086,-12.19886,8.647568
622,4.631004333,-14.70628929,62.48490601,4.80610276,8.330856326,-102.1957787,-54.843964,11.052296,7.4249063,78.6693,-29.12048,-4.8834295,-63.64154,-12.663378,-4.6398864,83.348755,-26.008766,-5.013084,1.352653,6.3001137,29.793802,-19.374619,38.693268,-56.482563,46.825523,18.363754,-2.4949138,6.0570364,-53.91758,-24.496649,15.272787,63.95091,-14.847459,-12.372441,8.671382
623,4.470493793,-14.91427135,63.1010025,4.577978462,8.241184479,-102.1193962,-53.75544,11.028005,7.2215943,77.17334,-28.63026,-5.080339,-62.272015,-12.504961,-5.11651,81.884026,-25.690447,-4.94817,1.4749454,6.3473506,29.793802,-18.9601,38.249527,-56.087467,47.057076,17.775034,-2.556844,6.108439,-54.07612,-24.100237,15.158153,63.059048,-15.229384,-12.516149,8.632895
624,4.305381298,-15.1226778,63.61757965,4.348239685,8.142890056,-102.0349183,-52.652565,11.009884,7.009861,75.65751,-28.123535,-5.277504,-60.888687,-12.31724,-5.581042,80.39129,-25.355867,-4.8740973,1.5812478,6.3824725,29.793802,-18.55023,37.80689,-55.650333,47.30848,17.224085,-2.6215608,6.149423,-54.190666,-23.69785,15.105968,62.197216,-15.744638,-12.652021,8.531768
625,4.120117664,-15.33934784,64.23192139,4.112636453,8.036358862,-101.9413496,-51.537987,10.998363,6.782909,74.12139,-27.597792,-5.473622,-59.486355,-12.098416,-6.040809,78.863304,-25.00723,-4.7959466,1.6714454,6.4073277,29.793802,-18.145712,37.363712,-55.156837,47.58366,16.716997,-2.6923182,6.1727724,-54.251453,-23.291702,15.115268,61.356678,-16.436712,-12.776,8.3432865
626,3.943005562,-15.55554676,64.84031982,3.871746917,7.919124647,-101.8381181,-50.409927,10.992623,6.5406766,72.56539,-27.05146,-5.6718464,-58.06312,-11.857679,-6.504031,77.303635,-24.64512,-4.721983,1.7479193,6.426763,29.793802,-17.751343,36.91889,-54.624718,47.880455,16.228783,-2.7699077,6.1877313,-54.256634,-22.881582,15.185081,60.535595,-17.323229,-12.87687,8.075629
627,3.755639791,-15.76699352,65.43641968,3.633730341,7.792379236,-101.7274865,-49.26257,10.992523,6.2990656,70.98434,-26.488253,-5.872371,-56.630703,-11.593031,-6.9461637,75.72067,-24.263647,-4.636624,1.8090459,6.433659,29.793802,-17.36143,36.474895,-54.069378,48.18805,15.766598,-2.8463771,6.2031875,-54.21686,-22.47217,15.331182,59.742855,-18.279648,-12.966767,7.7757797
628,3.573959351,-15.97534847,66.02759857,3.406976063,7.657574903,-101.6118342,-48.091927,10.997743,6.073198,69.37488,-25.911734,-6.075843,-55.201443,-11.303232,-7.342264,74.12424,-23.856493,-4.5240006,1.8527802,6.421298,29.793802,-16.970034,36.03737,-53.50768,48.492672,15.335428,-2.9136536,6.227822,-54.13924,-22.071775,15.572376,58.98331,-19.176157,-13.060408,7.491874
629,3.390064001,-16.18076515,66.60710449,3.189865006,7.516298625,-101.4930515,-46.895912,11.011035,5.865541,67.729935,-25.319883,-6.286973,-53.782185,-10.969981,-7.6611915,72.511086,-23.405909,-4.3573427,1.8859167,6.393408,29.793802,-16.574745,35.60967,-52.94175,48.787354,14.926797,-2.9692838,6.265681,-54.017395,-21.687132,15.924076,58.25386,-19.990183,-13.163887,7.20861
630,3.189790964,-16.40155983,67.18152161,2.979043837,7.367807271,-101.3692833,-45.677177,11.031031,5.667892,66.05096,-24.710384,-6.5043416,-52.36435,-10.601677,-7.922361,70.875595,-22.919476,-4.152958,1.9102275,6.354562,29.793802,-16.179289,35.19262,-52.366287,49.072483,14.539928,-3.017609,6.3107705,-53.844166,-21.320858,16.371803,57.54785,-20.784998,-13.2687,6.910685
631,2.984243393,-16.62086487,67.74672241,2.778486668,7.210387197,-101.2374034,-44.438923,11.0514765,5.4799843,64.34799,-24.086603,-6.718693,-50.936626,-10.238038,-8.180206,69.223366,-22.430992,-3.9605482,1.9200692,6.301386,29.793802,-15.786177,34.788914,-51.788925,49.343163,14.192824,-3.060482,6.3566017,-53.628227,-20.973661,16.881243,56.869106,-21.56884,-13.370916,6.6473956
632,2.782106876,-16.83755684,68.29901428,2.591986402,7.042304821,-101.0947764,-43.184322,11.065625,5.3009152,62.629974,-23.450766,-6.9213634,-49.488163,-9.914774,-8.490007,67.55875,-21.971203,-3.8268702,1.9112388,6.231533,29.793802,-15.400845,34.40297,-51.2213,49.594116,13.900422,-3.0994577,6.396439,-53.3781,-20.644102,17.41178,56.22217,-22.354095,-13.467701,6.468082
633,2.578265905,-17.04985428,68.84031219,2.419325946,6.864532599,-100.9456629,-41.911903,11.075064,5.131729,60.89362,-22.803074,-7.111886,-48.0192,-9.635489,-8.866612,65.881546,-21.543098,-3.7706578,1.8860828,6.141794,29.793802,-15.02069,34.039433,-50.663033,49.81972,13.671705,-3.1317704,6.429869,-53.098022,-20.333584,17.973457,55.607292,-23.153072,-13.559265,6.3954935
634,2.362917662,-17.26632309,69.45886688,2.258607682,6.677838406,-100.7900391,-40.620617,11.081774,4.972209,59.133904,-22.141382,-7.2949533,-46.534424,-9.380097,-9.283209,64.188286,-21.130322,-3.7627604,1.8466865,6.034344,29.793802,-14.641722,33.701,-50.10998,50.01821,13.494344,-3.15705,6.4593196,-52.7814,-20.044489,18.580692,55.02114,-23.955723,-13.649583,6.4000726
635,2.152318716,-17.49416351,69.97108154,2.110186489,6.47986992,-100.6190166,-39.313923,11.08078,4.8197374,57.357174,-21.464302,-7.469477,-45.028736,-9.15017,-9.736684,62.48058,-20.73805,-3.7839196,1.788371,5.914187,29.793802,-14.261955,33.3883,-49.559357,50.189384,13.35885,-3.180571,6.482817,-52.421997,-19.776983,19.201548,54.46275,-24.741009,-13.742104,6.4528346
636,1.933806062,-17.71650124,70.46423798,1.974347786,6.26862755,-100.4236247,-37.995888,11.067406,4.6710215,55.57088,-20.771448,-7.6346903,-43.497562,-8.946786,-10.223749,60.760567,-20.37186,-3.8155792,1.7096269,5.788497,29.793802,-13.88353,33.100063,-49.01409,50.334934,13.253854,-3.2076223,6.498117,-52.012547,-19.527962,19.79503,53.93219,-25.495928,-13.839298,6.525705
637,1.721336126,-17.9366169,70.94376068,1.853201912,6.036218714,-100.1984184,-36.656532,11.038168,4.531224,53.770622,-20.061363,-7.789132,-41.9258,-8.782159,-10.760035,59.02731,-20.045204,-3.8632593,1.6027526,5.655381,29.793802,-13.503217,32.83511,-48.474716,50.4604,13.190999,-3.240335,6.498692,-51.545258,-19.29807,20.355133,53.42804,-26.283194,-13.953812,6.60981
638,1.50503993,-18.16302109,71.40660553,1.744681954,5.786221599,-99.94934967,-35.29647,10.9962435,4.3991723,51.953197,-19.334623,-7.9348755,-40.320087,-8.647719,-11.344441,57.27914,-19.750504,-3.9335945,1.4733083,5.514157,29.793802,-13.12248,32.593258,-47.941917,50.564354,13.171192,-3.275407,6.4875236,-51.025864,-19.088997,20.898895,52.950832,-27.091051,-14.08158,6.7205095
639,1.286300302,-18.38619041,71.84873657,1.644430526,5.533117983,-99.68538053,-33.934757,10.946443,4.2636375,50.122463,-18.591785,-8.075655,-38.706078,-8.517878,-11.948979,55.514698,-19.462067,-4.011286,1.3328565,5.3690524,29.793802,-12.7478075,32.37498,-47.41237,50.641945,13.167872,-3.310307,6.477046,-50.464695,-18.9013,21.43593,52.498802,-27.778357,-14.19857,6.86423
640,1.06703496,-18.61312103,72.38322296,1.548058505,5.291498124,-99.41502777,-32.594467,10.894291,4.1118755,48.293686,-17.83519,-8.215339,-37.11208,-8.367055,-12.541182,53.735542,-19.153889,-4.0796547,1.1916436,5.2231007,29.793802,-12.384013,32.181515,-46.881226,50.686707,13.154217,-3.3424392,6.4798417,-49.872467,-18.735685,21.979702,52.069633,-28.201063,-14.280116,7.0482173
641,0.856315732,-18.84336662,72.80415955,1.453315201,5.063478664,-99.13722003,-31.276705,10.841312,3.9384449,46.459785,-17.057384,-8.368807,-35.535667,-8.190902,-13.1203985,51.925774,-18.821083,-4.1331873,1.0502746,5.079407,29.793802,-12.032356,32.014484,-46.350937,50.695118,13.124655,-3.3691611,6.500441,-49.24892,-18.59407,22.538359,51.6656,-28.28369,-14.31905,7.284303
642,0.642478406,-19.06806755,73.19878235,1.362474613,4.842103367,-98.84890502,-29.971098,10.785401,3.7497873,44.616177,-16.259113,-8.529542,-33.966114,-8.001531,-13.70032,50.090748,-18.474247,-4.1807303,0.90424675,4.935942,29.793802,-11.687814,31.874651,-45.821762,50.66885,13.093137,-3.3924732,6.5313587,-48.586487,-18.47821,23.104422,51.28373,-28.113579,-14.327067,7.56517
643,0.428141803,-19.29074669,73.67848969,1.278665652,4.628184803,-98.55498898,-28.676016,10.726298,3.5550954,42.76793,-15.45365,-8.6681795,-32.410526,-7.800091,-14.274262,48.241932,-18.109348,-4.228074,0.7571828,4.788008,29.793802,-11.348028,31.761747,-45.2881,50.609688,13.06148,-3.41688,6.5670977,-47.883724,-18.386116,23.660976,50.91439,-27.79847,-14.306736,7.8690248
644,0.213650852,-19.51337814,73.84846954,1.205301522,4.422489774,-98.26049916,-27.39176,10.66341,3.3629658,40.923233,-14.655127,-8.755264,-30.877968,-7.5882926,-14.832519,46.395397,-17.722536,-4.280876,0.6116629,4.6301064,29.793802,-11.011633,31.675222,-44.744766,50.521126,13.029658,-3.4468465,6.6024585,-47.142418,-18.313065,24.191818,50.551273,-27.449621,-14.261582,8.174146
645,-0.004200068,-19.74874687,74.30290833,1.137850206,4.221277956,-97.96252889,-26.106228,10.5885105,3.128972,39.045513,-13.847009,-8.802766,-29.354816,-7.360279,-15.387283,44.53925,-17.314737,-4.3478756,0.4651111,4.4638534,29.793802,-10.675719,31.61572,-44.197643,50.40627,12.997229,-3.4841695,6.6455107,-46.35528,-18.254976,24.694675,50.195396,-27.059519,-14.188869,8.473386
646,-0.215922415,-19.98314285,74.6,1.076246282,4.025366765,-97.65967067,-24.822203,10.507204,2.864525,37.141304,-13.02834,-8.817851,-27.841244,-7.117941,-15.938768,42.669548,-16.887695,-4.4234085,0.31615162,4.289678,29.793802,-10.339992,31.583855,-43.64516,50.262543,12.964276,-3.5263357,6.6958566,-45.52422,-18.211632,25.177185,49.85026,-26.583359,-14.086465,8.776334
647,-0.429967523,-20.20979309,75.1,1.031502388,3.84220307,-97.35921281,-23.560328,10.435677,2.6629899,35.280346,-12.23533,-8.765851,-26.362024,-6.8730903,-16.458302,40.80563,-16.434378,-4.489755,0.17495358,4.1007395,29.793802,-10.011977,31.577478,-43.078487,50.088284,12.93085,-3.5710497,6.735885,-44.660362,-18.1889,25.634645,49.50989,-26.07515,-13.961686,9.086639
648,-0.625783861,-20.44188309,75.35,1.015092237,3.680211085,-97.06870801,-22.345936,10.384936,2.6202488,33.538128,-11.507123,-8.61431,-24.943369,-6.639616,-16.918676,38.96911,-15.948809,-4.5290227,0.02792994,3.8875108,29.793802,-9.66808,31.594206,-42.448242,49.863556,12.911083,-3.6169572,6.7453547,-43.789158,-18.182297,26.090456,49.175644,-25.58209,-13.819164,9.40571
649,-0.818328381,-20.66724396,75.7,1.028781773,3.556669528,-96.78696916,-21.19077,10.367786,2.7931838,31.870512,-10.835009,-8.271874,-23.609344,-6.4182324,-17.309206,37.158752,-15.41525,-4.5297832,-0.11810658,3.6449413,29.793802,-9.331016,31.633986,-41.754272,49.594646,12.889828,-3.6707156,6.711715,-42.93377,-18.211075,26.559858,48.849693,-25.059341,-13.654684,9.742205
650,-0.997193813,-20.89692307,76,1.068222924,3.463228123,-96.51113569,-20.077295,10.364412,3.126904,30.250574,-10.2033,-7.7879434,-22.339128,-6.2056065,-17.646276,35.361492,-14.839548,-4.5023785,-0.26042745,3.381716,29.793802,-8.996538,31.696089,-41.012024,49.278572,12.870103,-3.7309837,6.6453543,-42.064293,-18.27758,27.023523,48.517376,-24.503622,-13.466193,10.091684
651,-1.16336441,-21.12486076,76.3,1.132621943,3.365724913,-96.24694839,-18.98098,10.340975,3.5438786,28.778772,-9.638707,-7.3396134,-21.085638,-6.0068283,-17.944086,33.578487,-14.247506,-4.4606757,-0.37980235,3.105229,29.793802,-8.659191,31.773758,-40.267395,48.92829,12.866209,-3.7829552,6.568004,-41.119526,-18.364552,27.42068,48.1609,-24.020618,-13.26801,10.439343
652,-1.330329061,-21.37343216,76.6,1.219006991,3.226878868,-96.00138979,-17.875778,10.271672,3.9591155,27.557253,-9.165203,-7.100112,-19.794634,-5.8222737,-18.217886,31.803299,-13.660602,-4.4185514,-0.4841129,2.8048491,29.793802,-8.295895,31.859518,-39.539036,48.567936,12.893593,-3.8112817,6.5068245,-40.159355,-18.480064,27.84224,47.849308,-23.558949,-13.076984,10.762008
653,-1.479794383,-21.68753433,76.95,1.32576715,3.015327726,-95.78010213,-16.707287,10.149013,4.3564553,26.572205,-8.782751,-7.1463237,-18.410873,-5.6456456,-18.473433,30.005259,-13.070148,-4.3712935,-0.553189,2.4920158,29.793802,-7.909664,31.939663,-38.85906,48.219147,12.97131,-3.806527,6.462387,-39.09909,-18.604183,28.227488,47.5601,-23.197567,-12.901855,11.046843
654,-1.640027523,-21.94428825,77.26,1.449323044,2.755944349,-95.58003568,-15.4286995,9.985539,4.783816,25.624535,-8.398193,-7.373821,-16.939222,-5.4603715,-18.70697,28.118567,-12.427364,-4.3128543,-0.5939582,2.1684566,29.793802,-7.5201488,32.006992,-38.208847,47.888718,13.087476,-3.7789996,6.4255514,-37.965816,-18.731615,28.578587,47.297073,-22.912868,-12.733793,11.305739
655,-1.794766784,-22.14810562,77.5,1.572614471,2.499429789,-95.39593789,-14.464482,9.842461,5.172467,25.452034,-8.372392,-7.67991,-15.411524,-5.2380924,-18.928389,26.068275,-11.687121,-4.2565727,-0.6190679,1.8494924,29.793802,-7.1505356,32.06499,-37.56511,47.561424,13.209985,-3.7440221,6.4011507,-36.828396,-18.871185,28.894918,47.048927,-22.692083,-12.561062,11.567886
656,-1.934160829,-22.37751198,77.4,1.716307749,2.296833886,-95.21865415,-13.660651,9.689331,5.574675,25.583015,-8.426186,-7.959735,-14.5552635,-5.248887,-19.062977,25.340633,-11.636489,-4.2079725,-0.6367855,1.516359,29.793802,-6.8226924,32.12603,-36.909386,47.210625,13.3057575,-3.7166994,6.391823,-35.723064,-19.034477,29.146582,46.77436,-22.54526,-12.370883,11.865176
657,-2.07012558,-22.60364342,77.6,1.87034493,2.191126667,-95.06078067,-13.305178,9.554557,5.9455676,26.54933,-8.822211,-8.2312565,-13.857612,-5.2701035,-19.158884,24.652796,-11.5816345,-4.177908,-0.6358172,1.183281,29.793802,-6.543837,32.206047,-36.226303,46.80018,13.365071,-3.6984656,6.400584,-34.670074,-19.236807,29.325367,46.445923,-22.481583,-12.15912,12.219451
658,-2.194458723,-22.79656029,77.9,2.048349199,2.393926901,-94.91151949,-13.354869,9.391182,6.33887,27.748795,-9.226541,-8.530941,-13.573466,-5.3240666,-19.217548,24.044617,-11.514677,-4.1690125,-0.52212995,0.86750144,28.744263,-6.0995674,32.1972,-35.946835,46.715233,13.292115,-3.69143,6.2714343,-33.15515,-19.364502,29.552485,46.356857,-22.38761,-11.969522,12.699012
659,-2.304312706,-23.00429726,78,2.227977807,2.623928427,-94.7527627,-13.457719,9.243141,6.7555156,29.051252,-9.626713,-8.805902,-13.334133,-5.3829484,-19.281414,23.457228,-11.455289,-4.1664023,-0.41238642,0.5588853,27.534157,-5.713824,32.09298,-35.757122,46.80688,13.199803,-3.6916158,6.1431165,-31.61076,-19.426846,29.747356,46.3905,-22.35432,-11.777231,13.193461
660,-2.423749447,-23.26063728,78.1,2.385717523,2.757175778,-94.56314155,-13.409979,9.15141,7.197792,30.259832,-9.956442,-8.997956,-12.962985,-5.423497,-19.39394,22.855762,-11.413754,-4.1617036,-0.3491324,0.2684763,26.42397,-5.394119,31.922575,-35.560883,46.99256,13.125223,-3.6971412,6.0427547,-30.102186,-19.448248,29.89227,46.476307,-22.376753,-11.578248,13.653505
661,-2.559016705,-23.52596283,78.2,2.51208843,2.746657667,-94.33451156,-13.159252,9.1376705,7.673164,31.411789,-10.2012005,-9.106055,-12.391662,-5.4344535,-19.572075,22.226753,-11.396243,-4.1517954,-0.33879015,0.004003451,25.472326,-5.1255574,31.7073,-35.341232,47.242287,13.068078,-3.7080915,5.973508,-28.610817,-19.436121,29.966661,46.57962,-22.503489,-11.372305,14.084146
662,-2.686206341,-23.75615311,78.2,2.616456447,2.647001545,-94.08136019,-12.804046,9.174989,8.176874,32.606033,-10.410326,-9.160183,-11.697918,-5.4235663,-19.791819,21.580286,-11.393512,-4.139075,-0.36321494,-0.24040101,24.617811,-4.894688,31.462967,-35.10423,47.53511,13.017618,-3.7233262,5.928417,-27.134016,-19.395569,29.981438,46.69993,-22.71905,-11.160124,14.504209
663,-2.812417746,-23.97837067,78.3,2.702421335,2.521394455,-93.81554243,-12.40839,9.23824,8.687825,33.741417,-10.606582,-9.142387,-10.974197,-5.399644,-20.033817,20.93734,-11.397359,-4.1264863,-0.404528,-0.4662123,23.795998,-4.694879,31.19894,-34.861614,47.855465,12.973871,-3.7399223,5.8977304,-25.680136,-19.334581,29.962437,46.846085,-22.914677,-10.943941,14.898698
664,-2.920168877,-24.203825,78.3,2.775935886,2.433785891,-93.54814885,-12.04297,9.308797,9.18182,34.728104,-10.81822,-9.030097,-10.312323,-5.373769,-20.279173,20.318672,-11.400157,-4.119153,-0.44639876,-0.67594635,22.941294,-4.5236506,30.919405,-34.62614,48.194786,12.939013,-3.7551978,5.872322,-24.255526,-19.263264,29.933285,47.025646,-22.982622,-10.7244,15.251573
665,-3.009213686,-24.41311264,78.3,2.843410996,2.39317971,-93.27394996,-11.738058,9.393475,9.651026,35.619125,-11.05904,-8.768737,-9.7309065,-5.3611064,-20.525866,19.741133,-11.411301,-4.1255083,-0.49096775,-0.8699249,22.041534,-4.386482,30.627165,-34.412704,48.553543,12.909458,-3.7693536,5.851187,-22.853474,-19.190287,29.89223,47.231857,-22.891788,-10.491883,15.563481
666,-3.085374117,-24.6351223,78.3,2.900080852,2.368540053,-92.98928544,-11.456914,9.50656,10.105277,36.448795,-11.318224,-8.382543,-9.184562,-5.347403,-20.786434,19.193449,-11.435028,-4.1513877,-0.5413475,-1.0448314,21.132618,-4.281315,30.32504,-34.2111,48.92728,12.885531,-3.7831247,5.8381214,-21.462181,-19.119146,29.82362,47.446697,-22.697615,-10.2477865,15.8425255
667,-3.165854454,-24.86261368,78.3,2.937519016,2.364370856,-92.7073015,-11.175979,9.643244,10.545032,37.10907,-11.593148,-7.964819,-8.669428,-5.2982073,-21.06509,18.649431,-11.460567,-4.202326,-0.58580333,-1.1989055,20.219524,-4.1983852,30.015373,-34.000084,49.306015,12.87167,-3.795297,5.8320723,-20.08073,-19.050024,29.730186,47.66503,-22.42569,-10.0085,16.082035
668,-3.2455194,-25.10362244,78.3,2.947465962,2.384934604,-92.43973492,-10.873403,9.795935,10.9706335,37.494263,-11.882396,-7.61016,-8.179373,-5.196245,-21.355812,18.07975,-11.468387,-4.2598166,-0.6158381,-1.33291,19.306437,-4.1239767,29.70007,-33.754845,49.67818,12.873879,-3.8043728,5.8317285,-18.71476,-18.9809,29.620129,47.888737,-22.100863,-9.790875,16.275438
669,-3.327308655,-25.32034492,78.3,2.924073151,2.439721149,-92.1917237,-10.556098,9.978543,11.38787,37.592968,-12.204516,-7.327744,-7.7232103,-5.035321,-21.656054,17.47744,-11.451484,-4.315563,-0.6257516,-1.4437823,18.382818,-4.054819,29.381287,-33.464897,50.038307,12.901171,-3.8079293,5.824673,-17.360779,-18.908455,29.496515,48.1202,-21.70816,-9.598198,16.418716
670,-3.3958354,-25.52425003,78.3,2.875512314,2.524035649,-91.95514059,-10.2340975,10.187043,11.794968,37.460503,-12.557279,-7.0741057,-7.301356,-4.836944,-21.963163,16.858292,-11.41697,-4.3683844,-0.62454927,-1.5367081,17.449728,-3.9913967,29.061247,-33.14001,50.387928,12.948197,-3.807224,5.8153863,-16.021595,-18.831285,29.359734,48.362606,-21.240812,-9.421977,16.51544
671,-3.453430891,-25.73396301,78.3,2.814711534,2.620767667,-91.72189109,-9.892734,10.385465,12.181289,37.093674,-12.908179,-6.8663054,-6.8921227,-4.6220117,-22.27225,16.220247,-11.365725,-4.411763,-0.6248162,-1.6228786,16.530235,-3.9270456,28.74114,-32.788296,50.72528,12.998619,-3.8064907,5.828002,-14.706684,-18.747646,29.210081,48.612156,-20.73634,-9.2620125,16.572092
672,-3.499297142,-25.93636894,78.3,2.754342595,2.712546785,-91.48374467,-9.514631,10.537039,12.537059,36.483044,-13.221268,-6.721268,-6.4792476,-4.4125257,-22.5783,15.573971,-11.301156,-4.440403,-0.6398885,-1.7132652,15.646729,-3.8548937,28.421396,-32.417786,51.04965,13.036535,-3.809875,5.8865833,-13.427474,-18.656103,29.049353,48.868057,-20.232094,-9.118177,16.594925
673,-3.549773932,-26.13880348,78.3,2.701382435,2.802481296,-91.23728028,-9.087118,10.631407,12.884405,35.583755,-13.496517,-6.651577,-6.060916,-4.21871,-22.880436,14.910926,-11.219655,-4.446195,-0.6751635,-1.8150774,14.795879,-3.7700465,28.103058,-32.030415,51.351353,13.072199,-3.815819,6.0033402,-12.181134,-18.556574,28.880682,49.121624,-19.74178,-8.99362,16.569862
674,-3.584651232,-26.33307648,78.3,2.649634049,2.896921733,-90.98655429,-8.615876,10.679553,13.224533,34.396976,-13.73865,-6.6521635,-5.6463804,-4.0332303,-23.178938,14.232951,-11.120613,-4.4314733,-0.7244986,-1.9227186,13.967938,-3.6736982,27.786713,-31.622265,51.63263,13.108536,-3.8228562,6.163557,-10.965636,-18.448977,28.705372,49.379986,-19.243202,-8.888289,16.499336
675,-3.615421057,-26.52744293,78.3,2.590777804,2.983966052,-90.73571389,-8.110918,10.680223,13.514951,32.984325,-13.919078,-6.710341,-5.2307944,-3.847695,-23.472326,13.555448,-11.012243,-4.407941,-0.7836813,-2.0261624,13.176224,-3.569519,27.470936,-31.192486,51.91112,13.119581,-3.8353302,6.3507648,-9.791863,-18.331217,28.519829,49.663353,-18.723219,-8.796553,16.414694
676,-3.628941298,-26.70429039,78.3,2.516388038,3.05163994,-90.48893796,-7.5825324,10.636598,13.711664,31.40822,-14.010709,-6.808837,-4.807405,-3.651392,-23.759815,12.889169,-10.9003725,-4.388056,-0.84757686,-2.1157036,12.433844,-3.4643576,27.153202,-30.741598,52.207573,13.078347,-3.85801,6.5487523,-8.6717825,-18.200525,28.319605,49.99356,-18.168673,-8.712045,16.34708
677,-3.644783735,-26.86079788,78.3,2.430265401,3.102939316,-90.24286909,-7.0298557,10.5366535,13.804374,29.642267,-13.995986,-6.93483,-4.383837,-3.4495084,-24.041525,12.242938,-10.790399,-4.3754582,-0.91479516,-2.1975377,11.740334,-3.3656495,26.831398,-30.262743,52.525524,12.981518,-3.8933172,6.759021,-7.601214,-18.054121,28.093252,50.367,-17.548304,-8.636481,16.304934
678,-3.658457041,-27.01979637,78.3,2.33642702,3.141667066,-89.99705495,-6.402944,10.371985,13.824228,27.570454,-13.840492,-7.0988474,-3.959784,-3.2453947,-24.317505,11.608639,-10.678183,-4.3644953,-0.98706454,-2.2756686,11.089398,-3.2698762,26.5051,-29.759405,52.858337,12.842303,-3.9388876,6.9887047,-6.5774817,-17.891653,27.846254,50.778736,-16.878988,-8.571813,16.271254
679,-3.670737267,-27.19026566,78.3,2.226127614,3.158269727,-89.76019473,-5.685211,10.166623,13.779068,25.222006,-13.545655,-7.314081,-3.5223591,-3.0259428,-24.586256,10.982183,-10.560948,-4.3535323,-1.0626915,-2.3366816,10.486417,-3.1685343,26.17404,-29.245365,53.211792,12.660931,-3.9921846,7.2298965,-5.611087,-17.714012,27.596712,51.243282,-16.220945,-8.511841,16.237743
680,-3.678504705,-27.33498192,78.3,2.07695561,3.144747749,-89.53842157,-5.482263,10.116755,13.558699,23.9625,-13.826402,-7.5979233,-3.0500937,-2.757724,-24.85278,10.335243,-10.423621,-4.3434577,-1.142806,-2.353053,9.934345,-3.0538018,25.83791,-28.735298,53.591732,12.436377,-4.050404,7.4745283,-4.7138114,-17.524755,27.36203,51.777172,-15.634453,-8.45053,16.196209
681,-3.682014465,-27.47309113,78.3,1.897056478,3.09232348,-89.33387862,-5.229298,10.070722,13.255129,22.573729,-14.057416,-7.965122,-2.541605,-2.4521775,-25.110258,9.686577,-10.273697,-4.3313465,-1.2218212,-2.333147,9.444974,-2.925403,25.49604,-28.22435,53.99604,12.14935,-4.1231575,7.7291064,-3.8828745,-17.326382,27.13669,52.384895,-15.116786,-8.39309,16.137426
682,-3.678766727,-27.60715485,78.3,1.692572447,3.00796162,-89.14291331,-4.932004,10.019706,12.86968,21.04185,-14.229632,-8.398564,-2.0045202,-2.1155183,-25.3588,9.035309,-10.11194,-4.3193808,-1.2994612,-2.2854319,9.013172,-2.788715,25.1484,-27.707891,54.4236,11.807036,-4.2092595,7.9945755,-3.1112714,-17.12117,26.911367,53.054565,-14.642357,-8.34037,16.068005
683,-3.667120695,-27.73526573,78.3,1.475102152,2.904105838,-88.96903787,-4.5988464,9.964829,12.439596,19.410103,-14.316115,-8.852366,-1.4834777,-1.7741607,-25.594984,8.452989,-9.981522,-4.310244,-1.3765905,-2.2225847,8.6215515,-2.6471155,24.796368,-27.200722,54.881996,11.448857,-4.2899923,8.255025,-2.3990993,-16.912012,26.694872,53.77109,-14.237225,-8.279551,16.00246
684,-3.655425549,-27.86088562,78.3,1.2498984,2.793064873,-88.8158241,-4.244023,9.914925,11.998322,17.732243,-14.295511,-9.282115,-1.0121917,-1.4440731,-25.818796,7.985504,-9.906232,-4.305931,-1.4539418,-2.1502166,8.253416,-2.5035036,24.441618,-26.716925,55.378056,11.114437,-4.346104,8.494711,-1.7475299,-16.70177,26.49732,54.519135,-13.9258995,-8.197487,15.955186
685,-3.650408506,-27.99332809,78.3,0.997982874,2.693444177,-88.67777007,-3.8707645,9.890691,11.546732,15.938786,-14.219971,-9.69535,-0.5650372,-1.0833216,-26.050657,7.527628,-9.834033,-4.315479,-1.5373558,-2.0493243,7.8872204,-2.357128,24.085094,-26.26525,55.920994,10.795027,-4.3751125,8.723374,-1.1510345,-16.49234,26.31764,55.29958,-13.72432,-8.089037,15.9207535
686,-3.632548809,-28.10772705,78.3,0.717720815,2.594023889,-88.55476915,-3.458715,9.876471,11.07407,13.999465,-14.07321,-10.08918,-0.124211505,-0.6854837,-26.285702,7.0652795,-9.756098,-4.3369775,-1.6229659,-1.9175476,7.5385375,-2.2083888,23.726608,-25.837088,56.5029,10.475059,-4.3861313,8.944629,-0.60773987,-16.285494,26.148624,56.11442,-13.615662,-7.9614534,15.895215
687,-3.605545998,-28.2098732,78.3,0.435318563,2.461316179,-88.45658461,-3.0128772,9.847642,10.579895,12.087483,-13.752954,-10.422813,0.16949454,-0.37312564,-26.48898,7.0183697,-9.891057,-4.3501325,-1.7000084,-1.7818282,7.247324,-2.061007,23.366323,-25.41984,57.105114,10.184222,-4.376535,9.134197,-0.124511436,-16.084286,25.990408,56.95051,-13.578036,-7.8202257,15.893552
688,-3.586803436,-28.2986908,78.3,0.182973629,2.26138956,-88.39354166,-2.5413473,9.796055,10.053326,10.383898,-13.16204,-10.684554,0.5272822,-0.09282814,-26.630629,6.971951,-10.018454,-4.341661,-1.7578993,-1.6750362,7.053739,-1.9175911,23.004848,-25.00001,57.70789,9.952608,-4.343574,9.267694,0.29207188,-15.892043,25.84344,57.794292,-13.58944,-7.671014,15.931602
689,-3.574830294,-28.38428307,78.3,-0.025952735,1.977043794,-88.37909682,-2.0348883,9.704317,9.451958,8.873598,-12.162265,-10.933974,0.96368295,0.13741967,-26.687645,6.9307394,-10.136522,-4.305332,-1.7882403,-1.6133168,6.981361,-1.7740439,22.639977,-24.55638,58.303818,9.80297,-4.274293,9.334894,0.6319554,-15.711163,25.71094,58.64649,-13.650108,-7.508856,16.027132
690,-3.542742491,-28.46365547,78.3,-0.201159523,1.62853112,-88.40334032,-1.5023105,9.588997,8.783726,7.503689,-10.855385,-11.17197,1.4579759,0.3284572,-26.681452,6.8945584,-10.246877,-4.2493196,-1.8004057,-1.584907,7.0055747,-1.6302979,22.271442,-24.10073,58.903194,9.714315,-4.1737447,9.3501215,0.903353,-15.542156,25.590887,59.5092,-13.769753,-7.3329563,16.167805
691,-3.489339828,-28.55338097,78.3,-0.342093893,1.237388793,-88.44237543,-1.3066734,9.519658,8.070786,7.093294,-9.864617,-11.286361,2.0280025,0.48322317,-26.641747,6.8772435,-10.403428,-4.163724,-1.8076408,-1.5864416,7.0956645,-1.495032,21.904753,-23.667648,59.51143,9.653537,-4.0658154,9.325863,1.1262335,-15.384109,25.47738,60.370987,-13.937313,-7.1548524,16.322523
692,-3.43667531,-28.62872505,78.3,-0.45171905,0.824272795,-88.47289954,-1.1143441,9.463918,7.4617677,6.9878373,-9.030499,-11.165243,2.6751368,0.607564,-26.599365,6.879568,-10.630685,-4.0453014,-1.8215755,-1.6118716,7.222264,-1.3757701,21.549444,-23.294243,60.13133,9.584295,-3.9742606,9.274096,1.3219199,-15.23481,25.362473,61.21932,-14.143073,-6.9860168,16.46037
693,-3.389453173,-28.69057274,78.3,-0.527304012,0.388760164,-88.49457317,-0.78067464,9.401394,7.00759,6.9553747,-8.137437,-10.650833,3.394808,0.69765466,-26.554918,6.888853,-10.914348,-3.8924878,-1.8405561,-1.6684822,7.3906193,-1.2688257,21.213118,-22.969128,60.74821,9.527657,-3.898335,9.188237,1.4836777,-15.093349,25.26292,62.057373,-14.394456,-6.8318906,16.58205
694,-3.341358185,-28.74863434,78.3,-0.582168292,-0.080191596,-88.51697185,-0.9169111,9.403158,6.570637,8.237304,-7.778826,-9.850271,4.1830907,0.7680683,-26.499582,6.9017544,-11.23601,-3.7121253,-1.8608047,-1.74383,7.615607,-1.165498,20.897228,-22.678162,61.356125,9.490403,-3.8272126,9.063058,1.60482,-14.959995,25.174519,62.88841,-14.694461,-6.6859546,16.701887
695,-3.29804945,-28.82761574,78.3,-0.651763732,-0.577045196,-88.53332702,-1.0673076,9.447172,6.213916,9.742795,-7.622478,-9.049215,4.9955244,0.8523979,-26.450956,6.910327,-11.547808,-3.5286915,-1.8871444,-1.7976449,7.8813534,-1.0680504,20.60066,-22.45555,61.972633,9.41675,-3.7685645,8.91361,1.705508,-14.833662,25.058506,63.699596,-15.023131,-6.541113,16.809618
696,-3.258177996,-28.87858963,78.3,-0.742604579,-1.098598772,-88.53989631,-1.0038459,9.516557,5.9577003,10.876659,-7.613334,-8.518265,5.787196,0.9495877,-26.417986,6.914189,-11.802486,-3.3607266,-1.917558,-1.8180364,8.173923,-0.9860843,20.320707,-22.341185,62.622032,9.249792,-3.730577,8.756297,1.8103781,-14.710253,24.87172,64.47701,-15.362941,-6.3910246,16.894194
697,-3.208502293,-28.9325676,78.3,-0.857607003,-1.681249364,-88.52003372,-0.6813242,9.629304,5.806677,11.6296425,-7.9023867,-8.36194,6.590387,1.0596231,-26.414005,6.9091887,-11.988083,-3.2062032,-1.9575171,-1.8019859,8.529739,-0.9395216,20.058933,-22.362127,63.32372,8.971831,-3.7233222,8.599956,1.9239664,-14.588198,24.60869,65.21366,-15.734628,-6.233295,16.96173
698,-3.150592804,-28.98316956,78.3,-0.986278892,-2.313992781,-88.48157991,-0.20088048,9.778308,5.7490396,12.240274,-8.455447,-8.418517,7.412136,1.1689582,-26.426813,6.8994308,-12.1283245,-3.0556712,-2.001659,-1.7663119,8.941721,-0.922466,19.815857,-22.49666,64.06331,8.612803,-3.7377744,8.434716,2.0372684,-14.467255,24.285425,65.91856,-16.140953,-6.0716877,17.0147
699,-3.084338188,-29.02641678,78.3,-1.090101655,-2.92482712,-88.4592923,0.37003395,9.90154,5.7683954,12.653625,-9.028487,-8.550585,8.179453,1.2393129,-26.426073,6.8916216,-12.229898,-2.9125352,-2.0319276,-1.745428,9.3336735,-0.9106615,19.585167,-22.709707,64.827286,8.187875,-3.7594209,8.250321,2.151064,-14.341815,23.892601,66.60188,-16.537237,-5.907772,17.036644
700,-3.01388979,-29.07032585,78.3,-1.139909865,-3.442920795,-88.4885041,0.9596179,9.93948,5.84341,12.824673,-9.382035,-8.621218,8.818082,1.2384093,-26.38334,6.889824,-12.296071,-2.7810562,-2.0287426,-1.768421,9.6283,-0.88277483,19.356995,-22.96675,65.607,7.714776,-3.7727282,8.037783,2.2627923,-14.204508,23.420368,67.28017,-16.879812,-5.7425485,17.009676
701,-2.946110249,-29.10871506,78.3,-1.106581359,-3.853105585,-88.57456472,1.5859714,9.850971,5.9783382,12.675963,-9.431759,-8.602777,9.303504,1.1334609,-26.300726,6.898395,-12.319079,-2.6651425,-1.9876195,-1.8590993,9.804714,-0.8463839,19.127127,-23.293282,66.42937,7.1411133,-3.792242,7.799589,2.372033,-14.047301,22.842396,67.97695,-17.175127,-5.5844135,16.918606
702,-2.863996983,-29.15332413,78.3,-1.009913539,-4.193488334,-88.70139681,2.275699,9.673825,6.179912,12.25214,-9.311491,-8.563831,9.675099,0.94666713,-26.19154,6.915924,-12.300544,-2.5630615,-1.9166822,-1.9986857,9.903273,-0.8171851,18.895533,-23.698214,67.30438,6.477997,-3.8213067,7.540963,2.4760234,-13.8677,22.17127,68.68532,-17.44207,-5.4281,16.77457
703,-2.772383928,-29.21484375,78.3,-0.89280678,-4.473203897,-88.87353965,2.9738424,9.466709,6.4289846,11.683743,-9.104396,-8.513548,9.9597645,0.7326555,-26.042885,6.936838,-12.262218,-2.4686632,-1.8175017,-2.1497087,9.939227,-0.78114355,18.6592,-24.121265,68.18625,5.836621,-3.8205361,7.25659,2.561997,-13.670519,21.458899,69.38584,-17.654175,-5.259569,16.597383
704,-2.674063921,-29.25998306,78.3,-0.804631371,-4.698779166,-89.09252487,3.5823157,9.302894,6.6980686,11.188768,-8.942045,-8.462155,10.18278,0.5575182,-25.843939,6.955568,-12.224778,-2.3741264,-1.6985836,-2.2612782,9.926299,-0.72127664,18.41308,-24.49616,69.03167,5.3310227,-3.7565799,6.942314,2.6170163,-13.464278,20.763382,70.052444,-17.78197,-5.0646234,16.407978
705,-2.575798512,-29.29613495,78.3,-0.758884254,-4.846212246,-89.37527118,4.0396233,9.203646,6.9895945,10.850718,-8.866014,-8.4172,10.31903,0.44077525,-25.575285,6.9705453,-12.188999,-2.2795382,-1.5548143,-2.3159409,9.839467,-0.62523603,18.151194,-24.811348,69.84041,4.9816628,-3.6187332,6.5971045,2.6352718,-13.253882,20.074518,70.6915,-17.815231,-4.832811,16.188175
706,-2.480442762,-29.32520485,78.3,-0.724919902,-4.920637913,-89.71625372,4.439929,9.120598,7.3225155,10.485074,-8.7736025,-8.375368,10.365327,0.3440527,-25.24645,6.988051,-12.147979,-2.1886034,-1.386394,-2.344258,9.681668,-0.50512874,17.872513,-25.097288,70.63453,4.7338085,-3.427495,6.224492,2.621919,-13.039334,19.37516,71.30887,-17.767155,-4.5745153,15.934809
707,-2.38511014,-29.34973145,78.3,-0.70132589,-4.966676222,-90.07872265,4.821067,9.051907,7.6736994,10.136824,-8.709009,-8.333462,10.3799095,0.26610136,-24.894848,7.0017085,-12.104047,-2.0994065,-1.2153481,-2.3531225,9.501648,-0.37478107,17.581196,-25.346268,71.39933,4.5922194,-3.1957827,5.8261933,2.5792186,-12.827427,18.709257,71.88034,-17.646923,-4.3073835,15.691158
708,-2.285693884,-29.36865616,78.3,-0.704267655,-5.02493468,-90.42415658,5.2513943,9.023428,8.017769,10.06644,-8.964506,-8.306059,10.399143,0.21293862,-24.560013,7.0447216,-12.080136,-2.012537,-1.0707155,-2.3338242,9.3455305,-0.24132288,17.284243,-25.547535,72.11131,4.557913,-2.93641,5.402169,2.5123804,-12.629438,18.125038,72.377014,-17.463327,-4.0488176,15.501609
709,-2.187593222,-29.38682747,78.3,-0.718944754,-5.095514353,-90.75324256,5.7031665,9.009285,8.3614645,10.002394,-9.245595,-8.271478,10.434728,0.1707721,-24.241196,7.104997,-12.072382,-1.9231551,-0.9583093,-2.2991877,9.217827,-0.08959392,16.983215,-25.66844,72.752,4.6800947,-2.632446,4.941304,2.4167652,-12.448776,17.611578,72.79902,-17.175566,-3.7827008,15.377931
710,-2.086757183,-29.40158463,78.3,-0.74618053,-5.160074336,-91.08238209,6.1581626,9.010151,8.7138195,9.936588,-9.540581,-8.235734,10.475524,0.14826168,-23.921133,7.150275,-12.061231,-1.8338754,-0.86665124,-2.2466273,9.097594,0.08467088,16.677654,-25.72119,73.329,4.9426136,-2.2863834,4.444231,2.2926102,-12.285568,17.155012,73.15463,-16.791496,-3.5071442,15.296907
711,-1.984173417,-29.41359329,78.3,-0.7788593,-5.242788248,-91.40106619,6.5992374,9.019131,9.054711,9.877869,-9.814739,-8.202019,10.535436,0.13557784,-23.61082,7.190727,-12.050017,-1.7478945,-0.7920834,-2.1858077,9.007308,0.25824153,16.373732,-25.758139,73.85467,5.251462,-1.9393061,3.9282534,2.158935,-12.144297,16.797451,73.4183,-16.39247,-3.26025,15.252459
712,-1.890240788,-29.42058372,78.3,-0.813989135,-5.367590698,-91.6985126,7.007086,9.030395,9.363458,9.841419,-10.037913,-8.1694765,10.627794,0.12247009,-23.32126,7.2386613,-12.043266,-1.6671289,-0.7316569,-2.126393,8.970373,0.4110439,16.081472,-25.828423,74.33673,5.513189,-1.630447,3.4112852,2.0368316,-12.031951,16.58151,73.56168,-16.058695,-3.0805166,15.240502
713,-1.796176791,-29.41497803,78.3,-0.852625814,-5.546279266,-91.97349185,7.3685904,9.0465355,9.631731,9.837155,-10.196415,-8.131774,10.762008,0.11045452,-23.054878,7.290255,-12.036791,-1.5906274,-0.6853334,-2.069159,9.005768,0.5453413,15.805709,-25.909231,74.765114,5.732415,-1.3583673,2.879318,1.9314876,-11.953321,16.526825,73.56026,-15.804905,-2.9662576,15.2713375
714,-1.697394967,-29.40922737,78.3,-0.895130821,-5.764488876,-92.23118324,7.693994,9.071299,9.870487,9.861934,-10.313494,-8.085071,10.927703,0.10338627,-22.806297,7.344187,-12.031113,-1.5167086,-0.6562361,-2.0090005,9.09876,0.67838013,15.546857,-25.983103,75.12302,5.9487004,-1.1015066,2.3270123,1.8363178,-11.90716,16.60942,73.42901,-15.589561,-2.901088,15.34665
715,-1.609465837,-29.39905167,78.3,-0.940706392,-6.007652406,-92.47002567,7.999921,9.100388,10.088308,9.906814,-10.410288,-8.030841,11.118472,0.09978564,-22.575302,7.3964796,-12.027202,-1.4462131,-0.6445956,-1.9479911,9.224186,0.80390906,15.307783,-26.11096,75.430756,6.117746,-0.8819826,1.7874392,1.7544065,-11.89064,16.80498,73.19853,-15.407245,-2.9008808,15.45009
716,-1.51873827,-29.38127136,78.3,-0.983458341,-6.260939052,-92.68867541,8.305252,9.128265,10.294498,9.958906,-10.505384,-7.9733796,11.326239,0.09713799,-22.36123,7.446936,-12.027676,-1.3804525,-0.64727914,-1.8878394,9.356937,0.9148944,15.092246,-26.356644,75.70659,6.194345,-0.718693,1.293679,1.6913128,-11.899022,17.083603,72.89768,-15.255215,-2.981847,15.5651655
717,-1.432167053,-29.36345863,78.3,-1.025625611,-6.52789716,-92.88576985,8.613385,9.15305,10.490156,10.020366,-10.598845,-7.909461,11.5553665,0.09448338,-22.163204,7.4970613,-12.035149,-1.3210084,-0.66099006,-1.830533,9.49737,1.008529,14.903876,-26.749022,75.95715,6.114288,-0.62699443,0.85292095,1.6518242,-11.9319515,17.462877,72.510124,-15.13583,-3.1630068,15.711483
718,-1.352602839,-29.34060669,78.3,-1.06733312,-6.81388978,-93.06216267,8.913877,9.177616,10.670636,10.098414,-10.684302,-7.8365955,11.806329,0.0918944,-21.981806,7.549073,-12.047957,-1.2669356,-0.68519276,-1.7766533,9.657098,1.0883815,14.742769,-27.253798,76.17149,5.9159784,-0.5913065,0.44774362,1.6321124,-11.989094,17.94545,72.02832,-15.051154,-3.4310832,15.890398
719,-1.275692701,-29.32022285,78.3,-1.109336579,-7.107452116,-93.22024916,9.208914,9.201007,10.83762,10.179792,-10.763886,-7.762985,12.069075,0.088963285,-21.817953,7.5985355,-12.061483,-1.2159148,-0.7223517,-1.7354391,9.831676,1.1725326,14.630167,-27.83448,76.31505,5.7101355,-0.58261096,0.06964627,1.616474,-12.04864,18.483776,71.49867,-14.9974575,-3.754182,16.056072
720,-1.208168268,-29.30285645,78.3,-1.149154062,-7.396521219,-93.36287285,9.49922,9.2231455,10.992964,10.254596,-10.8417,-7.6975007,12.332233,0.08588888,-21.672758,7.639639,-12.069,-1.1654454,-0.76621765,-1.6827712,10.000664,1.2198668,14.504978,-28.483477,76.44833,5.599166,-0.5772147,-0.27265507,1.6126037,-12.131262,19.026567,70.958786,-14.963372,-4.099054,16.164148
721,-1.14489305,-29.27937126,78.3,-1.188042683,-7.688472907,-93.491098,9.792644,9.245195,11.139711,10.321091,-10.917591,-7.6452274,12.602505,0.0840211,-21.548986,7.6757636,-12.071598,-1.1153808,-0.82120067,-1.6366732,10.180975,1.253119,14.408769,-29.21186,76.5282,5.6223373,-0.5778217,-0.5973539,1.5988252,-12.208025,19.586039,70.42242,-14.98037,-4.4830647,16.187939
722,-1.080600381,-29.25133324,78.3,-1.228232708,-7.986258995,-93.60320759,10.087508,9.265289,11.276732,10.381625,-10.987652,-7.600931,12.884024,0.08325279,-21.445225,7.7061486,-12.071095,-1.0668788,-0.89349586,-1.6049306,10.373338,1.2810874,14.350116,-30.010157,76.551094,5.7263713,-0.59549874,-0.8999143,1.5647959,-12.268571,20.183691,69.88675,-15.04746,-4.9150586,16.151365
723,-1.013556719,-29.22443962,78.3,-1.263504979,-8.270658275,-93.69780972,10.367589,9.277009,11.399175,10.436963,-11.053337,-7.5581555,13.154185,0.07679,-21.35584,7.733432,-12.06809,-1.0195495,-0.956896,-1.566536,10.545746,1.2731885,14.284265,-30.87177,76.56747,5.855023,-0.61631185,-1.1527265,1.5616217,-12.34782,20.76448,69.328094,-15.101901,-5.349817,16.090172
724,-0.948601246,-29.1939373,78.3,-1.290416646,-8.523358394,-93.77274789,10.618402,9.274342,11.501693,10.485963,-11.114785,-7.510339,13.391021,0.0581808,-21.275537,7.762535,-12.066004,-0.973091,-1.0341941,-1.5402211,10.68379,1.2611278,14.232274,-31.682554,76.54757,6.0018835,-0.6239774,-1.3392693,1.5547445,-12.414629,21.297342,68.79422,-15.1064825,-5.7440944,16.030989
725,-0.88991487,-29.17037964,78.3,-1.306323912,-8.73752191,-93.82289696,10.83261,9.2548685,11.578189,10.531006,-11.173569,-7.4552503,13.585905,0.0245413,-21.20395,7.797006,-12.066133,-0.9290528,-1.1274184,-1.5306871,10.7730665,1.2400643,14.193464,-32.48097,76.4911,6.148032,-0.60967404,-1.4425476,1.5491489,-12.465075,21.787586,68.279495,-15.03596,-6.0872717,15.97257
726,-0.831857443,-29.14994049,78.3,-1.31441838,-8.923774151,-93.85078139,11.019371,9.221499,11.633026,10.570788,-11.22804,-7.3962646,13.751934,-0.020447968,-21.143784,7.8335443,-12.0668,-0.88718104,-1.241278,-1.5368294,10.829752,1.2104583,14.169418,-33.2698,76.39624,6.32076,-0.58319336,-1.4771657,1.5320189,-12.497688,22.254847,67.7895,-14.923021,-6.4050107,15.900598
727,-0.7683568,-29.12071419,78.3,-1.316689359,-9.088675651,-93.86663867,11.184967,9.177957,11.676522,10.605149,-11.278395,-7.3353677,13.895288,-0.07400043,-21.09369,7.8709617,-12.068159,-0.8438902,-1.3479486,-1.5467924,10.860642,1.163897,14.151628,-34.012173,76.292946,6.5125785,-0.5557119,-1.4659842,1.5231504,-12.520802,22.669935,67.3261,-14.78823,-6.698159,15.827111
728,-0.708897114,-29.09366989,78.3,-1.315902913,-9.238869888,-93.88071348,11.336612,9.1276,11.719168,10.631766,-11.323433,-7.274454,14.023189,-0.13343419,-21.052565,7.9056497,-12.068322,-0.79562014,-1.4334575,-1.5554919,10.878343,1.1006835,14.136905,-34.637905,76.201385,6.733617,-0.5385551,-1.4315027,1.5218811,-12.536316,23.01104,66.90726,-14.657121,-6.9694996,15.761126
729,-0.651611507,-29.06936455,78.3,-1.306678156,-9.380135706,-93.88333759,11.478914,9.066483,11.75325,10.648651,-11.362803,-7.2146006,14.146519,-0.20229562,-21.032806,7.9337254,-12.068801,-0.7362424,-1.5208678,-1.5682046,10.894367,1.0259638,14.126997,-35.08659,76.11082,7.0110464,-0.53113943,-1.3708587,1.5092504,-12.541,23.286907,66.55134,-14.525235,-7.2314463,15.698982
730,-0.593203723,-29.04393387,78.3,-1.292642761,-9.50789739,-93.87314814,11.607054,8.994918,11.776559,10.657563,-11.397233,-7.15465,14.257471,-0.2810451,-21.030676,7.9595914,-12.070371,-0.6693321,-1.6241932,-1.5878731,10.903987,0.94480795,14.12501,-35.379395,76.01244,7.345111,-0.53317803,-1.2748988,1.4782917,-12.533954,23.515001,66.2505,-14.385158,-7.479056,15.63813
731,-0.542852461,-29.0201416,78.3,-1.277911512,-9.612736305,-93.87288863,11.71416,8.923272,11.807467,10.663294,-11.428313,-7.0932755,14.340166,-0.35989672,-21.021488,7.9865713,-12.069111,-0.6059346,-1.7160312,-1.6033845,10.891902,0.8600831,14.128879,-35.57691,75.91342,7.701428,-0.54102874,-1.1578982,1.4438932,-12.518174,23.689861,65.99034,-14.254306,-7.6888742,15.589986
732,-0.460218072,-28.97972107,78.3,-1.265276017,-9.685092461,-93.90547191,11.794542,8.86193,11.864255,10.669225,-11.457261,-7.029424,14.375575,-0.43035918,-20.980352,8.023323,-12.063248,-0.5572412,-1.7761431,-1.6109812,10.840505,0.78021014,14.143728,-35.738186,75.821495,8.039088,-0.55425674,-1.0337104,1.4063528,-12.478066,23.81667,65.775986,-14.150501,-7.837264,15.5604315
733,-0.407174081,-28.95926476,78.3,-1.256396881,-9.7076444,-93.98793756,11.833808,8.814606,11.9625845,10.676818,-11.484053,-6.96063,14.34029,-0.48990783,-20.889795,8.072259,-12.047603,-0.52848643,-1.7914116,-1.5945623,10.745206,0.70272154,14.161281,-35.829605,75.73179,8.426629,-0.5756919,-0.90138495,1.3799121,-12.437594,23.857504,65.576225,-14.095419,-7.9068556,15.566168
734,-0.349294454,-28.94022369,78.3,-1.249981985,-9.690054419,-94.10422579,11.839977,8.774985,12.089102,10.683103,-11.508326,-6.8884006,14.248582,-0.54370165,-20.76648,8.131982,-12.026258,-0.5130024,-1.7623721,-1.5708325,10.605654,0.6245861,14.192865,-35.866028,75.646965,8.8421,-0.60281765,-0.75423723,1.35321,-12.369296,23.818277,65.424644,-14.073863,-7.913513,15.590543
735,-0.285471171,-28.9202919,78.3,-1.244159712,-9.665127314,-94.2282424,11.840147,8.740063,12.219183,10.687006,-11.5301,-6.817604,14.14588,-0.5920939,-20.637129,8.193402,-12.006002,-0.5038678,-1.7165196,-1.5617123,10.461895,0.545507,14.256421,-35.85956,75.55544,9.195128,-0.63236415,-0.6055312,1.2961291,-12.245832,23.730259,65.34576,-14.085314,-7.8889337,15.621631
736,-0.225019753,-28.896698,78.3,-1.242746585,-9.665458083,-94.33366833,11.858935,8.707877,12.327768,10.692974,-11.553181,-6.7530036,14.078888,-0.6347399,-20.528116,8.246009,-11.993549,-0.49399406,-1.6904478,-1.5507997,10.358066,0.45395863,14.322568,-35.821136,75.46033,9.394214,-0.6641923,-0.46503106,1.2330524,-12.131669,23.644358,65.28002,-14.102504,-7.8624444,15.664203
737,-0.154847473,-28.8602562,78.3,-1.245727987,-9.699496998,-94.41711309,11.905668,8.679486,12.410278,10.699629,-11.578857,-6.699015,14.059078,-0.67026913,-20.444786,8.287968,-11.994476,-0.48461267,-1.683463,-1.539955,10.303341,0.34883958,14.399286,-35.748707,75.360245,9.392884,-0.69402266,-0.34621584,1.159956,-12.01,23.53001,65.236725,-14.13681,-7.8323646,15.726129
738,-0.111970782,-28.84247017,78.3,-1.253953039,-9.750115208,-94.49114385,11.965789,8.65586,12.479329,10.707084,-11.606306,-6.6521683,14.06156,-0.69917417,-20.37368,8.325278,-12.00443,-0.4783821,-1.6822517,-1.5266633,10.276952,0.23273668,14.485987,-35.63725,75.25769,9.246857,-0.7249887,-0.23940092,1.0823826,-11.881599,23.378384,65.21525,-14.19153,-7.7857013,15.8073435
739,-0.059042186,-28.81560326,78.3,-1.262547495,-9.810924373,-94.5542675,12.029746,8.634563,12.535355,10.718339,-11.633384,-6.6052437,14.078984,-0.72464955,-20.313255,8.356569,-12.012427,-0.4708958,-1.6845974,-1.5114632,10.272591,0.101606816,14.570721,-35.509483,75.156265,9.016685,-0.7661417,-0.1234027,1.0005269,-11.7649555,23.249268,65.20949,-14.244514,-7.7370467,15.887479
740,-0.012517418,-28.78550339,78.3,-1.272636314,-9.876118101,-94.60449164,12.086602,8.613615,12.578993,10.739077,-11.659696,-6.5510607,14.098848,-0.75117266,-20.262417,8.388853,-12.010963,-0.45790824,-1.6898112,-1.5069219,10.282544,-0.039174393,14.660237,-35.38784,75.0481,8.760182,-0.82555735,0.021907637,0.89879733,-11.654232,23.2025,65.236336,-14.279245,-7.7010603,15.940927
741,0.034327336,-28.75331879,78.3,-1.283939423,-9.956069948,-94.62968325,12.139766,8.592624,12.597485,10.775956,-11.686426,-6.4840307,14.139753,-0.7778463,-20.232082,8.41557,-11.996239,-0.4337344,-1.7122903,-1.5164884,10.323296,-0.18799183,14.760938,-35.258873,74.923386,8.459505,-0.91585225,0.19932628,0.7682842,-11.545564,23.252773,65.30176,-14.284544,-7.682836,15.955527
742,0.076042823,-28.71696281,78.3,-1.298409663,-10.04997229,-94.63467588,12.192764,8.572642,12.595018,10.823916,-11.713347,-6.4091654,14.200322,-0.802987,-20.21914,8.43504,-11.971524,-0.40213415,-1.7463508,-1.5284284,10.393027,-0.35271993,14.8590975,-35.11876,74.79524,8.095516,-1.0302982,0.3993784,0.62590456,-11.455298,23.367704,65.387436,-14.269213,-7.674032,15.948908
743,0.132458031,-28.66253471,78.3,-1.309248457,-10.13481537,-94.64348117,12.235706,8.553933,12.59666,10.871959,-11.738277,-6.3351088,14.243234,-0.8287787,-20.20127,8.459905,-11.942965,-0.37299576,-1.7754419,-1.5447322,10.457861,-0.5162034,14.96202,-34.986954,74.65676,7.725022,-1.1467452,0.61973184,0.47523066,-11.3758,23.550543,65.492874,-14.249904,-7.6690307,15.934815
744,0.18098633,-28.62403107,78.3,-1.318937655,-10.18778649,-94.67939863,12.259885,8.536436,12.628237,10.906048,-11.757441,-6.2706413,14.233567,-0.85590833,-20.155983,8.494898,-11.911214,-0.35616776,-1.7648594,-1.5520511,10.482459,-0.69220465,15.043412,-34.90699,74.53826,7.4010415,-1.2437359,0.86219496,0.34229088,-11.326276,23.782406,65.59718,-14.244585,-7.6626196,15.93196
745,0.226790622,-28.59836197,78.3,-1.322885045,-10.18470643,-94.7638825,12.250567,8.522133,12.710793,10.917284,-11.767555,-6.2209163,14.139215,-0.88248366,-20.060694,8.5448065,-11.877203,-0.35692063,-1.7088594,-1.5549881,10.434325,-0.8553201,15.121537,-34.875305,74.41913,7.127336,-1.3110164,1.1321278,0.21229352,-11.292957,24.097645,65.723816,-14.240127,-7.656044,15.938507
746,0.261877656,-28.57666397,78.3,-1.322618297,-10.14349059,-94.87959168,12.21537,8.510375,12.8259945,10.915725,-11.771202,-6.1802597,13.985253,-0.90919226,-19.932835,8.60731,-11.8406725,-0.36905444,-1.6281059,-1.5600593,10.340216,-1.0020533,15.207342,-34.868294,74.28479,6.880694,-1.36107,1.4263476,0.077422075,-11.273109,24.49855,65.87314,-14.230546,-7.6512527,15.947147
747,0.300500989,-28.55049133,78.3,-1.320221045,-10.10529763,-94.99160975,12.184021,8.495538,12.9403305,10.91175,-11.773354,-6.1412215,13.825593,-0.9395437,-19.81003,8.674576,-11.801558,-0.38536516,-1.5444663,-1.567568,10.254759,-1.1544279,15.289526,-34.88497,74.146675,6.669948,-1.4059516,1.7317665,-0.05565943,-11.269409,24.934164,66.02298,-14.248069,-7.6433406,15.96097
748,0.346684307,-28.50877953,78.3,-1.317802623,-10.11080718,-95.06565408,12.182201,8.472948,13.019357,10.918491,-11.778166,-6.096229,13.714337,-0.9778721,-19.729994,8.738277,-11.759526,-0.3982168,-1.4941131,-1.5834811,10.231138,-1.3188645,15.367529,-34.904934,74.00214,6.5090656,-1.456787,2.0344627,-0.19362472,-11.277881,25.374233,66.162834,-14.319164,-7.627024,15.980412
749,0.393921733,-28.44859123,78.3,-1.31393778,-10.18783931,-95.08915487,12.2332325,8.44051,13.050901,10.943421,-11.790859,-6.0427804,13.676663,-1.0282917,-19.708632,8.805442,-11.717169,-0.40716234,-1.4738497,-1.6088928,10.303744,-1.5233843,15.427856,-34.95472,73.87414,6.395918,-1.5168893,2.3555875,-0.34468478,-11.29394,25.81202,66.30014,-14.477828,-7.6006804,16.001389
750,0.442181021,-28.40126228,78.3,-1.307088206,-10.30875242,-95.08158273,12.317013,8.401163,13.054162,10.9774885,-11.806614,-5.9849563,13.681515,-1.0868932,-19.724081,8.873092,-11.670909,-0.41546586,-1.5139266,-1.6479303,10.439932,-1.7024142,15.510112,-34.981506,73.69708,6.3321967,-1.5783886,2.6897109,-0.52243865,-11.326404,26.327574,66.43822,-14.678227,-7.565286,16.02421
751,0.479514807,-28.34945679,78.3,-1.300039743,-10.43244635,-95.05653444,12.397591,8.356661,13.042344,11.013032,-11.820243,-5.925262,13.693235,-1.1492572,-19.757545,8.937677,-11.624118,-0.42094028,-1.5325942,-1.6887634,10.5812645,-1.9195654,15.566313,-35.042656,73.557144,6.3109727,-1.6393886,3.0008967,-0.6788087,-11.357668,26.78238,66.5716,-14.914428,-7.5267997,16.056252
752,0.515007257,-28.29446411,78.3,-1.291822906,-10.51724648,-95.02763303,12.437128,8.309673,13.028564,11.043228,-11.825985,-5.866098,13.67581,-1.2106223,-19.788897,8.996636,-11.581459,-0.4231517,-1.5638577,-1.7308018,10.674338,-2.110236,15.619294,-35.05995,73.40552,6.3461795,-1.6957915,3.2441056,-0.80962914,-11.395249,27.201792,66.69194,-15.120843,-7.485532,16.103554
753,0.552230954,-28.24682617,78.3,-1.283512776,-10.54681592,-94.99472358,12.419019,8.259395,13.015121,11.067212,-11.822895,-5.805728,13.613697,-1.270943,-19.81653,9.04719,-11.541734,-0.42098477,-1.6079831,-1.7752995,10.702562,-2.260551,15.678539,-35.014103,73.22206,6.4830184,-1.7461919,3.407065,-0.9053241,-11.4467945,27.590742,66.78418,-15.29736,-7.4426365,16.171415
754,0.590177715,-28.20659065,78.3,-1.272276071,-10.54509933,-94.95205062,12.365168,8.20507,12.995478,11.088457,-11.813473,-5.7437124,13.527936,-1.3327624,-19.850174,9.092501,-11.504093,-0.41481364,-1.6303722,-1.8235458,10.690743,-2.426431,15.71874,-34.97264,73.06321,6.693929,-1.7925073,3.5164368,-0.97085947,-11.491347,27.910782,66.87184,-15.48333,-7.3982897,16.25245
755,0.629182458,-28.16400909,78.3,-1.261825597,-10.53107132,-94.90359589,12.296526,8.14949,12.968971,11.10761,-11.799302,-5.684529,13.437492,-1.3943416,-19.886648,9.134392,-11.469671,-0.40679696,-1.6734856,-1.871946,10.665123,-2.571835,15.757693,-34.90073,72.895256,6.905726,-1.8356534,3.5762856,-1.0236515,-11.543745,28.19933,66.95301,-15.642147,-7.3498926,16.343891
756,0.667191982,-28.12463951,78.3,-1.251256698,-10.52369261,-94.85374589,12.234552,8.094371,12.935208,11.124028,-11.780915,-5.6324344,13.361691,-1.4542496,-19.922916,9.1740465,-11.438776,-0.3985579,-1.6946489,-1.9198856,10.645663,-2.7459967,15.778768,-34.86756,72.77217,7.0252476,-1.8768755,3.595843,-1.0625526,-11.576606,28.371508,67.05212,-15.786421,-7.2989106,16.438541
757,0.69996649,-28.08671379,78.3,-1.240509547,-10.52293909,-94.80219602,12.1785145,8.039422,12.89092,11.135756,-11.75572,-5.591942,13.299502,-1.512944,-19.957632,9.212036,-11.409535,-0.38873845,-1.7642475,-1.9630876,10.637911,-2.8810973,15.8107395,-34.79769,72.622894,7.024027,-1.9186339,3.5572338,-1.0993086,-11.631802,28.517326,67.14518,-15.865366,-7.239673,16.551731
758,0.73295939,-28.04904366,78.3,-1.229410677,-10.52085994,-94.74699926,12.119728,7.983436,12.837551,11.143448,-11.724153,-5.5596504,13.242826,-1.5709668,-19.992445,9.247581,-11.382224,-0.3771475,-1.811787,-2.0089223,10.625433,-3.0435224,15.827846,-34.761627,72.5169,6.9412055,-1.9602053,3.466002,-1.1238701,-11.66396,28.54861,67.26265,-15.93105,-7.1773825,16.67628
759,0.76411593,-28.01224518,78.3,-1.218897734,-10.52275925,-94.69009596,12.064959,7.9294214,12.780789,11.152591,-11.693188,-5.5283337,13.199358,-1.6262412,-20.029692,9.280315,-11.361356,-0.3673209,-1.8705949,-2.0497386,10.626641,-3.1835506,15.853432,-34.71519,72.38549,6.833735,-1.9944484,3.3464124,-1.1184492,-11.717847,28.531595,67.34098,-15.969866,-7.1118326,16.797539
760,0.806560755,-27.97777367,78.3,-1.210552116,-10.53443365,-94.63363304,12.021798,7.879911,12.726781,11.167987,-11.669195,-5.4908137,13.176704,-1.6772563,-20.071262,9.3109865,-11.35165,-0.36285052,-1.9237506,-2.0944176,10.625708,-3.3298583,15.865239,-34.68639,72.292076,6.741971,-2.0187666,3.2336748,-1.1083089,-11.746051,28.474863,67.444046,-15.997875,-7.048257,16.879194
761,0.837104321,-27.94894791,78.3,-1.204089689,-10.55698587,-94.57936654,11.989793,7.8376536,12.678181,11.196439,-11.656495,-5.4433656,13.177867,-1.7218827,-20.118368,9.342859,-11.359692,-0.36909765,-1.9628253,-2.1335514,10.642695,-3.4723718,15.88072,-34.668858,72.19432,6.6758432,-2.0274916,3.1186237,-1.0550554,-11.790511,28.35233,67.499565,-16.011372,-6.98347,16.92852
762,0.868030906,-27.91828728,78.3,-1.198345807,-10.58732006,-94.52573528,11.966831,7.800343,12.631561,11.232043,-11.65012,-5.3904133,13.199792,-1.7611548,-20.16979,9.371914,-11.379632,-0.3826435,-1.9973344,-2.1713572,10.664735,-3.610512,15.892452,-34.66201,72.1072,6.608725,-2.024117,2.992837,-0.97378206,-11.834382,28.179028,67.53767,-15.999505,-6.915575,16.951567
763,0.895274341,-27.88772011,78.3,-1.194509991,-10.62541776,-94.46955123,11.952785,7.7638054,12.582874,11.268539,-11.646542,-5.3366833,13.235694,-1.7993692,-20.223967,9.398234,-11.40403,-0.39376688,-2.0400352,-2.2104082,10.691878,-3.7414544,15.898084,-34.656315,72.032745,6.552522,-2.0173063,2.872531,-0.89248717,-11.868776,27.977673,67.59193,-15.987266,-6.853774,16.949215
764,0.921151757,-27.86059761,78.3,-1.18945662,-10.67157798,-94.40803778,11.948462,7.7242928,12.52843,11.299676,-11.64229,-5.2868776,13.281569,-1.8392847,-20.27891,9.417805,-11.4236,-0.39282915,-2.0704055,-2.2476125,10.73681,-3.8815963,15.898504,-34.67487,71.96892,6.514283,-2.0144575,2.7718418,-0.7974018,-11.907802,27.726538,67.64018,-16.011066,-6.8060637,16.929375
765,0.952879429,-27.83246613,78.3,-1.182813319,-10.73071778,-94.33653204,11.9584875,7.6782856,12.46432,11.324053,-11.638376,-5.2413893,13.34217,-1.8841223,-20.336632,9.430244,-11.438923,-0.37236556,-2.1281412,-2.2890337,10.795921,-4.0094085,15.892704,-34.68233,71.91364,6.508948,-2.0185137,2.6939871,-0.7218086,-11.935189,27.46622,67.72566,-16.076628,-6.78276,16.875633
766,0.982270956,-27.80239487,78.3,-1.17554596,-10.80111652,-94.25787996,11.981221,7.6286755,12.393574,11.343971,-11.63514,-5.198056,13.418691,-1.9309853,-20.397446,9.434914,-11.4521675,-0.33932185,-2.2061849,-2.334176,10.866479,-4.124716,15.883551,-34.6827,71.86511,6.5278926,-2.0250196,2.6311975,-0.6563998,-11.953697,27.189238,67.83684,-16.166819,-6.7760167,16.790417
767,1.008147597,-27.77703476,78.3,-1.170038296,-10.87278326,-94.1798623,12.007357,7.5809965,12.32213,11.363074,-11.632709,-5.157416,13.497712,-1.9759992,-20.457003,9.438654,-11.46426,-0.30506355,-2.2333984,-2.37121,10.951274,-4.2740026,15.861551,-34.7399,71.84177,6.547298,-2.0319426,2.5840125,-0.5589075,-11.979144,26.82395,67.92319,-16.279293,-6.771328,16.706066
768,1.03731668,-27.74907684,78.3,-1.166750891,-10.93473653,-94.11001193,12.026082,7.5408163,12.255891,11.384399,-11.6302,-5.1200852,13.5648365,-2.0149267,-20.511171,9.445655,-11.47318,-0.28118214,-2.2582533,-2.4033082,11.017343,-4.4113183,15.828716,-34.807392,71.83203,6.5493364,-2.0376232,2.5596979,-0.46671742,-12.003494,26.496151,68.021255,-16.337013,-6.745856,16.635553
769,1.062000036,-27.72992897,78.3,-1.168917226,-10.98559483,-94.05229824,12.038098,7.511384,12.197573,11.409269,-11.628287,-5.087123,13.61857,-2.044957,-20.55722,9.459729,-11.480129,-0.2721224,-2.3341727,-2.4418883,11.053412,-4.4800243,15.8114,-34.82298,71.79663,6.539123,-2.0397937,2.5674412,-0.42566222,-12.012886,26.299078,68.17537,-16.285564,-6.6915326,16.578691
770,1.085192323,-27.71147537,78.3,-1.173913297,-11.03176754,-94.00278338,12.048715,7.4898825,12.144357,11.435763,-11.626642,-5.0579224,13.667341,-2.068139,-20.597092,9.474996,-11.483516,-0.27130845,-2.312465,-2.4644446,11.099414,-4.620513,15.762628,-34.938774,71.82072,6.512424,-2.0415468,2.6001167,-0.33013391,-12.032994,25.978832,68.28741,-16.238834,-6.627039,16.54284
771,1.112019539,-27.69586754,78.3,-1.180406693,-11.07059922,-93.95453758,12.052624,7.469573,12.091625,11.461594,-11.624879,-5.0305924,13.706268,-2.090403,-20.636372,9.492225,-11.485993,-0.2736914,-2.337366,-2.4899902,11.128529,-4.713657,15.718412,-35.011387,71.82751,6.4867907,-2.0437505,2.6404982,-0.2669322,-12.046421,25.736198,68.42913,-16.160185,-6.5515485,16.504797
772,1.138267756,-27.67517471,78.3,-1.185371803,-11.101386,-93.90117789,12.0460415,7.4447503,12.035799,11.483891,-11.621663,-5.00334,13.733121,-2.1166198,-20.679499,9.508263,-11.487263,-0.2743484,-2.3567383,-2.5116832,11.155553,-4.8137875,15.660583,-35.088573,71.84528,6.467137,-2.049137,2.6674528,-0.19734187,-12.058711,25.465439,68.55276,-16.129126,-6.4709496,16.466125
773,1.166516781,-27.64855957,78.3,-1.188065509,-11.12065047,-93.83859392,12.024839,7.411597,11.971842,11.499552,-11.61458,-4.976727,13.741263,-2.150326,-20.730053,9.526899,-11.490207,-0.27412727,-2.4071877,-2.5366282,11.178849,-4.886927,15.609227,-35.125294,71.83977,6.4636326,-2.0602517,2.6766818,-0.14213017,-12.0650215,25.195034,68.667366,-16.15249,-6.377788,16.419376
774,1.194205165,-27.63132668,78.3,-1.188667277,-11.13011754,-93.77090694,11.992566,7.373834,11.903229,11.510275,-11.604665,-4.951381,13.734841,-2.1878095,-20.784727,9.54605,-11.492425,-0.2749422,-2.4545217,-2.559601,11.198886,-4.9624357,15.549611,-35.164185,71.84078,6.464085,-2.0756712,2.6791613,-0.08258169,-12.067757,24.896235,68.76689,-16.215654,-6.273492,16.3713
775,1.219929695,-27.61047554,78.3,-1.190757473,-11.13620736,-93.70490117,11.957317,7.336557,11.8388815,11.52005,-11.596295,-4.9255514,13.723564,-2.224673,-20.8376,9.563963,-11.492574,-0.27347553,-2.4935079,-2.5799549,11.215905,-5.041495,15.47895,-35.21312,71.85488,6.465123,-2.0897143,2.6732957,-0.023343978,-12.067374,24.59759,68.86634,-16.292635,-6.1742573,16.327877
776,1.251730919,-27.59242439,78.3,-1.193898861,-11.14483049,-93.64739343,11.927033,7.3048058,11.78739,11.531351,-11.592668,-4.897459,13.716505,-2.256756,-20.8833,9.577749,-11.487365,-0.26655173,-2.5572276,-2.6055958,11.233136,-5.0716276,15.435168,-35.23525,71.82566,6.4690423,-2.094858,2.652697,0.00957799,-12.065321,24.380777,68.98585,-16.338905,-6.095183,16.294521
777,1.278194785,-27.57329559,78.3,-1.20072613,-11.15720025,-93.60278337,11.904151,7.282777,11.757594,11.544586,-11.598487,-4.8659997,13.716305,-2.2795305,-20.9162,9.58343,-11.474318,-0.251416,-2.5481079,-2.6185174,11.252457,-5.163049,15.347274,-35.333706,71.868004,6.463593,-2.0895367,2.6209688,0.06739469,-12.0608015,24.120855,69.11145,-16.390179,-6.053878,16.274963
778,1.3002491,-27.55676842,78.3,-1.209573576,-11.16990298,-93.56617795,11.884182,7.2669315,11.742289,11.558282,-11.610612,-4.832373,13.717261,-2.2967877,-20.940865,9.5842,-11.45573,-0.23049966,-2.5686557,-2.6350386,11.270369,-5.2039604,15.28316,-35.395042,71.86726,6.4642243,-2.0746164,2.5736697,0.098880574,-12.057382,23.942211,69.25799,-16.413355,-6.034117,16.26237
779,1.32610929,-27.5421257,78.3,-1.217091969,-11.18381797,-93.5320698,11.865472,7.2505717,11.727868,11.573254,-11.62123,-4.798136,13.720054,-2.3145857,-20.965609,9.584294,-11.435143,-0.2078773,-2.572541,-2.6494966,11.287524,-5.2579803,15.204593,-35.485493,71.89076,6.45995,-2.0606446,2.5207095,0.13373005,-12.052697,23.768166,69.39802,-16.442863,-6.0165586,16.26117
780,1.348285913,-27.51558495,78.3,-1.22077532,-11.1997741,-93.49440459,11.847696,7.226981,11.700476,11.589388,-11.622643,-4.764989,13.723621,-2.340043,-20.998367,9.591027,-11.41755,-0.18763904,-2.6095638,-2.6745844,11.309467,-5.268273,15.159779,-35.557117,71.869286,6.456793,-2.0546849,2.4616363,0.14795503,-12.049292,23.649466,69.521164,-16.472715,-5.9784627,16.274204
781,1.37618649,-27.49926376,78.3,-1.218320457,-11.220644,-93.45252321,11.833864,7.192289,11.652318,11.606083,-11.609389,-4.7331915,13.7336235,-2.3760798,-21.043827,9.602709,-11.402568,-0.16948019,-2.6280384,-2.7034984,11.334427,-5.2975793,15.102538,-35.677013,71.87604,6.4396477,-2.0617588,2.4056673,0.16913201,-12.043542,23.518726,69.61513,-16.531904,-5.907092,16.311974
782,1.399825931,-27.48275948,78.3,-1.210538281,-11.24503665,-93.40928772,11.82177,7.151198,11.591945,11.626441,-11.588383,-4.70201,13.746911,-2.4189653,-21.09675,9.619928,-11.389697,-0.15172796,-2.6475635,-2.735944,11.3604965,-5.323889,15.042726,-35.816063,71.89074,6.414814,-2.0767395,2.3483849,0.18538998,-12.036331,23.408365,69.69431,-16.603592,-5.8156776,16.368803
783,1.426988244,-27.46318817,78.3,-1.202728796,-11.26770885,-93.36446766,11.807913,7.1087103,11.530896,11.64608,-11.564304,-4.6713295,13.756783,-2.46381,-21.151003,9.6393385,-11.376816,-0.13623354,-2.6657927,-2.7684681,11.383502,-5.35308,14.978565,-35.971928,71.91813,6.391186,-2.0953732,2.28516,0.20084974,-12.027511,23.311855,69.762566,-16.67564,-5.7262926,16.425606
784,1.450617552,-27.44212532,78.3,-1.196372706,-11.2834704,-93.31761173,11.787069,7.070083,11.480366,11.664159,-11.544166,-4.6412635,13.754743,-2.5058033,-21.200235,9.659321,-11.362211,-0.12475695,-2.6944828,-2.7996018,11.4025345,-5.370506,14.925617,-36.121307,71.9352,6.3832297,-2.113275,2.208709,0.21442968,-12.018694,23.237726,69.819855,-16.732973,-5.660482,16.463976
785,1.473891139,-27.42051506,78.3,-1.194976556,-11.28868878,-93.26799318,11.755899,7.037321,11.447629,11.678432,-11.5275,-4.6125464,13.733497,-2.544364,-21.240698,9.683448,-11.3473425,-0.12125706,-2.723339,-2.8260102,11.413745,-5.390771,14.87649,-36.28719,71.95687,6.3831496,-2.1324031,2.1170459,0.23459065,-12.008568,23.176598,69.86218,-16.774443,-5.6236596,16.47467
786,1.494049191,-27.39803696,78.3,-1.193741683,-11.28676158,-93.21583527,11.717538,7.007594,11.425306,11.69113,-11.512118,-4.584795,13.698789,-2.5816305,-21.27656,9.711442,-11.332266,-0.123627484,-2.7494135,-2.8499691,11.41903,-5.4148774,14.828244,-36.47238,71.98671,6.387871,-2.1538618,2.0137563,0.26006833,-11.996391,23.1249,69.88995,-16.809202,-5.604372,16.468754
787,1.514973402,-27.37654686,78.3,-1.194189423,-11.28338588,-93.16286337,11.677968,6.9784765,11.402289,11.703183,-11.499178,-4.556717,13.663334,-2.6178758,-21.31332,9.737305,-11.315734,-0.12454544,-2.7942996,-2.8744824,11.427648,-5.412567,14.797631,-36.63197,71.98812,6.413014,-2.171676,1.901554,0.27358508,-11.986195,23.1022,69.91037,-16.832132,-5.599072,16.459286
788,1.545225501,-27.35928345,78.3,-1.195156971,-11.28319581,-93.11136536,11.641889,6.9480853,11.368657,11.7163925,-11.4898205,-4.5267296,13.637074,-2.6529949,-21.355686,9.756329,-11.295611,-0.11698719,-2.8118815,-2.901919,11.434933,-5.428212,14.760292,-36.817093,72.018715,6.442632,-2.184633,1.7881321,0.30024078,-11.969844,23.055538,69.92351,-16.855555,-5.605639,16.455416
789,1.570000172,-27.33816528,78.3,-1.194017283,-11.28986306,-93.05940096,11.611552,6.9141374,11.3148365,11.732727,-11.48641,-4.492816,13.627064,-2.6876383,-21.40966,9.764371,-11.269709,-0.09548231,-2.8670247,-2.9320583,11.458591,-5.400091,14.743712,-36.93036,72.00153,6.5204816,-2.1877036,1.6689163,0.2952754,-11.960044,23.042799,69.9462,-16.874088,-5.6314797,16.46422
790,1.602491498,-27.31204033,78.3,-1.191516181,-11.29929802,-93.00693728,11.583911,6.8783717,11.248851,11.750332,-11.487304,-4.4563146,13.62533,-2.7214336,-21.470772,9.765473,-11.2396555,-0.06503624,-2.8594017,-2.9651203,11.470597,-5.419698,14.703818,-37.140186,72.049614,6.579048,-2.1841834,1.552629,0.3178456,-11.929965,22.976618,69.97317,-16.895882,-5.675303,16.470037
791,1.62132144,-27.29923439,78.3,-1.191423101,-11.30802289,-92.9571066,11.556566,6.8439846,11.184484,11.767945,-11.489403,-4.420625,13.62508,-2.7534704,-21.530529,9.764511,-11.209714,-0.033970267,-2.8914208,-2.9970152,11.490004,-5.3962226,14.682693,-37.268215,72.05622,6.675103,-2.177528,1.4296982,0.31958786,-11.910503,22.953644,69.985054,-16.905085,-5.719453,16.4813
792,1.639405847,-27.28500366,78.3,-1.192214837,-11.31124454,-92.91376698,11.527935,6.813826,11.135617,11.781237,-11.48803,-4.3892927,13.619246,-2.782582,-21.580498,9.767144,-11.185264,-0.010404693,-2.890301,-3.027603,11.494706,-5.387847,14.652088,-37.423004,72.09419,6.7547393,-2.1693347,1.3094803,0.34483954,-11.876331,22.90596,69.968575,-16.909063,-5.7459555,16.48895
793,1.657030225,-27.27218628,78.3,-1.193350856,-11.30717998,-92.87921969,11.496605,6.7891793,11.108762,11.790318,-11.481817,-4.364028,13.604116,-2.808305,-21.617,9.775569,-11.168131,0.000855777,-2.9264917,-3.050982,11.501705,-5.3313274,14.6429205,-37.49079,72.08227,6.87363,-2.1596808,1.1846228,0.36936095,-11.863645,22.900492,69.88934,-16.895706,-5.7411003,16.503443
794,1.67558527,-27.26054573,78.3,-1.194411321,-11.29686235,-92.85115836,11.462162,6.768469,11.09561,11.796066,-11.472495,-4.3429155,13.581699,-2.8315964,-21.644966,9.788471,-11.15606,0.004866665,-2.8973124,-3.079045,11.478993,-5.308697,14.618252,-37.651134,72.13121,6.960377,-2.1458046,1.0670394,0.4402944,-11.821751,22.851171,69.780525,-16.875347,-5.715513,16.507927
795,1.695071697,-27.25016403,78.3,-1.196595437,-11.28579562,-92.82605174,11.429019,6.7499237,11.087597,11.80126,-11.464076,-4.3231235,13.561004,-2.852663,-21.668861,9.799841,-11.145655,0.00871801,-2.8798838,-3.1037612,11.4611435,-5.2728753,14.596513,-37.75712,72.172714,7.050123,-2.1321807,0.94552,0.49606776,-11.779505,22.811062,69.67095,-16.849888,-5.6941524,16.515009
796,1.717761517,-27.23779106,78.3,-1.200649771,-11.27726584,-92.80038268,11.399332,6.7326818,11.076133,11.807657,-11.459606,-4.3021827,13.547093,-2.8717353,-21.692657,9.805889,-11.133316,0.01918502,-2.87647,-3.1203253,11.453575,-5.218504,14.584852,-37.80639,72.19476,7.1085916,-2.121572,0.81711805,0.5410265,-11.753325,22.789675,69.56956,-16.80807,-5.6997805,16.528534
797,1.738315105,-27.2257843,78.3,-1.207873834,-11.27266732,-92.77659912,11.376145,6.7182465,11.063373,11.814794,-11.46087,-4.2796764,13.543821,-2.886592,-21.713947,9.802914,-11.11704,0.040438097,-2.8445578,-3.1372247,11.444761,-5.1831517,14.564244,-37.847485,72.253845,7.113933,-2.1139739,0.6789885,0.56967,-11.701229,22.741047,69.526634,-16.760723,-5.7445292,16.535992
798,1.760925531,-27.22207069,78.3,-1.216145881,-11.26974537,-92.75546161,11.356766,6.7068834,11.052527,11.822894,-11.4663515,-4.256811,13.546466,-2.8979397,-21.731411,9.794413,-11.0988,0.06802948,-2.8187838,-3.1455662,11.44339,-5.131485,14.549692,-37.8371,72.29875,7.095086,-2.1077929,0.5304035,0.59345907,-11.66058,22.701996,69.48735,-16.69704,-5.813558,16.547817
799,1.784794927,-27.2108593,78.3,-1.224025849,-11.26682388,-92.73128549,11.33679,6.694003,11.036153,11.831803,-11.472729,-4.2337737,13.551409,-2.9101832,-21.752092,9.785355,-11.082695,0.09603143,-2.7957208,-3.149312,11.445712,-5.0726423,14.540983,-37.808125,72.335594,7.0430746,-2.1013699,0.3892633,0.622732,-11.633127,22.676348,69.43241,-16.622026,-5.888931,16.565351
800,1.805422068,-27.20220375,78.3,-1.229959652,-11.26304435,-92.69740982,11.312951,6.6745715,11.007057,11.839563,-11.475274,-4.2104917,13.555677,-2.9281287,-21.782824,9.779619,-11.071816,0.11855639,-2.7837791,-3.159905,11.446741,-5.0211086,14.531126,-37.76491,72.389244,6.9694676,-2.0956419,0.27346253,0.63522816,-11.597818,22.666836,69.38335,-16.556574,-5.955194,16.58511
801,1.821312308,-27.19480133,78.3,-1.230470765,-11.25778122,-92.64820525,11.282696,6.64349,10.957256,11.846138,-11.472353,-4.186308,13.556549,-2.9569905,-21.829597,9.783763,-11.072771,0.13196084,-2.7912319,-3.1813161,11.444596,-4.9723825,14.521659,-37.707256,72.45599,6.8358,-2.0877225,0.1891753,0.6367486,-11.559149,22.690775,69.32751,-16.491344,-6.006268,16.608
802,1.844311476,-27.19143295,78.3,-1.229249999,-11.25167067,-92.58817364,11.248159,6.6049438,10.892569,11.851896,-11.466118,-4.1614885,13.558342,-2.9918783,-21.887512,9.789662,-11.079835,0.140162,-2.7946656,-3.1995683,11.447516,-4.926857,14.516859,-37.65543,72.51796,6.641472,-2.0792317,0.123828776,0.65164393,-11.538253,22.717705,69.24065,-16.423847,-6.055605,16.642488
803,1.880042434,-27.16963959,78.3,-1.225911685,-11.24483573,-92.52756611,11.212681,6.566183,10.826307,11.858477,-11.460074,-4.1372304,13.559677,-3.027107,-21.94665,9.798212,-11.088267,0.14851034,-2.8502991,-3.2331061,11.434707,-4.8621535,14.50784,-37.533375,72.60137,6.486205,-2.071382,0.08123131,0.6062192,-11.4826565,22.818913,69.216324,-16.349754,-6.094588,16.662868
804,1.895316124,-27.16883659,78.3,-1.227662444,-11.23683825,-92.47709679,11.179611,6.5355096,10.772437,11.864843,-11.455523,-4.11492,13.562804,-3.0543752,-21.996332,9.798901,-11.087003,0.16255996,-2.8638155,-3.2500546,11.426717,-4.8116174,14.505611,-37.46951,72.67979,6.391289,-2.0630608,0.052521158,0.6035735,-11.452706,22.881767,69.1401,-16.287298,-6.127031,16.686983
805,1.906618237,-27.16267967,78.3,-1.234203292,-11.23071255,-92.43648274,11.151872,6.515524,10.731176,11.872625,-11.453926,-4.095209,13.573402,-3.071209,-22.037613,9.790938,-11.072429,0.18721221,-2.8839684,-3.264573,11.412845,-4.752355,14.507069,-37.39787,72.764275,6.410013,-2.059344,0.048583582,0.58811754,-11.415256,22.971155,69.07351,-16.223598,-6.1463127,16.698723
806,1.936549664,-27.14962006,78.3,-1.241442254,-11.22554189,-92.40171058,11.12685,6.5020976,10.6965,11.881201,-11.453444,-4.0772967,13.589685,-3.080965,-22.074675,9.774685,-11.047861,0.21821806,-2.887531,-3.2732553,11.401099,-4.7014375,14.512191,-37.347183,72.85546,6.492644,-2.0581589,0.06634426,0.5917912,-11.384723,23.054512,68.977425,-16.165968,-6.1543193,16.707106
807,1.961200833,-27.13892365,78.3,-1.251475878,-11.21541385,-92.37524386,11.099672,6.4916353,10.671647,11.889663,-11.454941,-4.0602374,13.597857,-3.0888236,-22.102674,9.761481,-11.025061,0.24801096,-2.8966947,-3.2781518,11.377978,-4.639954,14.522127,-37.29496,72.94437,6.6091175,-2.052608,0.090877794,0.57494617,-11.352112,23.152195,68.90843,-16.112804,-6.1624565,16.71466
808,1.975307822,-27.14575577,78.3,-1.257403475,-11.19473988,-92.36205718,11.067279,6.4806447,10.661158,11.893244,-11.456275,-4.0430946,13.587849,-3.097913,-22.11624,9.753745,-11.010776,0.26916417,-2.8773258,-3.2710605,11.349069,-4.5945163,14.529818,-37.27954,73.037796,6.714754,-2.0354655,0.10461422,0.57528365,-11.334943,23.21319,68.82777,-16.081743,-6.1775765,16.733784
809,1.996813536,-27.14587784,78.3,-1.262439457,-11.15684905,-92.36847321,11.024827,6.469439,10.672322,11.8910885,-11.458509,-4.0263667,13.546439,-3.1094034,-22.105854,9.7592125,-11.012275,0.27453333,-2.856232,-3.2597466,11.295421,-4.541514,14.541101,-37.27751,73.130035,6.819893,-2.0000083,0.105479635,0.55797607,-11.316718,23.284176,68.782555,-16.066233,-6.2018023,16.762182
810,2.016061783,-27.14318275,78.3,-1.265080099,-11.10655001,-92.39075026,10.976469,6.4596076,10.700987,11.883546,-11.461054,-4.0102963,13.484473,-3.1206284,-22.07729,9.769908,-11.021669,0.2701847,-2.8210418,-3.2403898,11.228224,-4.492752,14.553715,-37.295834,73.22518,6.9402966,-1.9518635,0.1007537,0.53622794,-11.30179,23.343407,68.75102,-16.071032,-6.2318497,16.799335
811,2.03734684,-27.14788818,78.3,-1.266288511,-11.05481156,-92.41612579,10.928404,6.449319,10.733184,11.874895,-11.4638195,-3.9938598,13.419185,-3.1323555,-22.046139,9.782568,-11.033432,0.26591203,-2.7846975,-3.2239387,11.154691,-4.439895,14.575585,-37.326588,73.319435,7.0415306,-1.9014246,0.09361912,0.513474,-11.281766,23.405863,68.728355,-16.073427,-6.2608833,16.831347
812,2.057272673,-27.14763069,78.3,-1.268036553,-11.01261904,-92.43200532,10.887756,6.437275,10.755107,11.868393,-11.465762,-3.9760652,13.370009,-3.1446521,-22.027657,9.78764,-11.037911,0.2715918,-2.7517214,-3.212305,11.093106,-4.3871417,14.605987,-37.35398,73.41176,7.10292,-1.8598783,0.08593001,0.4962297,-11.259389,23.459143,68.69697,-16.065138,-6.284773,16.851297
813,2.077825069,-27.14707565,78.3,-1.269382534,-10.9827156,-92.43446121,10.854953,6.423489,10.7635145,11.867401,-11.468292,-3.9554956,13.34336,-3.1567936,-22.027756,9.781922,-11.032992,0.29211384,-2.7231994,-3.2008784,11.047257,-4.349194,14.628279,-37.376667,73.52361,7.111695,-1.8315895,0.07788424,0.49829626,-11.245695,23.497381,68.634636,-16.042412,-6.2975273,16.857986
814,2.086781263,-27.14599609,78.3,-1.269124871,-10.95896648,-92.43066243,10.826915,6.408416,10.765731,11.868619,-11.470813,-3.9330592,13.329253,-3.168755,-22.037716,9.768928,-11.022825,0.321385,-2.7008111,-3.1959612,11.004798,-4.308378,14.660782,-37.40209,73.63714,7.07737,-1.8093054,0.06792813,0.5077908,-11.228267,23.539911,68.563194,-16.004007,-6.3023043,16.852285
815,2.10290432,-27.15024376,78.3,-1.269870028,-10.94078928,-92.42353897,10.804553,6.3919463,10.763591,11.868887,-11.472186,-3.9111953,13.320216,-3.182242,-22.050615,9.756399,-11.010974,0.35325414,-2.6791458,-3.1864395,10.972767,-4.276805,14.685077,-37.41778,73.75823,7.0348,-1.7923367,0.05999928,0.5138572,-11.216898,23.567741,68.49719,-15.970971,-6.311032,16.842857
816,2.12197423,-27.14946938,78.3,-1.270152049,-10.9262243,-92.41546625,10.785007,6.3753357,10.757742,11.869661,-11.472996,-3.8926573,13.310708,-3.1962652,-22.06121,9.746703,-10.998973,0.38108504,-2.660854,-3.1770027,10.944295,-4.238119,14.716776,-37.43017,73.865875,6.9923377,-1.7769917,0.056663886,0.51076984,-11.204296,23.599691,68.45537,-15.93992,-6.330908,16.829195
817,2.14692235,-27.1450367,78.3,-1.27253552,-10.92030601,-92.40625134,10.774552,6.358072,10.746139,11.86901,-11.472507,-3.8793948,13.304849,-3.2115598,-22.067226,9.742046,-10.988525,0.4056172,-2.6458166,-3.1695287,10.931809,-4.1988635,14.76303,-37.4239,73.96136,6.963402,-1.769383,0.051135417,0.48504293,-11.189308,23.623268,68.45434,-15.923074,-6.376299,16.814089
818,2.167519093,-27.14441109,78.3,-1.274181629,-10.92195236,-92.394257,10.772631,6.339099,10.728522,11.865609,-11.469681,-3.8694851,13.303144,-3.2289243,-22.072681,9.741468,-10.978602,0.42956463,-2.6480474,-3.1615336,10.936193,-4.121572,14.839248,-37.390644,73.99175,6.936609,-1.7591959,0.044570975,0.42863986,-11.170304,23.649973,68.49163,-15.914051,-6.438716,16.794088
819,2.186440468,-27.14045906,78.3,-1.277168485,-10.92209579,-92.38253183,10.768168,6.31993,10.7115965,11.863043,-11.466979,-3.85982,13.296207,-3.2470496,-22.077309,9.743114,-10.967784,0.44963774,-2.6409807,-3.1489112,10.939043,-4.0717826,14.891313,-37.35837,74.05949,6.915795,-1.7542655,0.048543494,0.38166928,-11.161321,23.665052,68.52222,-15.909306,-6.496487,16.77405
820,2.204341888,-27.14023972,78.3,-1.276983424,-10.91143242,-92.37365927,10.752123,6.2996764,10.701984,11.859195,-11.463054,-3.8469963,13.269658,-3.2687833,-22.081627,9.75315,-10.956888,0.46237433,-2.6384172,-3.1445653,10.935584,-4.0038095,14.965871,-37.31336,74.09662,6.9034095,-1.7447026,0.06605265,0.3370042,-11.153164,23.692368,68.53009,-15.901769,-6.5289145,16.754963
821,2.223809242,-27.13669777,78.3,-1.2736063,-10.880941,-92.37068286,10.715911,6.2782645,10.705358,11.853328,-11.457833,-3.8301692,13.210217,-3.2945545,-22.082916,9.7734995,-10.945233,0.4628781,-2.6277885,-3.1435704,10.912101,-3.9386635,15.036612,-37.267387,74.13907,6.905612,-1.7306634,0.108397946,0.3042348,-11.150286,23.726307,68.50338,-15.888373,-6.52119,16.73726
822,2.241720915,-27.13331604,78.3,-1.269803891,-10.83764662,-92.37140004,10.666004,6.2558208,10.71704,11.845883,-11.450988,-3.8109705,13.127821,-3.3236868,-22.081936,9.80142,-10.932506,0.4543918,-2.608404,-3.1407154,10.873929,-3.8886232,15.088349,-37.22403,74.20488,6.917663,-1.7152777,0.17170988,0.27983245,-11.152201,23.759478,68.458786,-15.873665,-6.4872065,16.719276
823,2.255767822,-27.13103676,78.3,-1.264194256,-10.79673604,-92.37060372,10.61723,6.2334857,10.727361,11.840366,-11.445208,-3.7903724,13.048292,-3.3531337,-22.084091,9.829968,-10.919115,0.44555035,-2.583755,-3.136651,10.836408,-3.8545108,15.123617,-37.1849,74.29189,6.9283566,-1.6999902,0.24249913,0.2624366,-11.156221,23.783422,68.41234,-15.865304,-6.45012,16.700167
824,2.274556398,-27.1222477,78.3,-1.26155357,-10.77361583,-92.3618374,10.584052,6.212537,10.726248,11.839901,-11.442103,-3.7694016,12.99713,-3.379688,-22.094828,9.851554,-10.904758,0.44456702,-2.5744312,-3.1346076,10.822324,-3.8071992,15.173096,-37.13046,74.34995,6.9297023,-1.6841096,0.30305782,0.24463986,-11.16434,23.808567,68.37169,-15.864602,-6.432635,16.68116
825,2.289138079,-27.11910248,78.3,-1.260112221,-10.78007497,-92.3407477,10.577445,6.192324,10.707044,11.847444,-11.443926,-3.7464466,12.993889,-3.4028132,-22.121382,9.860813,-10.887876,0.45822132,-2.5791447,-3.1338792,10.845748,-3.7416232,15.241071,-37.065945,74.36542,6.9148154,-1.6623666,0.35343444,0.23090689,-11.177383,23.821093,68.334564,-15.883388,-6.443744,16.659727
826,2.3025105,-27.11188889,78.3,-1.259931692,-10.80517701,-92.31174171,10.587354,6.17267,10.676577,11.860004,-11.448894,-3.7216568,13.020909,-3.423324,-22.158426,9.861122,-10.867924,0.48012146,-2.576959,-3.1332796,10.885438,-3.7025194,15.290966,-37.01572,74.412056,6.8848796,-1.6427754,0.40213796,0.22644985,-11.188071,23.810219,68.30674,-15.91833,-6.472101,16.635462
827,2.317872047,-27.10889053,78.3,-1.260635242,-10.83047127,-92.28207689,10.596223,6.155048,10.645101,11.874837,-11.45443,-3.698425,13.047917,-3.4425476,-22.195442,9.863059,-10.849589,0.5017048,-2.5661225,-3.1298923,10.916142,-3.6860669,15.3164425,-36.984074,74.49557,6.843037,-1.6248544,0.45229173,0.22534983,-11.194321,23.795963,68.298416,-15.9501095,-6.502755,16.608255
828,2.330890894,-27.10324478,78.3,-1.260992259,-10.83844635,-92.25844931,10.589731,6.139992,10.622466,11.883952,-11.455421,-3.6802099,13.049614,-3.4600089,-22.22268,9.867233,-10.831615,0.51443535,-2.5638618,-3.1284125,10.951678,-3.6274703,15.384801,-36.915962,74.491394,6.8226666,-1.607137,0.48706418,0.22032353,-11.212512,23.788822,68.27038,-15.975972,-6.525579,16.594618
829,2.342783213,-27.09859848,78.3,-1.264377096,-10.81975919,-92.2438152,10.559311,6.1294193,10.615099,11.884906,-11.450247,-3.6693673,13.0104,-3.4752796,-22.235184,9.879094,-10.817097,0.51220435,-2.5479631,-3.1254375,10.951128,-3.5835683,15.441301,-36.86279,74.51425,6.7979183,-1.5958427,0.5172595,0.21161878,-11.228374,23.800428,68.26623,-15.973216,-6.5371947,16.585897
830,2.356363297,-27.09219742,78.3,-1.267368345,-10.78565112,-92.23422896,10.514191,6.122672,10.616217,11.882492,-11.441727,-3.6635008,12.945936,-3.488941,-22.23903,9.897522,-10.80537,0.50074893,-2.5282116,-3.1207707,10.935104,-3.538797,15.4958,-36.807915,74.532524,6.774601,-1.5866038,0.54228926,0.19980142,-11.244752,23.82145,68.27417,-15.957326,-6.543516,16.581713
831,2.369707346,-27.09104156,78.3,-1.269528359,-10.74712563,-92.227603,10.466032,6.11633,10.618099,11.8786,-11.432142,-3.659339,12.878899,-3.5008857,-22.23942,9.911328,-10.791664,0.4895151,-2.4939847,-3.1157968,10.905409,-3.5236251,15.525865,-36.77312,74.59719,6.7481894,-1.5836627,0.567176,0.1921008,-11.25456,23.833023,68.29895,-15.939272,-6.545221,16.575848
832,2.380309582,-27.0821743,78.3,-1.271585998,-10.71476279,-92.22036364,10.425391,6.1049123,10.611745,11.874331,-11.422311,-3.6531794,12.823574,-3.5165224,-22.242256,9.926698,-10.779971,0.48847526,-2.4914987,-3.1135318,10.89468,-3.4479787,15.589542,-36.697445,74.56787,6.7401886,-1.5733783,0.58868283,0.18541683,-11.275769,23.864536,68.29625,-15.92165,-6.537143,16.571108
833,2.396726847,-27.08329582,78.3,-1.268612925,-10.69347034,-92.21291547,10.3965,6.0881186,10.590858,11.872289,-11.413362,-3.6441948,12.792333,-3.5333443,-22.249277,9.930937,-10.76183,0.5032964,-2.479239,-3.1163702,10.888158,-3.3888848,15.644258,-36.641014,74.56329,6.7359405,-1.5685236,0.6113266,0.19644707,-11.293172,23.873158,68.28497,-15.916838,-6.5199685,16.558695
834,2.405088902,-27.08009148,78.3,-1.263634425,-10.67663738,-92.20592759,10.37368,6.0672235,10.5610285,11.870481,-11.404307,-3.634184,12.772004,-3.551782,-22.25766,9.931589,-10.7414055,0.52777356,-2.4652374,-3.121322,10.884318,-3.3300364,15.694822,-36.59109,74.55699,6.7369666,-1.5649085,0.63420385,0.21715218,-11.308468,23.87129,68.267,-15.918457,-6.4939327,16.542646
835,2.412955999,-27.08279228,78.3,-1.258094509,-10.65912558,-92.20102524,10.352168,6.0465255,10.5343485,11.866654,-11.395317,-3.6243405,12.754079,-3.5693047,-22.263966,9.929685,-10.722902,0.55305445,-2.4471688,-3.1270015,10.878112,-3.2733645,15.741061,-36.546677,74.55135,6.7363925,-1.5613027,0.65576494,0.24138592,-11.321895,23.865349,68.25452,-15.91901,-6.4655495,16.527325
836,2.423927307,-27.07952309,78.3,-1.254574531,-10.6358719,-92.19969783,10.32628,6.0302386,10.522704,11.861587,-11.387974,-3.6157196,12.728516,-3.5836742,-22.265005,9.929907,-10.712104,0.56992215,-2.421803,-3.129882,10.862866,-3.2262268,15.774506,-36.51179,74.55705,6.7251077,-1.5556692,0.67639256,0.26324138,-11.331326,23.861593,68.2615,-15.910503,-6.441359,16.517582
837,2.437804222,-27.07388115,78.3,-1.250189795,-10.60307811,-92.20457192,10.295552,6.0202055,10.534672,11.851723,-11.383216,-3.6098444,12.691302,-3.5935502,-22.257282,9.932055,-10.713181,0.57428575,-2.3854477,-3.1296983,10.833354,-3.1877983,15.796951,-36.48693,74.57409,6.696672,-1.5481496,0.69742364,0.2839905,-11.3373165,23.86131,68.2926,-15.883652,-6.421774,16.516434
838,2.448402882,-27.07723045,78.3,-1.246561066,-10.56452201,-92.21390905,10.262443,6.013856,10.562091,11.838622,-11.38011,-3.6055965,12.648756,-3.6002903,-22.243645,9.9351015,-10.723483,0.57171106,-2.3459291,-3.127953,10.797524,-3.1444814,15.817351,-36.46287,74.58063,6.6599493,-1.5379423,0.7174738,0.30545434,-11.342413,23.863934,68.334946,-15.845908,-6.403339,16.52193
839,2.450382948,-27.08070374,78.3,-1.243740462,-10.52523845,-92.22333085,10.22807,6.008811,10.5917,11.82604,-11.377174,-3.6008534,12.604057,-3.6064465,-22.229435,9.939234,-10.73382,0.5672516,-2.3112915,-3.1271126,10.765241,-3.092499,15.846064,-36.43406,74.566864,6.6247873,-1.5253731,0.73105365,0.32229996,-11.349136,23.87489,68.38091,-15.809078,-6.3880353,16.529964
840,2.447917223,-27.08893394,78.3,-1.242280489,-10.49124508,-92.22833791,10.193955,6.0031104,10.610365,11.819345,-11.373896,-3.5933554,12.563857,-3.6129692,-22.220531,9.942196,-10.7356615,0.5661895,-2.2746358,-3.125004,10.738893,-3.0632277,15.86029,-36.420338,74.57833,6.5945883,-1.5133865,0.7378551,0.33469754,-11.352728,23.880424,68.433525,-15.792471,-6.377784,16.533346
841,2.45430541,-27.08865166,78.3,-1.242140354,-10.46207419,-92.2282171,10.158339,5.996722,10.614717,11.819616,-11.369283,-3.581486,12.523377,-3.6214182,-22.217339,9.949615,-10.725904,0.5697762,-2.2599692,-3.1236427,10.7314825,-3.0033128,15.900364,-36.38544,74.53159,6.5817623,-1.4936107,0.7299875,0.33117682,-11.364929,23.91009,68.48111,-15.794622,-6.378408,16.535599
842,2.460680962,-27.08625412,78.3,-1.245307338,-10.436082,-92.22542814,10.121629,5.991778,10.611706,11.82578,-11.364891,-3.5669577,12.48519,-3.6284807,-22.217136,9.95481,-10.706946,0.5751747,-2.2322266,-3.1193569,10.726444,-2.9804008,15.915068,-36.37341,74.529724,6.5725274,-1.4739463,0.71623707,0.3248054,-11.371232,23.926144,68.543045,-15.818561,-6.388148,16.534462
843,2.468254089,-27.07567787,78.3,-1.245765334,-10.41361725,-92.21935246,10.08714,5.9845243,10.603834,11.832206,-11.359603,-3.5518532,12.450093,-3.6380095,-22.220984,9.961532,-10.688207,0.58179647,-2.2111316,-3.1143205,10.726577,-2.9579337,15.924995,-36.364986,74.522804,6.5666265,-1.4549363,0.69884765,0.31896737,-11.377165,23.941105,68.59899,-15.849938,-6.3930125,16.531399
844,2.477585077,-27.07201576,78.3,-1.245483761,-10.39537743,-92.20904196,10.057538,5.9728546,10.593371,11.835613,-11.353252,-3.5385907,12.423013,-3.6509793,-22.230087,9.967248,-10.676784,0.5889016,-2.2031798,-3.1114738,10.729445,-2.929113,15.933552,-36.35627,74.50699,6.561027,-1.443357,0.67998254,0.3187359,-11.383484,23.953377,68.63866,-15.877927,-6.3811316,16.527443
845,2.488743305,-27.0686264,78.3,-1.23908031,-10.37995785,-92.19434686,10.032635,5.954027,10.5806675,11.833363,-11.34399,-3.527755,12.401648,-3.6703804,-22.245806,9.974029,-10.676309,0.5951096,-2.207255,-3.1122732,10.732519,-2.8947508,15.941493,-36.351902,74.48364,6.5539737,-1.4409561,0.6606365,0.33218518,-11.389867,23.954556,68.649635,-15.909946,-6.3419557,16.520052
846,2.495386362,-27.06528091,78.3,-1.229492431,-10.36898562,-92.17619286,10.013419,5.930698,10.565088,11.827584,-11.3332205,-3.5183911,12.388261,-3.693325,-22.266848,9.977651,-10.680228,0.60113496,-2.2181156,-3.1170895,10.739993,-2.8686478,15.943949,-36.353363,74.468376,6.5472445,-1.4467847,0.63894683,0.3489975,-11.391997,23.948639,68.648315,-15.94428,-6.2879367,16.509329
847,2.503585815,-27.05893135,78.3,-1.218094021,-10.36152453,-92.15396407,9.99727,5.90522,10.545707,11.821056,-11.322469,-3.509295,12.377858,-3.7189298,-22.291632,9.986991,-10.689297,0.6095865,-2.2246244,-3.1190338,10.751519,-2.8335412,15.948656,-36.369484,74.429726,6.5417967,-1.4514523,0.6154328,0.38523942,-11.396395,23.918427,68.62483,-15.988289,-6.2252226,16.500912
848,2.51282239,-27.05187416,78.3,-1.211863657,-10.36372568,-92.12846965,9.990524,5.8836756,10.523515,11.817256,-11.315615,-3.5005825,12.384506,-3.7387135,-22.31714,9.987002,-10.693114,0.62282485,-2.2347715,-3.1201668,10.776595,-2.811365,15.949736,-36.389183,74.39814,6.5351334,-1.457778,0.5899038,0.40518022,-11.398413,23.895136,68.62681,-16.008804,-6.1810255,16.497627
849,2.527938128,-27.04479599,78.3,-1.210713578,-10.37783265,-92.09886384,9.995114,5.8676276,10.498684,11.817234,-11.315009,-3.4923906,12.409981,-3.7515056,-22.343052,9.979759,-10.691938,0.6440508,-2.2538588,-3.118796,10.817481,-2.791952,15.94894,-36.403503,74.36202,6.532911,-1.4637078,0.5606235,0.40957263,-11.398761,23.884314,68.65526,-16.001043,-6.155011,16.501732
850,2.53652215,-27.04133987,78.3,-1.213439047,-10.40160792,-92.06489543,10.009198,5.8543506,10.470731,11.818995,-11.318141,-3.4848986,12.451747,-3.7598345,-22.370869,9.96606,-10.688537,0.6710979,-2.2763147,-3.1148741,10.870971,-2.7750108,15.947022,-36.423584,74.31965,6.531231,-1.4704534,0.52848774,0.40650547,-11.398623,23.872986,68.69803,-15.975745,-6.1393056,16.51159
851,2.543100119,-27.03421974,78.3,-1.215970428,-10.42963626,-92.02839145,10.026149,5.8423567,10.438619,11.823508,-11.322618,-3.4771042,12.500918,-3.7659633,-22.401226,9.946427,-10.681068,0.698251,-2.2860959,-3.105283,10.928447,-2.768294,15.937751,-36.47142,74.27748,6.5215497,-1.475601,0.49891984,0.40196222,-11.396077,23.841145,68.75112,-15.948468,-6.1330576,16.523119
852,2.543280363,-27.03340912,78.3,-1.215299123,-10.45247257,-91.99427145,10.036862,5.826863,10.404909,11.827789,-11.323257,-3.467751,12.533793,-3.7790978,-22.430885,9.944216,-10.679873,0.71967626,-2.3156943,-3.1066406,10.980624,-2.7563698,15.934646,-36.4831,74.2313,6.5267754,-1.4848812,0.46997714,0.40581793,-11.395081,23.832172,68.780426,-15.924713,-6.12921,16.530739
853,2.545274258,-27.0264473,78.3,-1.215590069,-10.48211682,-91.95381597,10.049517,5.8098164,10.357433,11.8387375,-11.323078,-3.4566283,12.576,-3.7929685,-22.469715,9.935245,-10.673158,0.7346257,-2.340025,-3.0992937,11.041089,-2.7457833,15.92387,-36.512062,74.169846,6.5290194,-1.4875122,0.4484569,0.39935496,-11.390775,23.792952,68.82296,-15.918056,-6.135799,16.534641
854,2.557757139,-27.01537323,78.3,-1.213295537,-10.51324259,-91.91175891,10.061714,5.7903647,10.303323,11.852309,-11.321603,-3.4440892,12.613744,-3.8115146,-22.511158,9.937078,-10.669396,0.7457042,-2.3589902,-3.0954928,11.102664,-2.7521014,15.902891,-36.544865,74.123474,6.5374804,-1.4918787,0.4302961,0.40414158,-11.3818445,23.735771,68.85473,-15.92195,-6.1493154,16.536371
855,2.568655014,-27.01028824,78.3,-1.209983167,-10.53575209,-91.87389462,10.06523,5.770421,10.253891,11.864605,-11.31744,-3.430901,12.637133,-3.8318534,-22.549654,9.943689,-10.666919,0.75328773,-2.3861618,-3.0931575,11.154237,-2.7487648,15.884137,-36.565113,74.06361,6.5491195,-1.4962989,0.41517165,0.40690905,-11.37387,23.69508,68.879745,-15.924653,-6.163982,16.535765
856,2.573184729,-27.0003643,78.3,-1.205538711,-10.53767762,-91.84900709,10.052507,5.7517843,10.223239,11.868863,-11.308346,-3.4179404,12.633188,-3.8512998,-22.576359,9.950289,-10.663432,0.75752014,-2.4115655,-3.0958948,11.183981,-2.7408843,15.875531,-36.573597,73.99804,6.561074,-1.5067827,0.3989947,0.4142122,-11.37026,23.682194,68.88516,-15.921498,-6.175479,16.535067
857,2.576132536,-26.99582863,78.3,-1.196316358,-10.50582997,-91.84059914,10.007318,5.7346044,10.216173,11.869506,-11.29489,-3.4045393,12.584293,-3.8711154,-22.590046,9.960013,-10.661493,0.75702477,-2.4127276,-3.0931435,11.178626,-2.733119,15.862666,-36.59355,73.924484,6.574356,-1.5150572,0.39140815,0.4227893,-11.3650875,23.66273,68.883575,-15.934248,-6.182606,16.526997
858,2.578496695,-26.99419785,78.3,-1.184799621,-10.45043903,-91.84550882,9.941726,5.7170253,10.227308,11.86251,-11.275194,-3.3905962,12.501608,-3.892926,-22.592861,9.97557,-10.661958,0.7520575,-2.3862724,-3.0911577,11.140114,-2.7533264,15.824828,-36.63892,73.89129,6.581635,-1.528524,0.39099032,0.44667274,-11.35199,23.63782,68.86973,-15.953008,-6.18611,16.51269
859,2.584587812,-26.98660851,78.3,-1.174118239,-10.39188108,-91.85332768,9.874257,5.701684,10.243846,11.854477,-11.255933,-3.377357,12.415037,-3.9123843,-22.591154,9.989098,-10.659853,0.7459375,-2.3699992,-3.0881515,11.097267,-2.7664223,15.788123,-36.671013,73.850555,6.5896606,-1.5420425,0.3915673,0.46316034,-11.341961,23.633759,68.8557,-15.966375,-6.189573,16.500845
860,2.591871023,-26.98023224,78.3,-1.167389265,-10.35031252,-91.85478123,9.823918,5.6904087,10.254368,11.850108,-11.242636,-3.3659527,12.350688,-3.9273129,-22.590355,10.00064,-10.654127,0.7417517,-2.366766,-3.08305,11.076601,-2.771939,15.766366,-36.694572,73.79098,6.594064,-1.5543486,0.38635167,0.470519,-11.33674,23.637592,68.843994,-15.972099,-6.197587,16.501339
861,2.590935707,-26.97793007,78.3,-1.166534948,-10.3338962,-91.84679486,9.798751,5.6849494,10.256978,11.851397,-11.238017,-3.356504,12.318214,-3.9358985,-22.589184,10.011102,-10.643523,0.73973584,-2.3727424,-3.072627,11.081468,-2.7792652,15.744697,-36.72033,73.72876,6.587582,-1.5614036,0.37684295,0.465632,-11.332054,23.641825,68.84951,-15.969479,-6.212255,16.518717
862,2.593027353,-26.97846985,78.3,-1.169568296,-10.33074475,-91.83436933,9.786891,5.68397,10.257494,11.856839,-11.239369,-3.3483777,12.302461,-3.9398532,-22.585566,10.019994,-10.628722,0.73846126,-2.377339,-3.0558295,11.094534,-2.8032975,15.708767,-36.758755,73.69024,6.5698824,-1.5661352,0.3681927,0.45512605,-11.324938,23.643461,68.87005,-15.9628105,-6.230711,16.545712
863,2.599657297,-26.96921158,78.3,-1.174261786,-10.33179722,-91.82083595,9.780521,5.683651,10.255761,11.860476,-11.241284,-3.3417966,12.293746,-3.9422953,-22.583902,10.026816,-10.613285,0.73861355,-2.3928308,-3.0422947,11.122348,-2.811969,15.695142,-36.778126,73.61749,6.563737,-1.5727513,0.354651,0.44297838,-11.322483,23.64905,68.87303,-15.960594,-6.248972,16.575796
864,2.603558302,-26.96783829,78.3,-1.176110944,-10.32700114,-91.80970122,9.767303,5.6812134,10.251731,11.863599,-11.24229,-3.3368988,12.280419,-3.9458249,-22.588264,10.030192,-10.600022,0.7409032,-2.3971584,-3.0251281,11.133396,-2.8499177,15.657901,-36.833065,73.59361,6.549692,-1.5875952,0.35048705,0.4294378,-11.31584,23.655268,68.88582,-15.954701,-6.263097,16.589968
865,2.608810425,-26.96305466,78.3,-1.174678321,-10.31670739,-91.79951749,9.749702,5.6743727,10.242762,11.859671,-11.240086,-3.334383,12.266068,-3.9513898,-22.604559,10.025737,-10.589708,0.74798733,-2.4067922,-3.0111766,11.146688,-2.8891666,15.622791,-36.88321,73.56357,6.558354,-1.6138896,0.3505186,0.42312616,-11.31009,23.657951,68.86837,-15.964458,-6.268962,16.58717
866,2.613263845,-26.96039391,78.3,-1.173039917,-10.30493154,-91.78890948,9.731062,5.6653914,10.229498,11.852042,-11.236968,-3.3340693,12.253814,-3.957477,-22.62901,10.017229,-10.582147,0.75867563,-2.4260302,-2.9999194,11.166805,-2.917998,15.602402,-36.923058,73.5098,6.583286,-1.647101,0.3512276,0.4154983,-11.306826,23.66496,68.8313,-15.981233,-6.270408,16.575508
867,2.611543894,-26.94826126,78.3,-1.170283018,-10.28936797,-91.7820729,9.709287,5.656209,10.217936,11.844065,-11.231866,-3.3342416,12.236026,-3.9641109,-22.651451,10.009715,-10.574297,0.76797885,-2.4461899,-2.9907029,11.184747,-2.9468977,15.590685,-36.95741,73.453384,6.612226,-1.6811641,0.35031146,0.40571752,-11.304841,23.675297,68.79083,-15.999912,-6.270991,16.561787
868,2.615926504,-26.93833923,78.3,-1.16579701,-10.26744246,-91.78209125,9.681554,5.648833,10.213338,11.838926,-11.223167,-3.3331916,12.20632,-3.9706423,-22.662527,10.008505,-10.564447,0.77116525,-2.4439697,-2.9780576,11.182643,-2.9929056,15.565969,-37.02995,73.4266,6.6138196,-1.7041156,0.35251573,0.39984104,-11.301193,23.692305,68.768845,-15.999535,-6.2710977,16.54705
869,2.619207621,-26.93231773,78.3,-1.161512862,-10.23498815,-91.79501968,9.645742,5.6438603,10.221697,11.835235,-11.207449,-3.33099,12.154808,-3.978085,-22.654339,10.018946,-10.550661,0.7636373,-2.4413152,-2.964907,11.176649,-3.0204127,15.556609,-37.066795,73.36774,6.6323333,-1.7102402,0.34679487,0.37977636,-11.300215,23.712147,68.75793,-16.006878,-6.2736053,16.539255
870,2.617586851,-26.93291664,78.3,-1.156544363,-10.19266908,-91.81789816,9.601313,5.639419,10.239522,11.832857,-11.186818,-3.3281252,12.082391,-3.9886208,-22.632832,10.04548,-10.539136,0.7491998,-2.419113,-2.947622,11.137537,-3.065767,15.522511,-37.154583,73.35257,6.615595,-1.7063574,0.34671444,0.3624731,-11.298476,23.76056,68.77261,-15.98388,-6.2740593,16.52412
871,2.619724274,-26.93425751,78.3,-1.152487095,-10.15283348,-91.83826423,9.558843,5.636314,10.254581,11.831356,-11.165736,-3.324563,12.018577,-3.9955618,-22.612627,10.060855,-10.5227,0.73504555,-2.409208,-2.9330673,11.121021,-3.0970826,15.511902,-37.189327,73.29896,6.6287246,-1.7010654,0.34055775,0.3343121,-11.298623,23.788567,68.77632,-15.981872,-6.27653,16.51964
872,2.6259799,-26.93397141,78.3,-1.148147458,-10.12226031,-91.84630732,9.521457,5.631556,10.257532,11.832699,-11.150095,-3.3193908,11.968718,-4.0039744,-22.604614,10.077514,-10.513958,0.7287774,-2.4085479,-2.9213421,11.108236,-3.13619,15.499003,-37.236416,73.26215,6.618084,-1.7028726,0.3415841,0.3068215,-11.2991705,23.827,68.78223,-15.957734,-6.277688,16.51906
873,2.625643015,-26.92284584,78.3,-1.145678253,-10.10910085,-91.83199783,9.494548,5.6250324,10.238964,11.839952,-11.142636,-3.3101337,11.953422,-4.010249,-22.618368,10.076929,-10.507,0.7355509,-2.423454,-2.9134579,11.114677,-3.1898959,15.481634,-37.285507,73.243095,6.585814,-1.7173475,0.349576,0.28110757,-11.300205,23.860334,68.78394,-15.9151745,-6.2798076,16.530437
874,2.624226332,-26.91661644,78.3,-1.14435631,-10.1070945,-91.80312728,9.474943,5.617603,10.20673,11.849624,-11.139117,-3.2979867,11.960934,-4.014292,-22.64542,10.064389,-10.500899,0.75033057,-2.4462144,-2.905543,11.13586,-3.2543273,15.459234,-37.330284,73.233696,6.544549,-1.7370812,0.36322594,0.25496274,-11.302201,23.881096,68.7838,-15.865917,-6.2824593,16.550741
875,2.619317293,-26.9140358,78.3,-1.142560284,-10.10510375,-91.77495805,9.455772,5.6113195,10.17438,11.858494,-11.137123,-3.2880206,11.968344,-4.0175967,-22.672684,10.053035,-10.497264,0.7650741,-2.4714057,-2.9022262,11.161487,-3.3167896,15.449633,-37.355263,73.220604,6.517476,-1.7595704,0.37475267,0.22976002,-11.3033695,23.89245,68.77469,-15.829873,-6.2837486,16.573128
876,2.615916252,-26.9102459,78.3,-1.143878399,-10.09326758,-91.76068172,9.430749,5.6102853,10.153963,11.8637295,-11.134482,-3.2856052,11.962591,-4.0156727,-22.689535,10.038549,-10.489811,0.7715686,-2.4730847,-2.8900514,11.1678095,-3.402347,15.414248,-37.4095,73.248985,6.4926453,-1.7758727,0.39108577,0.21656744,-11.308325,23.903051,68.759766,-15.802446,-6.2780766,16.581884
877,2.614671469,-26.90706253,78.3,-1.144086442,-10.0651425,-91.77006641,9.400794,5.6141863,10.15334,11.8548,-11.127485,-3.2962112,11.927813,-4.011437,-22.688766,10.035971,-10.485125,0.7654383,-2.4717052,-2.8792596,11.160926,-3.4545162,15.402021,-37.430874,73.239075,6.5138884,-1.7807518,0.40532994,0.20084621,-11.310873,23.917404,68.73107,-15.81676,-6.2616954,16.576815
878,2.611169577,-26.90042877,78.3,-1.145297965,-10.02757514,-91.79340977,9.367051,5.6225753,10.16387,11.83832,-11.118794,-3.315723,11.879041,-4.0033784,-22.6783,10.034971,-10.480528,0.7516439,-2.4616125,-2.8674812,11.142086,-3.4999354,15.393535,-37.44709,73.22771,6.5561247,-1.7805552,0.4207872,0.18986745,-11.313203,23.933056,68.69196,-15.852222,-6.2375464,16.562624
879,2.613513231,-26.90434074,78.3,-1.146771161,-9.989463697,-91.81767547,9.332976,5.631443,10.176757,11.822489,-11.110674,-3.334471,11.829569,-3.9946094,-22.665901,10.032471,-10.474587,0.736927,-2.4523296,-2.8548436,11.11951,-3.5444684,15.384121,-37.461708,73.22027,6.597916,-1.7768866,0.43518147,0.17703284,-11.316774,23.95161,68.65829,-15.887164,-6.2147083,16.543783
880,2.613327742,-26.90077782,78.3,-1.146293522,-9.957572822,-91.8314478,9.301066,5.634865,10.184734,11.812025,-11.102953,-3.3425038,11.784474,-3.9922838,-22.65715,10.038675,-10.472417,0.72807574,-2.4479504,-2.8487,11.106223,-3.604446,15.375571,-37.472343,73.22766,6.6247096,-1.777585,0.4411599,0.16481917,-11.320489,23.97058,68.6258,-15.900111,-6.1995296,16.527102
881,2.614183426,-26.89218521,78.3,-1.145300524,-9.936318862,-91.82744993,9.271304,5.6318913,10.183468,11.813508,-11.098308,-3.3339045,11.755735,-3.9944117,-22.656374,10.038761,-10.46705,0.7279875,-2.4571621,-2.844107,11.104113,-3.6582205,15.370503,-37.472084,73.2231,6.6373143,-1.7763454,0.43630323,0.14317031,-11.323452,23.981146,68.61288,-15.895804,-6.1986423,16.51155
882,2.612796545,-26.88675308,78.3,-1.143483506,-9.919803294,-91.81362031,9.24108,5.625029,10.178085,11.823277,-11.096234,-3.3149238,11.732532,-4.000297,-22.658838,10.040672,-10.462245,0.73263067,-2.4744492,-2.8431444,11.111557,-3.7274406,15.365121,-37.462868,73.23226,6.6395874,-1.7778018,0.4201948,0.11289063,-11.327185,23.992796,68.60807,-15.87368,-6.2065206,16.495735
883,2.607759953,-26.87966919,78.3,-1.140815284,-9.907506375,-91.79745206,9.214274,5.6182466,10.171449,11.835021,-11.094258,-3.2948382,11.714828,-4.0061994,-22.662445,10.042052,-10.456591,0.73836404,-2.4992695,-2.841146,11.124674,-3.7969122,15.355738,-37.44124,73.24301,6.64144,-1.7789941,0.40630296,0.07447118,-11.334355,24.010397,68.613014,-15.845316,-6.218668,16.482897
884,2.609821796,-26.87841606,78.3,-1.13982354,-9.89958557,-91.786614,9.198006,5.614541,10.167592,11.83877,-11.088922,-3.2830048,11.702692,-4.009206,-22.664104,10.041469,-10.448989,0.7414561,-2.5097165,-2.8384182,11.126006,-3.8379683,15.354109,-37.437225,73.234344,6.6435695,-1.7759289,0.4096016,0.056399923,-11.336468,24.01713,68.61901,-15.831783,-6.2265854,16.475414
885,2.606561661,-26.87347031,78.3,-1.140938106,-9.894712511,-91.78025146,9.183949,5.617426,10.163726,11.8479185,-11.085144,-3.282525,11.692999,-4.008516,-22.66564,10.044745,-10.440865,0.740421,-2.5291362,-2.8355162,11.152826,-3.9155316,15.347323,-37.421467,73.24796,6.639011,-1.7758752,0.42599934,-0.001244021,-11.34506,24.054468,68.64922,-15.798649,-6.241172,16.47444
886,2.603347301,-26.8706913,78.3,-1.140708248,-9.896250145,-91.7775915,9.181959,5.622558,10.162074,11.850399,-11.077731,-3.288406,11.6914425,-4.0058765,-22.66536,10.047875,-10.43141,0.73760945,-2.5406106,-2.8305593,11.17012,-3.968177,15.341967,-37.416904,73.2482,6.632063,-1.7722411,0.45808443,-0.04290367,-11.354024,24.090122,68.68532,-15.7740755,-6.2542324,16.47952
887,2.596433163,-26.8792057,78.3,-1.141266914,-9.897024858,-91.77692061,9.180286,5.628977,10.161005,11.851337,-11.070577,-3.2968552,11.688238,-4.0021157,-22.665232,10.050147,-10.421636,0.734178,-2.540432,-2.8268094,11.184339,-4.016799,15.341016,-37.42008,73.243385,6.6271825,-1.766354,0.49486917,-0.07129113,-11.357178,24.105944,68.71316,-15.760893,-6.2652197,16.485567
888,2.592512131,-26.8746109,78.3,-1.141213281,-9.892636611,-91.7780152,9.173413,5.6347833,10.160148,11.849934,-11.064863,-3.3041654,11.679166,-3.9974427,-22.665995,10.0487795,-10.412939,0.73158085,-2.5401678,-2.8230877,11.188808,-4.058027,15.340884,-37.422565,73.23688,6.623356,-1.759822,0.52762973,-0.09163889,-11.358895,24.116636,68.73005,-15.747731,-6.269525,16.486414
889,2.588662624,-26.86686516,78.3,-1.143332316,-9.878134853,-91.781429,9.155075,5.6412377,10.159195,11.84662,-11.062603,-3.3104696,11.658556,-3.990085,-22.66854,10.04133,-10.405437,0.7314835,-2.5479574,-2.8218038,11.205264,-4.1357956,15.340266,-37.427467,73.25118,6.598607,-1.7533801,0.56243473,-0.13609575,-11.367429,24.156813,68.73833,-15.689128,-6.2727513,16.479202
890,2.586399317,-26.86122131,78.3,-1.145797933,-9.859022195,-91.78596843,9.131935,5.648308,10.157312,11.841542,-11.062963,-3.3172734,11.633899,-3.9807618,-22.67339,10.027992,-10.397927,0.7331343,-2.5566795,-2.8192842,11.20656,-4.1956234,15.340198,-37.426483,73.259056,6.5791206,-1.746184,0.59765106,-0.15864518,-11.376085,24.191303,68.72556,-15.627559,-6.2679334,16.469887
891,2.582264423,-26.86353874,78.3,-1.147417952,-9.837311856,-91.79282927,9.106738,5.654463,10.157387,11.834846,-11.061957,-3.3233035,11.602981,-3.972634,-22.676409,10.017874,-10.391612,0.73244435,-2.561486,-2.8170109,11.203846,-4.2500105,15.340867,-37.423786,73.263054,6.567579,-1.7373885,0.62988776,-0.17564085,-11.382276,24.20891,68.70925,-15.589838,-6.2607746,16.458065
892,2.575185776,-26.85328484,78.3,-1.147177528,-9.816334589,-91.80199639,9.083116,5.6586323,10.160826,11.8299885,-11.058485,-3.3273997,11.568741,-3.9679978,-22.675127,10.014377,-10.385354,0.72559637,-2.56778,-2.8150616,11.197265,-4.296699,15.3416815,-37.41887,73.26554,6.5627756,-1.7296944,0.6519647,-0.19029547,-11.386627,24.216312,68.6969,-15.589325,-6.2531533,16.446342
893,2.575199604,-26.85230637,78.3,-1.144341239,-9.792941672,-91.81852326,9.0577545,5.66075,10.172163,11.828292,-11.051353,-3.328315,11.522074,-3.9685152,-22.66404,10.023586,-10.378858,0.7067109,-2.5769625,-2.8123233,11.185977,-4.338053,15.342513,-37.406868,73.26876,6.5679445,-1.7226309,0.6586175,-0.20560677,-11.390466,24.211363,68.68773,-15.6498375,-6.2436366,16.433657
894,2.570031404,-26.84067726,78.3,-1.138059341,-9.765298211,-91.84207912,9.029375,5.659168,10.190459,11.826816,-11.041262,-3.3265953,11.456772,-3.9772527,-22.644798,10.056385,-10.38029,0.679759,-2.5856702,-2.8079066,11.181289,-4.380812,15.344318,-37.37118,73.265625,6.5965314,-1.7164897,0.65131456,-0.22332422,-11.399566,24.172712,68.67004,-15.77221,-6.2336287,16.424322
895,2.567072392,-26.83854103,78.3,-1.131688665,-9.742313722,-91.85998482,9.004543,5.6573195,10.205204,11.826391,-11.030029,-3.3248653,11.401165,-3.9850485,-22.629137,10.082836,-10.378815,0.65457594,-2.59024,-2.801274,11.184391,-4.4209437,15.347395,-37.33594,73.254425,6.632466,-1.7129902,0.6405128,-0.23362994,-11.414269,24.116066,68.64548,-15.901017,-6.2266097,16.41925
896,2.564110994,-26.83655357,78.3,-1.128352857,-9.729790676,-91.86122799,8.985901,5.6562967,10.207409,11.827582,-11.01899,-3.3253298,11.369994,-3.9888191,-22.627115,10.094164,-10.374315,0.641237,-2.603479,-2.8030548,11.186958,-4.4615426,15.34871,-37.3244,73.255295,6.6435513,-1.7144188,0.63996464,-0.24344212,-11.41901,24.100346,68.635086,-15.960534,-6.2211447,16.408102
897,2.559511423,-26.82931519,78.3,-1.126000126,-9.735068169,-91.83534902,8.979211,5.653663,10.190412,11.830203,-11.006677,-3.3282986,11.376441,-3.9902549,-22.645689,10.088194,-10.36881,0.648955,-2.623918,-2.8117936,11.222841,-4.5212593,15.351393,-37.308857,73.25876,6.6542997,-1.7283144,0.6446623,-0.25559732,-11.428001,24.095856,68.616104,-15.947668,-6.2235923,16.401276
898,2.550504923,-26.8212471,78.3,-1.123540247,-9.752722777,-91.79097117,8.980265,5.6499662,10.160286,11.8348875,-10.992767,-3.332677,11.409075,-3.9899068,-22.678349,10.068781,-10.360976,0.670017,-2.6569571,-2.827212,11.267834,-4.580369,15.354302,-37.299408,73.265495,6.6535306,-1.7498548,0.6551995,-0.26946956,-11.43666,24.122456,68.60402,-15.875975,-6.2292237,16.391735
899,2.542126417,-26.81090546,78.3,-1.123713459,-9.769574441,-91.74614777,8.980798,5.648065,10.129017,11.838593,-10.9806,-3.3383338,11.440987,-3.9879026,-22.712322,10.050325,-10.353763,0.689936,-2.6890156,-2.8429885,11.310092,-4.6372676,15.356771,-37.294407,73.27245,6.650032,-1.7702769,0.6676371,-0.2835171,-11.443065,24.152391,68.59815,-15.795486,-6.236865,16.383432
900,2.533948898,-26.81235886,78.3,-1.125855983,-9.772621788,-91.7193033,8.971133,5.651906,10.108236,11.840592,-10.974057,-3.3451211,11.446912,-3.9827244,-22.73505,10.041734,-10.346704,0.6938608,-2.7121718,-2.8502402,11.330997,-4.6743765,15.357984,-37.292065,73.26585,6.649854,-1.7790681,0.67954123,-0.2921625,-11.4456005,24.168114,68.59766,-15.748438,-6.2439218,16.379757
901,2.525496006,-26.81351662,78.3,-1.134959229,-9.754714984,-91.71663493,8.9436655,5.667737,10.098371,11.843355,-10.978978,-3.3556137,11.418509,-3.967203,-22.744923,10.036803,-10.333383,0.67138416,-2.7375395,-2.8508475,11.334749,-4.71488,15.36173,-37.28249,73.26638,6.643635,-1.7768122,0.6873629,-0.30983284,-11.454366,24.204615,68.59823,-15.719198,-6.250858,16.383453
902,2.518790722,-26.81087494,78.3,-1.146175464,-9.721896943,-91.731014,8.905907,5.6897855,10.097261,11.841224,-10.989176,-3.368761,11.361882,-3.9484787,-22.744791,10.044699,-10.321163,0.632569,-2.7444668,-2.8420005,11.317518,-4.740728,15.364779,-37.2813,73.25472,6.6430473,-1.7622256,0.69577056,-0.31890273,-11.461089,24.216328,68.60352,-15.724994,-6.25957,16.394083
903,2.514573097,-26.80258179,78.3,-1.157053902,-9.689173917,-91.74869896,8.869099,5.710853,10.1002445,11.84026,-10.999417,-3.3798203,11.303375,-3.9317665,-22.741625,10.056625,-10.311682,0.5934442,-2.7493353,-2.832647,11.30059,-4.761015,15.368034,-37.28433,73.23659,6.6410875,-1.7470373,0.7024043,-0.32295516,-11.467955,24.218138,68.606026,-15.738112,-6.2681823,16.405098
904,2.512486935,-26.79477882,78.3,-1.160123176,-9.671038457,-91.75822231,8.846562,5.722589,10.104653,11.841527,-11.002065,-3.3840108,11.267883,-3.9231563,-22.740631,10.064857,-10.306467,0.5700381,-2.7605395,-2.8307726,11.296299,-4.7777395,15.369709,-37.286354,73.21876,6.642479,-1.7407519,0.70775306,-0.3238848,-11.471204,24.209751,68.61144,-15.748585,-6.2751937,16.407711
905,2.510452032,-26.79121399,78.3,-1.154931985,-9.676409083,-91.75442984,8.845624,5.7189927,10.110665,11.849595,-10.994109,-3.3762069,11.268271,-3.9282658,-22.742836,10.069334,-10.31021,0.57141256,-2.7853801,-2.838785,11.316214,-4.789708,15.371182,-37.285675,73.19698,6.6453238,-1.7486715,0.71016645,-0.32093087,-11.473409,24.183542,68.61747,-15.753976,-6.282113,16.399874
906,2.508037567,-26.78605652,78.3,-1.142092569,-9.696402446,-91.74436091,8.8599615,5.705956,10.119454,11.860029,-10.978823,-3.3603566,11.291358,-3.9416661,-22.74581,10.069442,-10.318161,0.58739847,-2.8078885,-2.8512864,11.356604,-4.8021374,15.372887,-37.283867,73.16917,6.6581516,-1.7647934,0.70888597,-0.3109214,-11.474262,24.11948,68.618904,-15.772585,-6.290351,16.387955
907,2.499686241,-26.78509903,78.3,-1.128997632,-9.717009166,-91.73335279,8.874961,5.6924744,10.129294,11.870365,-10.962594,-3.3448944,11.316573,-3.955291,-22.748962,10.068597,-10.325623,0.60533047,-2.8251326,-2.8648834,11.396809,-4.815023,15.373893,-37.291035,73.141335,6.667869,-1.7821807,0.7064893,-0.29996553,-11.472782,24.05314,68.62162,-15.79023,-6.2969484,16.37516
908,2.491522789,-26.78298378,78.3,-1.121531349,-9.724595718,-91.7278571,8.879147,5.687985,10.139196,11.875544,-10.951194,-3.3384483,11.324185,-3.960627,-22.750843,10.068681,-10.326588,0.61257935,-2.8370082,-2.87569,11.419593,-4.827456,15.374083,-37.30392,73.117195,6.6720934,-1.7938514,0.7044274,-0.29088187,-11.470962,24.019909,68.62272,-15.794779,-6.2982893,16.36479
909,2.480937719,-26.78385353,78.3,-1.122865938,-9.712533135,-91.72993112,8.866039,5.697266,10.151372,11.873063,-10.946423,-3.3451538,11.305851,-3.9529815,-22.752401,10.068699,-10.31562,0.6036116,-2.823914,-2.8810446,11.422755,-4.8524303,15.373733,-37.3396,73.09983,6.668624,-1.7965157,0.7027639,-0.28164375,-11.469786,24.012222,68.618416,-15.788458,-6.2955465,16.359705
910,2.473872423,-26.78691483,78.3,-1.130492649,-9.688749002,-91.73549002,8.843285,5.714452,10.165187,11.865155,-10.944747,-3.359776,11.272872,-3.937906,-22.754097,10.068265,-10.297466,0.5860255,-2.8070529,-2.8832233,11.412412,-4.8746195,15.373078,-37.374725,73.080635,6.666243,-1.7948794,0.7012332,-0.2755474,-11.470173,24.034994,68.611435,-15.769235,-6.28863,16.357681
911,2.465828657,-26.78489685,78.3,-1.139014489,-9.661392023,-91.7433295,8.816641,5.732757,10.176589,11.857963,-10.945138,-3.3767357,11.232698,-3.9226377,-22.75327,10.073729,-10.282426,0.5662572,-2.7883356,-2.886868,11.380054,-4.8927555,15.369415,-37.446007,73.07599,6.6285477,-1.7923348,0.7010415,-0.25658622,-11.473732,24.094692,68.60388,-15.720633,-6.275827,16.352318
912,2.46694231,-26.78453064,78.3,-1.142712805,-9.643182607,-91.75089801,8.799823,5.745549,10.180841,11.852002,-10.944403,-3.3905623,11.205002,-3.9106596,-22.74856,10.074163,-10.27207,0.5510143,-2.7857938,-2.8877122,11.369971,-4.8982186,15.366635,-37.470978,73.05081,6.6194453,-1.7925259,0.69391555,-0.25100622,-11.475993,24.115725,68.59829,-15.712578,-6.263624,16.354162
913,2.465087175,-26.78153801,78.3,-1.142129199,-9.634119765,-91.75920878,8.79212,5.7494335,10.173702,11.848632,-10.941001,-3.4002457,11.185312,-3.9062905,-22.735674,10.078541,-10.274254,0.5406924,-2.7958074,-2.8896756,11.36201,-4.8905845,15.362288,-37.49137,73.02441,6.5981054,-1.7977097,0.6806489,-0.23951223,-11.477444,24.114922,68.59364,-15.720633,-6.2455015,16.35849
914,2.459250689,-26.78191757,78.3,-1.138346677,-9.63032398,-91.76864898,8.790257,5.748356,10.158788,11.845485,-10.936532,-3.4086194,11.169615,-3.9057653,-22.71679,10.08494,-10.28368,0.5323286,-2.8064973,-2.8905933,11.362125,-4.87981,15.355709,-37.50557,72.99415,6.579099,-1.8052729,0.66175205,-0.22502382,-11.47707,24.080364,68.58508,-15.756488,-6.2236214,16.367659
915,2.455617189,-26.78430176,78.3,-1.134396033,-9.630035133,-91.77788882,8.791948,5.7464194,10.143717,11.843573,-10.932851,-3.4156303,11.160256,-3.9056194,-22.698631,10.088349,-10.293643,0.52691793,-2.81949,-2.8924317,11.367095,-4.8665476,15.350544,-37.512543,72.96241,6.5637083,-1.8130089,0.641226,-0.21312541,-11.475317,24.042755,68.578186,-15.797207,-6.2045584,16.377623
916,2.450425386,-26.77812195,78.3,-1.130572523,-9.631142509,-91.78477429,8.79486,5.7465377,10.135956,11.841561,-10.930447,-3.4210165,11.156816,-3.90401,-22.6878,10.0880785,-10.299971,0.5259082,-2.817092,-2.8943827,11.376174,-4.862702,15.342185,-37.530933,72.93706,6.553223,-1.8177114,0.6245927,-0.1983729,-11.471872,23.994232,68.570984,-15.836925,-6.1951303,16.386719
917,2.444593191,-26.77269936,78.3,-1.128912927,-9.630937169,-91.79192543,8.7970295,5.7514076,10.141943,11.839967,-10.931932,-3.423686,11.158816,-3.8977842,-22.684534,10.079684,-10.297505,0.5321872,-2.8129306,-2.8979068,11.3807535,-4.8560677,15.335562,-37.549694,72.913055,6.5451202,-1.8174195,0.61275804,-0.18686064,-11.46964,23.976746,68.56857,-15.853905,-6.198208,16.392216
918,2.438335657,-26.7742424,78.3,-1.129033192,-9.631247201,-91.79955263,8.800327,5.7589426,10.156412,11.838847,-10.936179,-3.4241912,11.165762,-3.8892798,-22.68551,10.065951,-10.290356,0.5442225,-2.802763,-2.902135,11.382487,-4.8512487,15.326483,-37.57458,72.89623,6.5366454,-1.8146449,0.60350394,-0.17146714,-11.467584,23.968979,68.56589,-15.861081,-6.209894,16.396044
919,2.435101986,-26.77363205,78.3,-1.128654642,-9.636253895,-91.80148079,8.806999,5.7646775,10.169068,11.838028,-10.938847,-3.4247336,11.179518,-3.8830512,-22.692781,10.053821,-10.286283,0.55639946,-2.8012462,-2.9090786,11.39117,-4.84122,15.319794,-37.591328,72.87434,6.5304413,-1.8120188,0.59648913,-0.16268301,-11.46681,23.971882,68.56685,-15.861964,-6.2234564,16.398077
920,2.423830509,-26.77463913,78.3,-1.125168148,-9.649780121,-91.79249216,8.819655,5.7647085,10.170313,11.837632,-10.93641,-3.4276016,11.202798,-3.8827336,-22.70739,10.0473995,-10.291293,0.5630871,-2.8095202,-2.921203,11.413212,-4.832052,15.312988,-37.60233,72.853096,6.525092,-1.8140309,0.590561,-0.15771005,-11.466535,23.976023,68.568245,-15.860619,-6.23268,16.398228
921,2.409002066,-26.77801895,78.3,-1.117179102,-9.67904604,-91.7631724,8.844274,5.754732,10.152248,11.836035,-10.923627,-3.434979,11.244776,-3.8925433,-22.736496,10.046178,-10.309497,0.56122696,-2.829496,-2.940945,11.453723,-4.8306518,15.300449,-37.618526,72.843475,6.507478,-1.8236847,0.59347844,-0.15658417,-11.466368,23.982643,68.57696,-15.850077,-6.236342,16.393234
922,2.401972294,-26.77500534,78.3,-1.10539842,-9.718705829,-91.71970172,8.87601,5.7374625,10.122097,11.834607,-10.903955,-3.4448538,11.29895,-3.9102826,-22.776705,10.053147,-10.340059,0.55450207,-2.8599489,-2.9672956,11.512799,-4.8317413,15.2874,-37.62622,72.83206,6.491848,-1.8380218,0.6004376,-0.16078296,-11.466618,23.98799,68.586205,-15.83909,-6.2376757,16.386011
923,2.405946732,-26.76579094,78.3,-1.095682864,-9.754078945,-91.67981038,8.900874,5.7231736,10.093953,11.839138,-10.888476,-3.454601,11.345178,-3.9264522,-22.812685,10.064445,-10.370939,0.5460339,-2.8876343,-2.9937568,11.564769,-4.826669,15.28295,-37.62871,72.817635,6.485038,-1.8518616,0.5994773,-0.16106188,-11.466784,23.98984,68.5919,-15.831513,-6.2376323,16.38023
924,2.40104866,-26.76403809,78.3,-1.089132615,-9.789967546,-91.65167183,8.935378,5.7152233,10.073391,11.835326,-10.8799715,-3.460618,11.395921,-3.933137,-22.839365,10.063984,-10.38886,0.5420742,-2.9152677,-3.0109804,11.618225,-4.820568,15.271293,-37.631992,72.807915,6.484297,-1.8588938,0.592239,-0.17127214,-11.467264,23.992222,68.59998,-15.827607,-6.2355165,16.37394
925,2.388635159,-26.76368713,78.3,-1.093444397,-9.810145579,-91.64802779,8.955501,5.723045,10.071932,11.8408785,-10.890967,-3.4602907,11.426189,-3.9243908,-22.845312,10.058432,-10.389417,0.5437713,-2.9307518,-3.0138986,11.643691,-4.8075833,15.26197,-37.63316,72.80678,6.5068836,-1.8548172,0.56265754,-0.17685606,-11.467519,23.987757,68.60505,-15.837613,-6.230844,16.37118
926,2.384533644,-26.76519203,78.3,-1.102318408,-9.824214807,-91.65771391,8.97137,5.739692,10.080294,11.849815,-10.913303,-3.4558015,11.4500065,-3.9059057,-22.840273,10.046453,-10.378044,0.5489338,-2.9396183,-3.00839,11.6586485,-4.7897997,15.252312,-37.632828,72.80779,6.545981,-1.8432168,0.5191515,-0.18187249,-11.467722,23.976383,68.60753,-15.857156,-6.2237635,16.3697
927,2.383032084,-26.76644707,78.3,-1.113579184,-9.83222054,-91.67491424,8.983176,5.760327,10.091982,11.859432,-10.938528,-3.4528043,11.466742,-3.8828163,-22.827168,10.03264,-10.364675,0.5522036,-2.9389014,-2.9965467,11.664528,-4.7732797,15.235421,-37.635185,72.81696,6.5868764,-1.8306887,0.47643214,-0.18420757,-11.467985,23.954346,68.61031,-15.881394,-6.2165337,16.370024
928,2.383338928,-26.76808167,78.3,-1.120907395,-9.833535153,-91.69517488,8.99284,5.778745,10.101683,11.862245,-10.95597,-3.456987,11.474515,-3.8617024,-22.808128,10.022804,-10.359587,0.5484386,-2.9294014,-2.988293,11.660117,-4.758935,15.217791,-37.645008,72.83554,6.6081767,-1.8261582,0.44623986,-0.17989118,-11.468035,23.934835,68.61322,-15.893918,-6.211122,16.371206
929,2.367382765,-26.78414345,78.3,-1.124405809,-9.825876815,-91.72046613,8.998095,5.794583,10.105519,11.859466,-10.964816,-3.472419,11.46894,-3.8432333,-22.779348,10.020999,-10.369647,0.53264564,-2.917464,-2.9875548,11.645937,-4.734741,15.211285,-37.651043,72.84671,6.5998178,-1.8325584,0.43441907,-0.17314315,-11.467685,23.927874,68.615814,-15.887296,-6.206925,16.373451
930,2.35483408,-26.79081917,78.3,-1.124533158,-9.808717141,-91.75411283,8.999839,5.8102818,10.10947,11.8496685,-10.967995,-3.495337,11.450329,-3.8243098,-22.739038,10.022492,-10.386927,0.5087013,-2.8885438,-2.9828608,11.608061,-4.6971793,15.199047,-37.672726,72.86023,6.5721064,-1.8443549,0.436761,-0.15376404,-11.466188,23.912807,68.62342,-15.876158,-6.202437,16.37782
931,2.350003004,-26.79153633,78.3,-1.124522551,-9.789246476,-91.78667999,8.998791,5.825738,10.114838,11.839894,-10.968772,-3.5190492,11.428372,-3.8065774,-22.699427,10.027147,-10.405649,0.48493764,-2.850935,-2.9805214,11.569583,-4.6754932,15.184793,-37.706673,72.89,6.5382133,-1.8570709,0.44121912,-0.1299555,-11.463611,23.896233,68.628716,-15.858718,-6.2004247,16.381145
932,2.345224619,-26.80674171,78.3,-1.127248151,-9.773715433,-91.80974368,8.99719,5.841347,10.12416,11.833815,-10.969099,-3.5373476,11.415621,-3.78906,-22.67165,10.025111,-10.414273,0.46958795,-2.8240082,-2.9781656,11.544271,-4.6586995,15.174191,-37.732365,72.913635,6.5261188,-1.8627899,0.437531,-0.11921402,-11.461623,23.892038,68.63836,-15.835861,-6.2019286,16.383217
933,2.338346958,-26.81802559,78.3,-1.133965234,-9.762323611,-91.82050094,8.992933,5.85986,10.142969,11.833009,-10.967691,-3.5486019,11.413937,-3.7700465,-22.659243,10.015991,-10.407144,0.4661186,-2.8006701,-2.973036,11.530658,-4.658585,15.161382,-37.7647,72.9454,6.542701,-1.8585147,0.42252,-0.11792536,-11.45999,23.90373,68.65553,-15.799697,-6.209015,16.382086
934,2.329909801,-26.82493973,78.3,-1.141582658,-9.75246416,-91.82398459,8.986618,5.879606,10.168709,11.834616,-10.963817,-3.5560558,11.416409,-3.7512429,-22.655775,10.006229,-10.392076,0.46976885,-2.7828965,-2.9669173,11.52924,-4.663599,15.153934,-37.787262,72.9697,6.586443,-1.8477114,0.4003229,-0.124132544,-11.46002,23.92497,68.67182,-15.759346,-6.2200975,16.38039
935,2.319914103,-26.82252502,78.3,-1.148478554,-9.74439363,-91.82328805,8.979831,5.896772,10.191058,11.837895,-10.960414,-3.560939,11.423303,-3.7343087,-22.657608,9.990397,-10.375259,0.4760219,-2.7721343,-2.9631443,11.526184,-4.672221,15.148705,-37.81147,73.00318,6.6197014,-1.8374486,0.3777319,-0.13558315,-11.46054,23.954535,68.69468,-15.711847,-6.232427,16.377913
936,2.311427593,-26.82711792,78.3,-1.149731461,-9.739398109,-91.82206597,8.976275,5.904644,10.20093,11.839318,-10.958782,-3.5639322,11.428739,-3.7262805,-22.659693,9.980686,-10.372756,0.4809264,-2.77222,-2.9627643,11.524476,-4.6707993,15.142414,-37.827168,73.02828,6.634244,-1.8278382,0.3637221,-0.14443596,-11.4613285,23.974125,68.70704,-15.688257,-6.2390056,16.375359
937,2.305183172,-26.82484436,78.3,-1.139051314,-9.739577647,-91.82105293,8.979465,5.8957334,10.1901245,11.83594,-10.958482,-3.5626965,11.433873,-3.7335348,-22.66173,9.97585,-10.391409,0.48523876,-2.7858737,-2.970489,11.524823,-4.6603265,15.136458,-37.82824,73.04997,6.6178327,-1.8228387,0.3605148,-0.1526219,-11.461722,23.964163,68.71027,-15.707416,-6.2400393,16.374065
938,2.303155661,-26.82658386,78.3,-1.122249926,-9.743626214,-91.8182928,8.98547,5.87581,10.165569,11.8322525,-10.960073,-3.5577369,11.43983,-3.751153,-22.66555,9.974124,-10.423594,0.49056888,-2.8100545,-2.9845526,11.527884,-4.644743,15.134342,-37.82195,73.06808,6.5810924,-1.8194649,0.3636385,-0.1585661,-11.461548,23.943384,68.70374,-15.750641,-6.237132,16.372187
939,2.300528526,-26.83046722,78.3,-1.10498319,-9.747985288,-91.81416497,8.993268,5.8556776,10.140758,11.824417,-10.960436,-3.553721,11.444877,-3.7687254,-22.671339,9.973946,-10.455975,0.4937852,-2.8232589,-2.9936302,11.541813,-4.638031,15.128752,-37.80805,73.083206,6.5567174,-1.8154471,0.36739424,-0.16541533,-11.460168,23.879343,68.691696,-15.818358,-6.2349133,16.376291
940,2.298449516,-26.83248138,78.3,-1.099355803,-9.747803153,-91.80915261,8.9956045,5.8503637,10.128823,11.819665,-10.962634,-3.556009,11.447297,-3.772741,-22.67864,9.970857,-10.473437,0.4914615,-2.823193,-2.995869,11.55361,-4.64721,15.123282,-37.805622,73.1111,6.545342,-1.8094603,0.36744034,-0.16659577,-11.458207,23.829464,68.676956,-15.853883,-6.232221,16.381216
941,2.290111303,-26.83855057,78.3,-1.108700123,-9.742625726,-91.80221418,8.992102,5.8675213,10.138164,11.817972,-10.967596,-3.5681016,11.446736,-3.756582,-22.689722,9.965976,-10.469816,0.48150396,-2.8229158,-2.9863782,11.557254,-4.652842,15.122171,-37.80548,73.138016,6.5507913,-1.7974321,0.36267906,-0.16880651,-11.457598,23.824053,68.669754,-15.826659,-6.227632,16.38779
942,2.283639193,-26.84099007,78.3,-1.127125518,-9.735378218,-91.79348952,8.988319,5.8970823,10.160097,11.813222,-10.972328,-3.5863721,11.444773,-3.7292268,-22.70403,9.96165,-10.454377,0.4664038,-2.8174014,-2.9685905,11.561176,-4.662877,15.121929,-37.80498,73.16727,6.5703173,-1.7829797,0.35525507,-0.1695124,-11.457259,23.825329,68.66303,-15.776893,-6.222418,16.397768
943,2.277539968,-26.84110069,78.3,-1.150978163,-9.723448226,-91.784289,8.973901,5.9333324,10.181076,11.820526,-10.981751,-3.6061301,11.445649,-3.692522,-22.718584,9.939198,-10.426792,0.44796973,-2.8105042,-2.951842,11.5640335,-4.6925993,15.121139,-37.800713,73.21477,6.596004,-1.7702037,0.34508944,-0.172083,-11.455262,23.847744,68.64965,-15.7031765,-6.214493,16.407621
944,2.268406868,-26.84222221,78.3,-1.162845872,-9.706521192,-91.77639635,8.957587,5.9525228,10.189694,11.819351,-10.982268,-3.619579,11.432334,-3.6733716,-22.728174,9.935146,-10.414909,0.43125495,-2.8069258,-2.9394236,11.556584,-4.7051544,15.121368,-37.79915,73.24716,6.6116095,-1.7630522,0.34622967,-0.17263967,-11.4542675,23.860905,68.637054,-15.669438,-6.210527,16.409328
945,2.262807846,-26.85040474,78.3,-1.161274296,-9.678323211,-91.77023847,8.92822,5.951948,10.176998,11.818106,-10.974651,-3.624754,11.401851,-3.6717186,-22.730099,9.9392805,-10.416247,0.41234028,-2.808967,-2.9382288,11.5338955,-4.714136,15.121968,-37.79707,73.28085,6.6131415,-1.7670256,0.3593779,-0.16724579,-11.453424,23.876648,68.61043,-15.672153,-6.2065744,16.3963
946,2.256140232,-26.86142349,78.3,-1.149505627,-9.642619694,-91.76570315,8.891609,5.939069,10.15221,11.814598,-10.960415,-3.6251423,11.358905,-3.681033,-22.72662,9.951007,-10.425248,0.3908502,-2.8101552,-2.9401135,11.5024805,-4.7181916,15.123062,-37.796856,73.30808,6.6089563,-1.7766795,0.38132575,-0.1595067,-11.452494,23.888338,68.57745,-15.702188,-6.204217,16.375225
947,2.254390478,-26.86894608,78.3,-1.136194976,-9.606409371,-91.76101813,8.854546,5.923001,10.126677,11.8109,-10.946681,-3.6240046,11.3136635,-3.6949801,-22.723633,9.969915,-10.440507,0.37464356,-2.810372,-2.9464793,11.468642,-4.7252917,15.12506,-37.800213,73.339775,6.6023927,-1.7879364,0.40382478,-0.14469995,-11.451635,23.903214,68.54037,-15.736006,-6.203479,16.355534
948,2.247797251,-26.87097549,78.3,-1.128022561,-9.582536836,-91.75497108,8.832457,5.9150934,10.111678,11.805593,-10.939759,-3.625153,11.291651,-3.7008972,-22.727966,9.972964,-10.448256,0.37116727,-2.8078086,-2.947174,11.4503765,-4.7360773,15.128648,-37.80784,73.36638,6.5999207,-1.791953,0.41894647,-0.1433096,-11.451008,23.920813,68.52859,-15.753579,-6.211538,16.35083
949,2.243450165,-26.87372589,78.3,-1.127833416,-9.575663983,-91.74728989,8.829806,5.9196424,10.115456,11.800057,-10.945082,-3.6285198,11.30112,-3.6949894,-22.743462,9.955075,-10.444804,0.3893271,-2.8005838,-2.940708,11.454916,-4.7562237,15.131233,-37.816723,73.39213,6.614601,-1.7851137,0.42239645,-0.1582401,-11.451339,23.936445,68.54878,-15.75708,-6.2321086,16.368507
950,2.241685629,-26.87848282,78.3,-1.134399627,-9.580452066,-91.7377027,8.8407955,5.9320593,10.129439,11.794303,-10.9581375,-3.6328738,11.336183,-3.6803286,-22.766928,9.914415,-10.430699,0.42273438,-2.795273,-2.9308584,11.472803,-4.783477,15.1374655,-37.83544,73.41961,6.6258283,-1.773005,0.41869855,-0.18950483,-11.45275,23.971012,68.5961,-15.738109,-6.262449,16.399654
951,2.235997915,-26.88100052,78.3,-1.141675887,-9.588185529,-91.72712348,8.854894,5.944811,10.141564,11.789419,-10.97221,-3.638956,11.375337,-3.665607,-22.79153,9.8766775,-10.420588,0.45616186,-2.790902,-2.9199035,11.492879,-4.805537,15.143319,-37.84981,73.43942,6.6354923,-1.7598281,0.41475824,-0.22018044,-11.454309,24.003756,68.647,-15.715093,-6.29342,16.434132
952,2.22490263,-26.88624001,78.3,-1.145165498,-9.591744122,-91.71576241,8.864266,5.9525633,10.139212,11.784619,-10.979207,-3.648093,11.407081,-3.6546803,-22.811659,9.849523,-10.420912,0.47428688,-2.7877324,-2.9118438,11.505832,-4.821976,15.149982,-37.856102,73.45575,6.6341534,-1.7529415,0.41585606,-0.23754695,-11.455736,24.027884,68.681274,-15.696546,-6.316852,16.461323
953,2.220382214,-26.88992882,78.3,-1.143168487,-9.590892786,-91.70360024,8.869157,5.9523077,10.113471,11.779655,-10.975041,-3.664157,11.42899,-3.6507256,-22.826275,9.841406,-10.439062,0.46960664,-2.7836695,-2.906992,11.509531,-4.8297353,15.154964,-37.851242,73.4669,6.6148343,-1.755408,0.42494655,-0.23418988,-11.456033,24.032171,68.69283,-15.681518,-6.3308344,16.479177
954,2.219037294,-26.89661026,78.3,-1.139254222,-9.589889927,-91.68973378,8.874051,5.948052,10.072428,11.774713,-10.964605,-3.6854713,11.450577,-3.6491787,-22.839016,9.841366,-10.46806,0.45134532,-2.779797,-2.9027247,11.510376,-4.8332915,15.158287,-37.841553,73.475,6.5804753,-1.763577,0.43843994,-0.22104177,-11.455445,24.026821,68.69509,-15.662731,-6.3404303,16.493465
955,2.210170031,-26.90755081,78.3,-1.134743341,-9.585832282,-91.67547834,8.875427,5.9421983,10.03039,11.7698555,-10.953641,-3.7043073,11.466267,-3.6493182,-22.848726,9.845526,-10.498767,0.42959574,-2.7760625,-2.9031696,11.514926,-4.8375034,15.168132,-37.816578,73.475334,6.55706,-1.7732582,0.4502332,-0.20500904,-11.4524145,24.009375,68.685104,-15.66157,-6.346293,16.50566
956,2.202947378,-26.92268753,78.3,-1.131478683,-9.575405073,-91.66277325,8.868682,5.9380507,10.002802,11.766758,-10.948529,-3.7131622,11.470981,-3.648876,-22.853485,9.847898,-10.520707,0.41417363,-2.7668417,-2.8980305,11.508913,-4.843321,15.169895,-37.812984,73.479,6.5374174,-1.7755929,0.46345237,-0.20006746,-11.451811,24.008913,68.68832,-15.6631975,-6.348203,16.511627
957,2.199197531,-26.9340477,78.3,-1.130204461,-9.552468227,-91.64835677,8.843715,5.935488,9.993316,11.768746,-10.953109,-3.7053854,11.456159,-3.6478095,-22.85296,9.848326,-10.531207,0.4058625,-2.758653,-2.8979452,11.4985485,-4.86296,15.174962,-37.80948,73.48825,6.538153,-1.7709697,0.47433245,-0.2064086,-11.450819,24.024584,68.68977,-15.684277,-6.3464847,16.513676
958,2.199209213,-26.94423294,78.3,-1.131343737,-9.522873752,-91.63523239,8.812023,5.9329157,9.997146,11.768861,-10.961534,-3.686746,11.4296255,-3.646887,-22.845446,9.847301,-10.534156,0.39992034,-2.7470539,-2.8969827,11.482952,-4.8812847,15.178879,-37.812176,73.49226,6.5516496,-1.7603686,0.48575342,-0.22028063,-11.451068,24.052723,68.69302,-15.716056,-6.338939,16.509176
959,2.196353912,-26.94624901,78.3,-1.131303496,-9.490927883,-91.62192684,8.774249,5.932073,10.002176,11.776327,-10.973626,-3.6674237,11.3991785,-3.6460652,-22.83912,9.848644,-10.53582,0.398275,-2.747243,-2.8964572,11.460222,-4.895431,15.184961,-37.814407,73.496864,6.5573983,-1.7500927,0.4952314,-0.2428438,-11.452297,24.106026,68.70481,-15.735933,-6.3302717,16.502161
960,2.19037056,-26.95389748,78.3,-1.131660561,-9.470067789,-91.60874473,8.752252,5.931425,9.999798,11.778961,-10.980157,-3.6576693,11.388055,-3.644316,-22.840092,9.843344,-10.536417,0.40353373,-2.7569509,-2.8935807,11.443037,-4.893363,15.190963,-37.80766,73.48961,6.5582514,-1.7438524,0.5032813,-0.26249543,-11.453689,24.153923,68.71877,-15.751969,-6.3242908,16.49805
961,2.183264256,-26.96067619,78.3,-1.132935888,-9.464330409,-91.59717777,8.751186,5.932528,9.987557,11.777882,-10.979551,-3.661654,11.4028015,-3.640649,-22.849562,9.828386,-10.532594,0.4208866,-2.7672126,-2.8872778,11.43821,-4.8849683,15.196603,-37.7934,73.47731,6.556018,-1.7441231,0.50738615,-0.2709385,-11.45428,24.1709,68.72715,-15.779439,-6.323685,16.499304
962,2.17918992,-26.97371483,78.3,-1.133521562,-9.467809327,-91.58608673,8.762049,5.935207,9.969804,11.775689,-10.975226,-3.6734865,11.434306,-3.6351507,-22.864943,9.804887,-10.523345,0.44749525,-2.779347,-2.877678,11.442935,-4.869821,15.203106,-37.773525,73.4554,6.5538306,-1.7478489,0.5081893,-0.27645522,-11.453494,24.167187,68.73344,-15.81533,-6.3263416,16.504223
963,2.174345732,-26.98742485,78.3,-1.131698611,-9.473357526,-91.57492455,8.776652,5.936505,9.950274,11.771374,-10.970041,-3.688165,11.467849,-3.6318488,-22.883759,9.786961,-10.520759,0.4735493,-2.7851825,-2.8697417,11.447307,-4.861306,15.205197,-37.765854,73.44149,6.544417,-1.7532227,0.50797343,-0.27592462,-11.45279,24.158178,68.73884,-15.84698,-6.3286176,16.508713
964,2.170968294,-26.99375153,78.3,-1.130653117,-9.477645118,-91.56030669,8.790329,5.936131,9.930102,11.765594,-10.96789,-3.7012613,11.504264,-3.6274645,-22.906603,9.764178,-10.524811,0.48897904,-2.7851946,-2.8641794,11.457799,-4.857269,15.210515,-37.75671,73.4217,6.5422,-1.7580985,0.5056072,-0.27765223,-11.450616,24.139656,68.74383,-15.880307,-6.329358,16.514702
965,2.166448355,-27.01211357,78.3,-1.125890499,-9.476116487,-91.54392915,8.79884,5.9313745,9.911984,11.757808,-10.971366,-3.7131796,11.531839,-3.627077,-22.932451,9.755516,-10.551869,0.48730174,-2.779388,-2.8650746,11.462967,-4.861781,15.21297,-37.7587,73.40866,6.533846,-1.7624949,0.5038736,-0.27757123,-11.449851,24.138014,68.750984,-15.894828,-6.326634,16.518042
966,2.162381172,-27.02597618,78.3,-1.120158897,-9.478645828,-91.52247318,8.814998,5.92301,9.89065,11.742768,-10.975547,-3.725706,11.570065,-3.6269114,-22.965815,9.742239,-10.588764,0.47569942,-2.7712047,-2.870688,11.476331,-4.8728642,15.217353,-37.771427,73.39351,6.5155525,-1.7665198,0.50046355,-0.2800772,-11.449279,24.140224,68.76237,-15.899208,-6.323158,16.519987
967,2.15561223,-27.03769875,78.3,-1.113569719,-9.477785949,-91.50144268,8.826981,5.91454,9.870431,11.728644,-10.979594,-3.7363634,11.602784,-3.6273766,-22.998693,9.731271,-10.625709,0.4629569,-2.7608478,-2.8769145,11.484813,-4.8844695,15.221208,-37.789112,73.37984,6.4979863,-1.7701795,0.49572396,-0.28053096,-11.449386,24.147594,68.77001,-15.896484,-6.3164024,16.521729
968,2.146223307,-27.04163551,78.3,-1.109131894,-9.470659076,-91.48193597,8.827704,5.9081445,9.851511,11.7220545,-10.981163,-3.7421734,11.622333,-3.6287172,-23.027527,9.7233095,-10.649859,0.45829275,-2.7541766,-2.8794286,11.485742,-4.8908653,15.22294,-37.798805,73.36481,6.4961042,-1.7727182,0.48845875,-0.2816922,-11.449564,24.152857,68.77093,-15.901371,-6.3055773,16.524452
969,2.139627218,-27.04803085,78.3,-1.106442919,-9.457307022,-91.4627692,8.815519,5.9043527,9.831506,11.724029,-10.975848,-3.7401214,11.62901,-3.630203,-23.053831,9.712803,-10.651361,0.46547672,-2.7495043,-2.8785577,11.479534,-4.8956103,15.225213,-37.812347,73.34799,6.505479,-1.7713244,0.47637972,-0.28733152,-11.449807,24.160576,68.76512,-15.907366,-6.2845845,16.528067
970,2.133478165,-27.06139946,78.3,-1.104113661,-9.437773947,-91.44432375,8.791487,5.9027567,9.811272,11.734533,-10.967627,-3.7325249,11.62489,-3.6313057,-23.07849,9.700749,-10.638655,0.4788965,-2.7463133,-2.8744385,11.4658785,-4.896742,15.227738,-37.827774,73.32771,6.5228786,-1.767297,0.46113458,-0.2955168,-11.449876,24.17033,68.75495,-15.913459,-6.2564898,16.532549
971,2.130156517,-27.07482529,78.3,-1.101051757,-9.418794682,-91.42719384,8.771543,5.9004054,9.794419,11.739364,-10.958488,-3.7245383,11.618373,-3.6339345,-23.099182,9.69246,-10.625313,0.49500474,-2.744785,-2.8717418,11.453371,-4.8975987,15.229064,-37.835472,73.31091,6.5472655,-1.7652404,0.44560236,-0.30370352,-11.449789,24.175806,68.74224,-15.926366,-6.2327437,16.53579
972,2.125367165,-27.08853722,78.3,-1.101533281,-9.402680249,-91.40864279,8.757086,5.899837,9.779653,11.742529,-10.959118,-3.7216942,11.619351,-3.6325579,-23.118126,9.678842,-10.617362,0.5094299,-2.7466636,-2.8666713,11.441378,-4.8934355,15.229667,-37.83995,73.291374,6.562081,-1.7632806,0.43180776,-0.30958244,-11.4496,24.17956,68.72977,-15.937125,-6.2172604,16.534311
973,2.123671532,-27.10698318,78.3,-1.103988178,-9.395699646,-91.39030733,8.761135,5.9006042,9.77288,11.735759,-10.973455,-3.726723,11.634792,-3.627576,-23.131065,9.662948,-10.621702,0.5237445,-2.7542772,-2.8628697,11.433774,-4.8840575,15.22995,-37.839794,73.27676,6.559626,-1.7661052,0.42181417,-0.3092622,-11.449378,24.178375,68.71731,-15.952695,-6.220287,16.523129
974,2.121581793,-27.12116241,78.3,-1.108299501,-9.394350743,-91.37207168,8.777456,5.9023457,9.771685,11.721132,-10.996005,-3.736287,11.659853,-3.6195202,-23.139654,9.642251,-10.630275,0.53930336,-2.7648284,-2.8582177,11.429357,-4.869791,15.229711,-37.834007,73.2625,6.550093,-1.7712777,0.41331074,-0.30295715,-11.44911,24.171204,68.700294,-15.972147,-6.234748,16.505657
975,2.116634607,-27.13513756,78.3,-1.113179574,-9.391979003,-91.35389536,8.79387,5.9030323,9.769402,11.703914,-11.016871,-3.746659,11.682987,-3.6120856,-23.147585,9.622212,-10.639506,0.55198723,-2.7728374,-2.8552449,11.425924,-4.858216,15.228659,-37.82524,73.25048,6.5452237,-1.7770759,0.40571845,-0.29910833,-11.448968,24.161674,68.686424,-15.990396,-6.2516794,16.490957
976,2.115494967,-27.14696884,78.3,-1.113578718,-9.383311199,-91.33542475,8.798353,5.900912,9.758845,11.691113,-11.02731,-3.754031,11.694311,-3.6091866,-23.158728,9.607779,-10.6457815,0.55810755,-2.774128,-2.854023,11.424119,-4.854601,15.227172,-37.8203,73.237595,6.5545764,-1.7809802,0.3997892,-0.30507225,-11.449308,24.159252,68.680725,-16.00198,-6.263378,16.48604
977,2.110472202,-27.15915108,78.3,-1.11093515,-9.360863905,-91.31655371,8.779226,5.8949924,9.736089,11.686036,-11.02167,-3.7569563,11.681078,-3.6125624,-23.173418,9.603143,-10.646753,0.5516556,-2.7671504,-2.8562207,11.417636,-4.8654165,15.224783,-37.822407,73.23031,6.578833,-1.7835604,0.39628452,-0.33539316,-11.450608,24.181087,68.70044,-15.988723,-6.2690787,16.49958
978,2.106995583,-27.16749573,78.3,-1.103657327,-9.328659639,-91.29793687,8.743434,5.885888,9.705737,11.687346,-11.007301,-3.757444,11.646728,-3.6226091,-23.18909,9.614351,-10.649812,0.53648144,-2.757966,-2.8625278,11.402646,-4.8819695,15.221197,-37.832382,73.228874,6.6056156,-1.7855675,0.39577737,-0.38089538,-11.453285,24.231783,68.73949,-15.950649,-6.271914,16.523396
979,2.100473166,-27.18074608,78.3,-1.096290544,-9.298013507,-91.27919437,8.708891,5.876026,9.673318,11.689558,-10.991217,-3.7573943,11.615467,-3.6335387,-23.207317,9.62411,-10.652168,0.5226487,-2.747095,-2.8698719,11.391043,-4.9001336,15.218277,-37.84455,73.22644,6.6361074,-1.7868443,0.39493445,-0.42352766,-11.455879,24.279638,68.77193,-15.91184,-6.2699103,16.546516
980,2.097218037,-27.19204712,78.3,-1.090774879,-9.279508795,-91.2605771,8.690893,5.8672338,9.644772,11.690098,-10.981686,-3.7586136,11.605531,-3.6421952,-23.228546,9.626389,-10.657219,0.5204842,-2.7600398,-2.8758423,11.378179,-4.9033546,15.211092,-37.852608,73.225945,6.650857,-1.7876121,0.39452952,-0.46158764,-11.460874,24.35522,68.79515,-15.859931,-6.259387,16.552101
981,2.092481136,-27.20687103,78.3,-1.083974526,-9.281457267,-91.24179019,8.700427,5.859445,9.6207485,11.687478,-10.980719,-3.7617955,11.63175,-3.6475642,-23.25589,9.61393,-10.665154,0.536496,-2.7661278,-2.8827925,11.390521,-4.908859,15.208585,-37.863117,73.217636,6.6693325,-1.7868128,0.3888036,-0.47396532,-11.462446,24.375584,68.77515,-15.840183,-6.2354875,16.537481
982,2.086842537,-27.2172184,78.3,-1.077136955,-9.295301528,-91.22321514,8.725653,5.8520117,9.59876,11.684176,-10.984415,-3.7659433,11.678479,-3.6517603,-23.287668,9.594746,-10.675554,0.5637743,-2.7781658,-2.8898015,11.411027,-4.9099708,15.2070875,-37.87643,73.20753,6.682356,-1.7850072,0.38116595,-0.47673962,-11.4630375,24.389591,68.73739,-15.821853,-6.201759,16.508755
983,2.081222057,-27.23352623,78.3,-1.072330849,-9.312244596,-91.20422706,8.755944,5.8455977,9.578112,11.678975,-10.990267,-3.7703044,11.733973,-3.6526544,-23.319695,9.565783,-10.681978,0.5930832,-2.7911859,-2.8960555,11.430506,-4.911995,15.204381,-37.902843,73.201096,6.682399,-1.7827381,0.3736741,-0.47320673,-11.463939,24.407927,68.69515,-15.803378,-6.1687417,16.47632
984,2.076262236,-27.24931335,78.3,-1.069759858,-9.315321169,-91.18813655,8.771221,5.840343,9.561423,11.674819,-10.997853,-3.773973,11.7641735,-3.6546829,-23.34356,9.552172,-10.690948,0.6145564,-2.7996082,-2.8987327,11.436517,-4.9134097,15.2026615,-37.91864,73.19344,6.6885056,-1.7834101,0.36235127,-0.47766733,-11.464478,24.41585,68.67293,-15.80282,-6.1576357,16.46092
985,2.073882103,-27.2596302,78.3,-1.070187241,-9.306928758,-91.17341179,8.775781,5.8374977,9.548823,11.667761,-11.00776,-3.7764344,11.777947,-3.6529844,-23.359634,9.539458,-10.693783,0.62713814,-2.8055167,-2.8964715,11.432682,-4.9169397,15.201886,-37.929016,73.18622,6.693936,-1.7863425,0.34611234,-0.48970276,-11.464895,24.42051,68.66993,-15.821963,-6.1717787,16.463604
986,2.069262743,-27.27519608,78.3,-1.075438249,-9.291732106,-91.1568804,8.773697,5.837598,9.536619,11.659679,-11.020458,-3.778282,11.789336,-3.6445763,-23.37393,9.512344,-10.685499,0.6354849,-2.8087435,-2.8821898,11.416839,-4.9242783,15.195594,-37.96911,73.182884,6.675596,-1.7905254,0.32474953,-0.52547115,-11.468449,24.427645,68.71173,-15.847168,-6.214351,16.478556
987,2.074252844,-27.2949543,78.3,-1.079323696,-9.269897514,-91.14359579,8.764049,5.8367796,9.527041,11.652602,-11.032377,-3.7803884,11.783384,-3.6406195,-23.382273,9.502952,-10.684599,0.63895065,-2.8098497,-2.8703535,11.396929,-4.932402,15.189757,-37.989017,73.18055,6.668859,-1.7967271,0.3061456,-0.55336386,-11.472059,24.425182,68.743675,-15.880976,-6.256233,16.498707
988,2.075217247,-27.3125267,78.3,-1.080512697,-9.246095977,-91.13070314,8.751245,5.8331356,9.515012,11.644926,-11.037541,-3.7838624,11.772512,-3.6408267,-23.389112,9.499242,-10.688575,0.6374834,-2.8107598,-2.8624692,11.376543,-4.940998,15.185953,-38.005074,73.17788,6.6574817,-1.8034196,0.29845408,-0.57669944,-11.474534,24.426495,68.76663,-15.899073,-6.2819552,16.513885
989,2.072689056,-27.33270836,78.3,-1.076661784,-9.217985065,-91.1194127,8.731946,5.825262,9.498929,11.636841,-11.031772,-3.79028,11.750822,-3.6472104,-23.39145,9.503948,-10.699196,0.62506914,-2.8082845,-2.860162,11.35315,-4.948443,15.182909,-38.020084,73.172646,6.639445,-1.811355,0.30788973,-0.589328,-11.476463,24.431908,68.773575,-15.894295,-6.2820697,16.521688
990,2.070192337,-27.35112381,78.3,-1.068390323,-9.183723171,-91.11005477,8.705531,5.8140545,9.481316,11.627661,-11.018601,-3.7985642,11.71484,-3.6595075,-23.388468,9.521345,-10.716772,0.60386145,-2.8013601,-2.8595135,11.320153,-4.958953,15.178166,-38.048504,73.17331,6.6005216,-1.8214605,0.32949752,-0.59862226,-11.478789,24.44465,68.78096,-15.867055,-6.2695885,16.527517
991,2.069954157,-27.36485672,78.3,-1.061017045,-9.152129979,-91.09881973,8.681618,5.803349,9.462406,11.618672,-11.005417,-3.8062594,11.686645,-3.6699445,-23.389414,9.530575,-10.731348,0.58563626,-2.792776,-2.8583949,11.288405,-4.970656,15.1709795,-38.07865,73.17631,6.562943,-1.8284249,0.3556297,-0.6010791,-11.481701,24.4582,68.7816,-15.835529,-6.2527075,16.529667
992,2.06864357,-27.38007927,78.3,-1.055022405,-9.127908867,-91.08429343,8.664773,5.7952557,9.444429,11.612811,-11.000048,-3.8104224,11.673599,-3.6770513,-23.400352,9.533827,-10.743756,0.58201486,-2.788227,-2.8589275,11.265501,-4.9850817,15.1673565,-38.094296,73.18256,6.5407057,-1.8325264,0.37369537,-0.6054062,-11.482882,24.467602,68.78063,-15.813537,-6.243778,16.53139
993,2.067857504,-27.39669418,78.3,-1.056108219,-9.115558542,-91.0624923,8.660833,5.792474,9.4262705,11.609653,-11.006997,-3.8098123,11.689974,-3.6750991,-23.430424,9.515688,-10.746333,0.60108715,-2.7890887,-2.8562274,11.253289,-5.0031447,15.16368,-38.10745,73.19373,6.5312924,-1.828635,0.38469818,-0.6113644,-11.483709,24.478458,68.779396,-15.793391,-6.245272,16.530693
994,2.064078569,-27.40712166,78.3,-1.059197626,-9.111042204,-91.03571234,8.664591,5.7931094,9.407599,11.608146,-11.020669,-3.8059998,11.726144,-3.6671612,-23.473362,9.481862,-10.741368,0.6349131,-2.794168,-2.8520064,11.249197,-5.0203967,15.160287,-38.11057,73.203865,6.537528,-1.8187739,0.39250815,-0.6183549,-11.484188,24.486961,68.7768,-15.777206,-6.2516046,16.527685
995,2.059586525,-27.42200279,78.3,-1.061002231,-9.108949253,-91.01028874,8.671493,5.7923794,9.390654,11.607166,-11.035212,-3.8009667,11.763373,-3.6615844,-23.514576,9.453833,-10.740678,0.6715106,-2.7985656,-2.8485303,11.247321,-5.0363445,15.158072,-38.109447,73.212654,6.545112,-1.8079013,0.39825442,-0.62584865,-11.484481,24.494162,68.77444,-15.769241,-6.2592316,16.523445
996,2.053107023,-27.44074249,78.3,-1.060948137,-9.107308748,-90.98888081,8.678758,5.78849,9.374593,11.607171,-11.044965,-3.7970283,11.79642,-3.660057,-23.542784,9.430722,-10.745138,0.6989702,-2.799424,-2.8463283,11.247024,-5.053689,15.155444,-38.107212,73.222046,6.54272,-1.8004335,0.40294036,-0.634087,-11.484894,24.50438,68.77295,-15.769499,-6.2661195,16.51813
997,2.051805735,-27.46025085,78.3,-1.052827138,-9.107859591,-90.97537374,8.688323,5.777202,9.359809,11.609173,-11.046264,-3.793468,11.822805,-3.66805,-23.54973,9.418987,-10.759172,0.71544456,-2.7898052,-2.8485801,11.2470045,-5.069314,15.154876,-38.10676,73.23144,6.5241213,-1.7984807,0.40644482,-0.6413923,-11.485138,24.511642,68.774445,-15.786552,-6.272577,16.511517
998,2.053286791,-27.47502327,78.3,-1.041317305,-9.115965262,-90.96510126,8.708997,5.7597423,9.345127,11.606833,-11.040452,-3.7894177,11.855578,-3.6818879,-23.54508,9.409708,-10.778805,0.7274602,-2.7833521,-2.8570733,11.25675,-5.0951242,15.152634,-38.105232,73.25095,6.4838114,-1.7993428,0.40793237,-0.6549458,-11.48665,24.540665,68.7806,-15.8074,-6.2825065,16.498146
999,2.053490162,-27.49401855,78.3,-1.030051155,-9.117708864,-90.95676327,8.723723,5.743332,9.333559,11.601557,-11.033351,-3.7869654,11.876978,-3.6956584,-23.537066,9.406605,-10.80026,0.73362416,-2.7861252,-2.8623362,11.254288,-5.110378,15.148035,-38.094467,73.26973,6.447131,-1.8020568,0.41056442,-0.6720014,-11.490532,24.586613,68.79203,-15.817477,-6.287232,16.485876
1000,2.051929951,-27.5057888,78.3,-1.026369326,-9.105334648,-90.94539458,8.721547,5.735705,9.324628,11.596712,-11.032958,-3.7884614,11.88096,-3.7015097,-23.537386,9.4056425,-10.8171215,0.73295534,-2.777077,-2.8582735,11.243872,-5.1260476,15.14733,-38.09316,73.27683,6.4319205,-1.8010279,0.4137302,-0.6793434,-11.49167,24.595783,68.79315,-15.8316145,-6.2851024,16.479126
1001,2.050854206,-27.51449394,78.3,-1.033497372,-9.07204374,-90.9283609,8.696644,5.742087,9.320344,11.586223,-11.0400715,-3.7961707,11.862933,-3.6921878,-23.550718,9.400253,-10.823689,0.71880126,-2.7802007,-2.842532,11.216582,-5.1454954,15.146114,-38.090458,73.287766,6.4342585,-1.7988645,0.4200204,-0.6899901,-11.49377,24.605032,68.79268,-15.821559,-6.2707562,16.4772
1002,2.048451662,-27.53256798,78.3,-1.049667925,-9.023363049,-90.90822995,8.652814,5.7589893,9.319417,11.577136,-11.054457,-3.8085735,11.828267,-3.6722066,-23.570868,9.39224,-10.823856,0.6936924,-2.7895358,-2.8157597,11.176291,-5.163253,15.143559,-38.08417,73.29698,6.453168,-1.7958455,0.4288047,-0.70018405,-11.497576,24.608805,68.788666,-15.800146,-6.2470517,16.480488
1003,2.047601938,-27.54995537,78.3,-1.06580194,-8.974962541,-90.88790153,8.610971,5.7746882,9.317752,11.56317,-11.066244,-3.821197,11.7937565,-3.6528482,-23.593735,9.383167,-10.822229,0.6711721,-2.7932904,-2.7901714,11.135868,-5.1806145,15.14303,-38.08316,73.302826,6.476925,-1.7920289,0.43462843,-0.70828205,-11.498846,24.60679,68.78597,-15.776742,-6.2240834,16.48256
1004,2.041898012,-27.56039429,78.3,-1.073866975,-8.938024411,-90.86911978,8.579364,5.7819676,9.308867,11.555965,-11.075047,-3.8299892,11.774059,-3.6413522,-23.616768,9.369278,-10.820161,0.66415024,-2.7870388,-2.7697997,11.111243,-5.2107897,15.141555,-38.08795,73.31175,6.494561,-1.7904402,0.4291588,-0.7166046,-11.503617,24.603745,68.78211,-15.754555,-6.212558,16.482645
1005,2.044757843,-27.58394241,78.3,-1.070751562,-8.922747271,-90.85416317,8.573489,5.7733536,9.291003,11.546603,-11.072856,-3.8336997,11.779577,-3.6446571,-23.639395,9.352331,-10.82006,0.682042,-2.7694707,-2.7618027,11.105659,-5.2460427,15.140792,-38.102318,73.32215,6.5041556,-1.7912595,0.40810317,-0.72268164,-11.510345,24.610373,68.778366,-15.72612,-6.217932,16.476019
1006,2.043867588,-27.59380722,78.3,-1.058272991,-8.918141129,-90.84174141,8.578921,5.755562,9.267083,11.539452,-11.065854,-3.8346229,11.795983,-3.6573467,-23.662899,9.337064,-10.821963,0.715705,-2.7493331,-2.7603967,11.109525,-5.277496,15.1412,-38.113747,73.326546,6.518164,-1.7927147,0.37767532,-0.73294854,-11.515053,24.619507,68.7809,-15.700229,-6.233018,16.46558
1007,2.042099237,-27.60547066,78.3,-1.04667421,-8.916399636,-90.82818412,8.587938,5.7357836,9.241434,11.530735,-11.056808,-3.833399,11.81715,-3.671276,-23.686432,9.317851,-10.8225,0.75172216,-2.7224462,-2.7605343,11.1184635,-5.319385,15.142284,-38.13225,73.333664,6.5230823,-1.7947206,0.34370434,-0.7420321,-11.5229025,24.63562,68.78469,-15.668572,-6.2508764,16.454775
1008,2.037895203,-27.61109734,78.3,-1.037205483,-8.907520364,-90.81158548,8.586648,5.7218666,9.218905,11.524,-11.051646,-3.8307106,11.830035,-3.6796954,-23.70739,9.298531,-10.822944,0.7764347,-2.6912944,-2.757834,11.121911,-5.36719,15.143647,-38.15156,73.34042,6.51767,-1.7961565,0.3177656,-0.74408674,-11.531757,24.654636,68.7868,-15.642548,-6.260354,16.447405
1009,2.031067133,-27.62348938,78.3,-1.035480359,-8.886389016,-90.79076703,8.5685,5.716115,9.202863,11.522606,-11.054849,-3.82315,11.826762,-3.6817732,-23.721909,9.285555,-10.827806,0.78531337,-2.658958,-2.7477424,11.113896,-5.409304,15.145464,-38.16349,73.33406,6.5075393,-1.7925619,0.30452326,-0.7365225,-11.542871,24.670765,68.78537,-15.633874,-6.256575,16.44398
1010,2.02847147,-27.63695335,78.3,-1.037132135,-8.859200697,-90.76721954,8.540549,5.7146554,9.190009,11.525838,-11.063249,-3.811534,11.814642,-3.6811137,-23.732206,9.277109,-10.83608,0.7859093,-2.624724,-2.7337997,11.102048,-5.448837,15.14765,-38.165653,73.317535,6.497788,-1.7861959,0.29733205,-0.7249157,-11.554504,24.68451,68.78388,-15.637909,-6.2463713,16.443151
1011,2.02574563,-27.64918137,78.3,-1.037561991,-8.828965214,-90.74256375,8.508232,5.7143655,9.175542,11.52868,-11.070272,-3.8027759,11.797359,-3.679854,-23.74479,9.271465,-10.843736,0.7826595,-2.587729,-2.7195227,11.088771,-5.491272,15.149987,-38.163895,73.29803,6.4888515,-1.7806184,0.29424885,-0.71602106,-11.564705,24.701393,68.79117,-15.650172,-6.234669,16.444878
1012,2.022796392,-27.65592003,78.3,-1.039302984,-8.798277792,-90.71787523,8.477116,5.7125063,9.154518,11.525718,-11.069783,-3.8038187,11.779508,-3.6795456,-23.766726,9.264311,-10.845282,0.77977824,-2.550305,-2.7075522,11.075603,-5.533864,15.154712,-38.158096,73.27459,6.4839053,-1.7786455,0.29374152,-0.71086025,-11.581557,24.735518,68.80726,-15.65912,-6.225101,16.449694
1013,2.018954039,-27.66386223,78.3,-1.038199372,-8.768452651,-90.69579238,8.449745,5.708889,9.124054,11.513456,-11.056114,-3.822625,11.760591,-3.680692,-23.801924,9.258027,-10.837389,0.7754341,-2.49463,-2.7001755,11.065279,-5.5877633,15.157524,-38.160927,73.254036,6.489594,-1.7805659,0.29399925,-0.7125381,-11.588362,24.76867,68.84437,-15.680135,-6.21989,16.456371
1014,2.013973236,-27.67478561,78.3,-1.037007556,-8.73791541,-90.67513234,8.423726,5.7050405,9.087771,11.494431,-11.034017,-3.8534884,11.739794,-3.6817148,-23.84562,9.251677,-10.8226595,0.7682483,-2.4443512,-2.6967583,11.050788,-5.6437864,15.164294,-38.163296,73.23573,6.488536,-1.7870106,0.2951041,-0.72036314,-11.601805,24.8495,68.89498,-15.684053,-6.215817,16.463127
1015,2.008619308,-27.68518829,78.3,-1.035486347,-8.704943177,-90.65059018,8.392926,5.6998224,9.048514,11.477195,-11.012718,-3.882745,11.716795,-3.683779,-23.893103,9.244843,-10.808986,0.76365745,-2.4056673,-2.694203,11.032024,-5.6862745,15.173664,-38.152836,73.2041,6.4870386,-1.7941096,0.30404985,-0.73216426,-11.61623,24.937714,68.9511,-15.684883,-6.2099833,16.47348
1016,2.005531788,-27.69443703,78.3,-1.033904924,-8.668753943,-90.61891168,8.354945,5.692976,9.011266,11.465554,-10.999797,-3.8970757,11.693982,-3.6861756,-23.93794,9.23125,-10.8008,0.76672846,-2.3825388,-2.6917439,11.011332,-5.718562,15.1864805,-38.125656,73.16187,6.4821734,-1.8015274,0.32324696,-0.74562347,-11.631428,25.008057,69.004105,-15.689693,-6.2035236,16.489832
1017,2.001164913,-27.70685768,78.3,-1.032579116,-8.626246326,-90.57486934,8.30644,5.6827087,8.977164,11.458392,-10.999596,-3.8882387,11.6708975,-3.6894503,-23.980682,9.208658,-10.804251,0.7842076,-2.3588884,-2.6904118,10.982494,-5.758506,15.191016,-38.112724,73.12967,6.4602013,-1.8089492,0.3609145,-0.74916226,-11.635503,25.020672,69.05459,-15.708968,-6.195804,16.513744
1018,1.995928168,-27.70892715,78.3,-1.032148658,-8.57905216,-90.52055323,8.245927,5.672552,8.9420595,11.462031,-11.011382,-3.8652413,11.650472,-3.6899045,-24.025076,9.171397,-10.810292,0.81119895,-2.3631353,-2.6887932,10.953816,-5.786638,15.202437,-38.07413,73.08143,6.4328756,-1.818523,0.40915307,-0.76407397,-11.64292,25.030869,69.107185,-15.724201,-6.1880527,16.546282
1019,1.995572209,-27.71963692,78.3,-1.02999442,-8.532474806,-90.46759371,8.187147,5.659607,8.908623,11.463232,-11.019811,-3.8392415,11.62616,-3.6946177,-24.065722,9.141735,-10.819037,0.83681417,-2.3552675,-2.6903095,10.920319,-5.819527,15.210829,-38.046795,73.04413,6.398968,-1.8282279,0.46155918,-0.76980376,-11.646473,25.02354,69.15771,-15.743587,-6.1790013,16.577768
1020,1.993998885,-27.72553635,78.3,-1.02500467,-8.493473694,-90.42400674,8.138493,5.645139,8.87555,11.463417,-11.018547,-3.8219829,11.599285,-3.7040343,-24.100378,9.127606,-10.823274,0.8497121,-2.3296132,-2.6931982,10.891485,-5.851007,15.21397,-38.02638,73.00836,6.371126,-1.8345413,0.50908345,-0.77177525,-11.647582,25.015678,69.204475,-15.766948,-6.1668854,16.601213
1021,1.995649695,-27.73493767,78.3,-1.017760109,-8.464016769,-90.39907623,8.101251,5.6301284,8.846083,11.467483,-11.003631,-3.8172047,11.564028,-3.7198856,-24.121222,9.137695,-10.81844,0.84173274,-2.293268,-2.6970887,10.888616,-5.881658,15.226625,-37.953583,72.9564,6.382285,-1.8407959,0.54247665,-0.7975668,-11.651479,25.002562,69.25513,-15.81833,-6.1549015,16.625355
1022,2.000535488,-27.73625946,78.3,-1.007386263,-8.441951938,-90.38653429,8.074415,5.6132536,8.820368,11.469999,-10.977866,-3.818508,11.5234165,-3.741618,-24.131258,9.1641655,-10.808258,0.8206767,-2.2286851,-2.7037437,10.878231,-5.9150867,15.232035,-37.91231,72.92048,6.37868,-1.8449945,0.5770093,-0.80661345,-11.653458,24.99684,69.303185,-15.8638735,-6.13745,16.64155
1023,1.996434689,-27.74308586,78.3,-0.997698973,-8.420433955,-90.36955559,8.047848,5.5954175,8.789668,11.470376,-10.949731,-3.822367,11.48603,-3.763402,-24.146915,9.189977,-10.798397,0.79865074,-2.168629,-2.7117476,10.866191,-5.946182,15.235843,-37.870697,72.889305,6.375734,-1.8476303,0.60807955,-0.8136704,-11.6551485,24.987906,69.345726,-15.9021015,-6.1212344,16.65177
1024,1.995815158,-27.75250435,78.3,-0.989636801,-8.392191865,-90.33163346,8.010409,5.576992,8.745554,11.468407,-10.927291,-3.825099,11.454853,-3.7823527,-24.184147,9.206501,-10.79752,0.7877564,-2.1432476,-2.7207894,10.855797,-5.9707437,15.241368,-37.80569,72.85538,6.389043,-1.84903,0.63228595,-0.8279825,-11.6574955,24.969162,69.37523,-15.930236,-6.111013,16.656317
1025,1.990217924,-27.76315308,78.3,-0.986890237,-8.351453653,-90.26201077,7.9536386,5.5609493,8.681152,11.46251,-10.91293,-3.827503,11.438526,-3.7901464,-24.254635,9.189182,-10.79902,0.7923672,-2.1692085,-2.7299175,10.841314,-5.976571,15.256417,-37.703167,72.80503,6.4178276,-1.8488642,0.6479444,-0.8460294,-11.662073,24.941095,69.3858,-15.936838,-6.1083107,16.65204
1026,1.980871916,-27.76511955,78.3,-0.989360274,-8.302449375,-90.17148594,7.883333,5.5458446,8.602519,11.455067,-10.902957,-3.8308706,11.428815,-3.7921622,-24.347425,9.15597,-10.803906,0.80559033,-2.198772,-2.7413192,10.803006,-5.9907694,15.263568,-37.65109,72.78382,6.4161253,-1.8461924,0.6631378,-0.8390014,-11.663307,24.906454,69.38209,-15.90794,-6.1082215,16.633501
1027,1.980038881,-27.76950836,78.3,-0.991478601,-8.257820254,-90.07537343,7.8170614,5.5296397,8.519339,11.448182,-10.8952265,-3.8331761,11.430465,-3.7935655,-24.44565,9.116179,-10.810297,0.82258576,-2.2389803,-2.753897,10.77743,-6.000698,15.274686,-37.58843,72.75756,6.428676,-1.8425382,0.67167276,-0.8366838,-11.664111,24.853714,69.36667,-15.888279,-6.1124105,16.615522
1028,1.97284627,-27.77593422,78.3,-0.988887084,-8.229413061,-89.98907322,7.7711525,5.510308,8.441564,11.44464,-10.88809,-3.8325572,11.443896,-3.8003619,-24.532597,9.087163,-10.820851,0.8382007,-2.2729063,-2.7703006,10.763481,-6.0071826,15.285724,-37.553112,72.73982,6.433083,-1.8371347,0.6789086,-0.8399488,-11.664974,24.81177,69.35205,-15.871592,-6.1173325,16.59992
1029,1.971009612,-27.78381729,78.3,-0.979787511,-8.224364826,-89.92317468,7.756344,5.485655,8.377621,11.443512,-10.879878,-3.8270469,11.470271,-3.8172581,-24.595974,9.07853,-10.839332,0.85276866,-2.2991776,-2.7911465,10.757598,-6.0095186,15.288295,-37.55,72.74743,6.421066,-1.8312182,0.68870926,-0.848265,-11.665507,24.802053,69.34271,-15.847491,-6.1188045,16.58583
1030,1.966717243,-27.78800201,78.3,-0.967312012,-8.23642047,-89.85341633,7.757311,5.4554634,8.305687,11.449587,-10.873133,-3.8171139,11.518617,-3.8390753,-24.662066,9.069235,-10.860545,0.8700103,-2.3363564,-2.8181374,10.776799,-6.013253,15.290664,-37.55267,72.75857,6.413504,-1.8226032,0.69828945,-0.86719984,-11.666351,24.78693,69.32616,-15.832692,-6.123877,16.576014
1031,1.96668601,-27.80360603,78.3,-0.956750802,-8.253540746,-89.78797718,7.7643776,5.4286556,8.237956,11.4594345,-10.869971,-3.808066,11.574673,-3.8566468,-24.723627,9.053016,-10.876643,0.8847304,-2.3534737,-2.8410757,10.806139,-6.02299,15.299231,-37.58664,72.77038,6.4019156,-1.8141632,0.6993673,-0.8831737,-11.670682,24.746243,69.30028,-15.833459,-6.1338735,16.569725
1032,1.96191895,-27.81294823,78.3,-0.949361913,-8.259757912,-89.71973933,7.761688,5.4047556,8.171232,11.463532,-10.865996,-3.8026407,11.615801,-3.8726394,-24.788544,9.044145,-10.892827,0.8946706,-2.3870976,-2.8621576,10.81414,-6.0194225,15.302819,-37.612118,72.79037,6.3994055,-1.8073883,0.6912923,-0.89968306,-11.673485,24.729307,69.27949,-15.83979,-6.1482124,16.559973
1033,1.960822582,-27.82713127,78.3,-0.94976147,-8.251515839,-89.64465044,7.744657,5.3887353,8.103932,11.466208,-10.86579,-3.8019652,11.6434355,-3.8806179,-24.861845,9.03231,-10.901485,0.8963746,-2.4232593,-2.8760688,10.803739,-6.0112944,15.306435,-37.64916,72.81514,6.40692,-1.8021961,0.66699886,-0.9108153,-11.677572,24.707226,69.25643,-15.875011,-6.1768956,16.550581
1034,1.961433649,-27.84505272,78.3,-0.951642216,-8.236390894,-89.56789229,7.7243605,5.376266,8.038879,11.463552,-10.866608,-3.8039784,11.661158,-3.8863885,-24.937525,9.026727,-10.909228,0.8923866,-2.4716702,-2.8892174,10.784079,-5.9959807,15.308111,-37.674828,72.84746,6.434808,-1.7983552,0.6309585,-0.9264716,-11.68085,24.695728,69.23273,-15.92929,-6.2126365,16.539816
1035,1.958597779,-27.85654449,78.3,-0.957025922,-8.21925771,-89.48743918,7.6957626,5.3662076,7.969402,11.467582,-10.869345,-3.8085525,11.682217,-3.887102,-25.01675,9.008278,-10.910317,0.8880773,-2.504484,-2.8954835,10.759377,-5.9828415,15.310273,-37.742065,72.87972,6.4390697,-1.7943813,0.59179276,-0.9302605,-11.688496,24.664427,69.20609,-15.980759,-6.250224,16.530298
1036,1.954883099,-27.86805916,78.3,-0.956323974,-8.207030577,-89.41213324,7.6736555,5.349029,7.902105,11.460532,-10.862754,-3.8149621,11.69938,-3.8968217,-25.087729,9.002814,-10.920394,0.8894847,-2.5492122,-2.9094691,10.747317,-5.9665995,15.310423,-37.774925,72.9108,6.452782,-1.7931129,0.5599146,-0.9511834,-11.692994,24.653542,69.18285,-15.995046,-6.265333,16.516088
1037,1.95256114,-27.87687683,78.3,-0.953705587,-8.198854427,-89.33533217,7.6466484,5.3263288,7.8271027,11.453555,-10.849242,-3.8272488,11.724967,-3.90774,-25.156742,8.981689,-10.927643,0.8977209,-2.5614727,-2.9196973,10.7408495,-5.9672885,15.307493,-37.874374,72.947014,6.4058084,-1.7938023,0.541216,-0.95797676,-11.703871,24.618126,69.153854,-15.951431,-6.2548423,16.500908
1038,1.952395797,-27.88694,78.3,-0.944616169,-8.192884299,-89.26054454,7.6205535,5.2974415,7.7509785,11.43706,-10.82681,-3.8440976,11.74736,-3.9250402,-25.22081,8.9676485,-10.941656,0.9102179,-2.5950997,-2.935541,10.742614,-5.958236,15.3034115,-37.936928,72.979485,6.364874,-1.7982769,0.5292395,-0.99162155,-11.709567,24.60826,69.14004,-15.871224,-6.2224975,16.480867
1039,1.949298024,-27.89708328,78.3,-0.93571134,-8.190561628,-89.18845222,7.5974154,5.268783,7.676906,11.423452,-10.805011,-3.8582668,11.772386,-3.9428182,-25.282188,8.953895,-10.955555,0.92552805,-2.619452,-2.9492066,10.745903,-5.951173,15.294311,-38.01089,73.014046,6.3205085,-1.8003336,0.5169943,-1.0213403,-11.715891,24.59507,69.12696,-15.783554,-6.1909604,16.459625
1040,1.947222114,-27.90593719,78.3,-0.9289703,-8.193498446,-89.1221974,7.582286,5.2446113,7.6107717,11.418428,-10.789415,-3.8623607,11.801481,-3.9590733,-25.340126,8.942542,-10.966819,0.9425402,-2.648415,-2.96494,10.753449,-5.936743,15.2888565,-38.05359,73.04117,6.3085237,-1.7975179,0.49305016,-1.0498117,-11.718432,24.586428,69.11375,-15.72442,-6.179849,16.438927
1041,1.94509232,-27.91530991,78.3,-0.924017099,-8.207082146,-89.06330044,7.58061,5.2284527,7.5547905,11.431808,-10.787254,-3.8505108,11.846067,-3.9694629,-25.393543,8.92424,-10.9712105,0.9641535,-2.6609447,-2.9749038,10.765157,-5.92188,15.280086,-38.10448,73.06539,6.318485,-1.7835324,0.45312464,-1.0664772,-11.721157,24.564053,69.103355,-15.70019,-6.204636,16.417522
1042,1.939382911,-27.92975044,78.3,-0.918961651,-8.228321399,-89.01048966,7.5888257,5.2160726,7.5063663,11.455003,-10.791945,-3.8277795,11.89668,-3.9794512,-25.442009,8.910389,-10.975563,0.9900589,-2.6600416,-2.9819655,10.783082,-5.9098454,15.267769,-38.154507,73.08966,6.3487806,-1.7622975,0.40266,-1.073353,-11.724133,24.526133,69.09029,-15.70027,-6.2507033,16.395731
1043,1.934720039,-27.93154335,78.3,-0.915849201,-8.248315861,-88.95936083,7.5948095,5.2053914,7.4598308,11.480784,-10.797077,-3.803576,11.945507,-3.9880738,-25.491533,8.895557,-10.976859,1.0137813,-2.659466,-2.9869618,10.799431,-5.8937874,15.254234,-38.19493,73.10735,6.3878617,-1.7408137,0.3525152,-1.0811694,-11.726681,24.489367,69.07866,-15.710001,-6.2987247,16.378124
1044,1.933113694,-27.94244385,78.3,-0.911943727,-8.257682572,-88.90820645,7.58939,5.192266,7.4125137,11.494261,-10.7923155,-3.7871616,11.975166,-3.9995403,-25.545355,8.891779,-10.980644,1.0286202,-2.6741822,-2.9979076,10.807942,-5.8698606,15.250346,-38.208813,73.114586,6.425327,-1.7286601,0.31186086,-1.0956682,-11.727241,24.480814,69.06049,-15.709919,-6.326058,16.368822
1045,1.929859281,-27.94905663,78.3,-0.911439193,-8.251777476,-88.85007653,7.559087,5.1787796,7.355993,11.504444,-10.779963,-3.7832274,11.988406,-4.0073996,-25.613409,8.88192,-10.977256,1.0297091,-2.6848624,-2.9996681,10.798645,-5.8402944,15.242358,-38.2384,73.10747,6.4436007,-1.7232921,0.2907538,-1.1169534,-11.727576,24.469467,69.05444,-15.707044,-6.3314056,16.374256
1046,1.92949152,-27.96010017,78.3,-0.910471555,-8.236191324,-88.79331853,7.517279,5.164853,7.2999854,11.506459,-10.75993,-3.7857854,11.985763,-4.0156612,-25.685312,8.878112,-10.972971,1.0216904,-2.694467,-3.004207,10.782082,-5.815551,15.2371645,-38.258327,73.10023,6.4577656,-1.7262615,0.27836746,-1.1358134,-11.727286,24.466892,69.03928,-15.703509,-6.3207603,16.3894
